ISO-10303-21;
HEADER;
/* Generated by software containing ST-Developer
 * from STEP Tools, Inc. (www.steptools.com) 
 */
/* OPTION: using custom schema-name function */

FILE_DESCRIPTION(
/* description */ (''),
/* implementation_level */ '2;1');

FILE_NAME(
/* name */ 'ferrrrraaa_1.stp',
/* time_stamp */ '2026-09-16T13:14:59+02:00',
/* author */ (''),
/* organization */ (''),
/* preprocessor_version */ 'ST-DEVELOPER v19.3',
/* originating_system */ 'SIEMENS PLM Software NX2212.5000',
/* authorisation */ '');

FILE_SCHEMA (('AUTOMOTIVE_DESIGN { 1 0 10303 214 3 1 1 1 }'));
ENDSEC;

DATA;
#10=CONSTRUCTIVE_GEOMETRY_REPRESENTATION_RELATIONSHIP(
'supplemental geometry','',#34,#11);
#11=CONSTRUCTIVE_GEOMETRY_REPRESENTATION('supplemental geometry',(#5822),
#9588);
#12=GEOMETRICALLY_BOUNDED_WIREFRAME_SHAPE_REPRESENTATION(
'ferrrrraaa_objects-None',(#35),#9588);
#13=PROPERTY_DEFINITION_REPRESENTATION(#17,#15);
#14=PROPERTY_DEFINITION_REPRESENTATION(#18,#16);
#15=REPRESENTATION('',(#19),#9588);
#16=REPRESENTATION('',(#20),#9588);
#17=PROPERTY_DEFINITION('pmi validation property','',#25);
#18=PROPERTY_DEFINITION('pmi validation property','',#25);
#19=VALUE_REPRESENTATION_ITEM('number of annotations',COUNT_MEASURE(0.));
#20=VALUE_REPRESENTATION_ITEM('number of views',COUNT_MEASURE(0.));
#21=SHAPE_REPRESENTATION_RELATIONSHIP('None',
'relationship between ferrrrraaa_objects-None and ferrrrraaa_objects-N
one',#34,#23);
#22=SHAPE_REPRESENTATION_RELATIONSHIP('None',
'relationship between ferrrrraaa_objects-None and ferrrrraaa_objects-N
one',#34,#12);
#23=ADVANCED_BREP_SHAPE_REPRESENTATION('ferrrrraaa_objects-None',(#1513,
#1514,#1515,#1516,#1517,#1518,#1519,#1520,#1521,#1522,#1523,#1524,#1525,
#1526,#1527,#1528,#1529,#1530,#1531,#1532,#1533,#1534,#1535,#1536,#1537,
#1538,#1539),#9588);
#24=SHAPE_DEFINITION_REPRESENTATION(#25,#34);
#25=PRODUCT_DEFINITION_SHAPE('','',#26);
#26=PRODUCT_DEFINITION(' ','',#28,#27);
#27=PRODUCT_DEFINITION_CONTEXT('part definition',#33,'design');
#28=PRODUCT_DEFINITION_FORMATION_WITH_SPECIFIED_SOURCE(' ',' ',#30,
 .NOT_KNOWN.);
#29=PRODUCT_RELATED_PRODUCT_CATEGORY('part','',(#30));
#30=PRODUCT('ferrrrraaa_objects','ferrrrraaa_objects',' ',(#31));
#31=PRODUCT_CONTEXT(' ',#33,'mechanical');
#32=APPLICATION_PROTOCOL_DEFINITION('international standard',
'automotive_design',2010,#33);
#33=APPLICATION_CONTEXT(
'core data for automotive mechanical design processes');
#34=SHAPE_REPRESENTATION('ferrrrraaa_objects-None',(#5821),#9588);
#35=GEOMETRIC_CURVE_SET('None',(#7968,#7969));
#36=(
BOUNDED_SURFACE()
B_SPLINE_SURFACE(2,3,((#8781,#8782,#8783,#8784),(#8785,#8786,#8787,#8788),
(#8789,#8790,#8791,#8792)),.UNSPECIFIED.,.F.,.F.,.F.)
B_SPLINE_SURFACE_WITH_KNOTS((3,3),(4,4),(0.,1.),(0.,1.),.UNSPECIFIED.)
GEOMETRIC_REPRESENTATION_ITEM()
RATIONAL_B_SPLINE_SURFACE(((1.,1.,1.,1.),(0.212132034355965,0.212132034355965,
0.212132034355965,0.212132034355965),(1.,1.,1.,1.)))
REPRESENTATION_ITEM('')
SURFACE()
);
#37=(
BOUNDED_SURFACE()
B_SPLINE_SURFACE(2,3,((#8898,#8899,#8900,#8901),(#8902,#8903,#8904,#8905),
(#8906,#8907,#8908,#8909)),.UNSPECIFIED.,.F.,.F.,.F.)
B_SPLINE_SURFACE_WITH_KNOTS((3,3),(4,4),(0.,1.),(0.,1.),.UNSPECIFIED.)
GEOMETRIC_REPRESENTATION_ITEM()
RATIONAL_B_SPLINE_SURFACE(((1.,1.,1.,1.),(0.212132034355965,0.212132034355965,
0.212132034355965,0.212132034355965),(1.,1.,1.,1.)))
REPRESENTATION_ITEM('')
SURFACE()
);
#38=OVER_RIDING_STYLED_ITEM('',(#5731),#1702,#5700);
#39=OVER_RIDING_STYLED_ITEM('',(#5732),#1703,#5700);
#40=OVER_RIDING_STYLED_ITEM('',(#5733),#1704,#5700);
#41=OVER_RIDING_STYLED_ITEM('',(#5734),#1705,#5700);
#42=OVER_RIDING_STYLED_ITEM('',(#5735),#1706,#5700);
#43=OVER_RIDING_STYLED_ITEM('',(#5736),#1707,#5700);
#44=OVER_RIDING_STYLED_ITEM('',(#5737),#1735,#5700);
#45=OVER_RIDING_STYLED_ITEM('',(#5738),#1736,#5700);
#46=OVER_RIDING_STYLED_ITEM('',(#5739),#1737,#5700);
#47=OVER_RIDING_STYLED_ITEM('',(#5740),#1738,#5700);
#48=OVER_RIDING_STYLED_ITEM('',(#5741),#1739,#5700);
#49=OVER_RIDING_STYLED_ITEM('',(#5742),#1740,#5700);
#50=OVER_RIDING_STYLED_ITEM('',(#5743),#1741,#5700);
#51=OVER_RIDING_STYLED_ITEM('',(#5744),#1742,#5700);
#52=OVER_RIDING_STYLED_ITEM('',(#5745),#1743,#5700);
#53=OVER_RIDING_STYLED_ITEM('',(#5746),#1744,#5700);
#54=OVER_RIDING_STYLED_ITEM('',(#5747),#1745,#5700);
#55=OVER_RIDING_STYLED_ITEM('',(#5748),#1746,#5700);
#56=OVER_RIDING_STYLED_ITEM('',(#5749),#1747,#5700);
#57=OVER_RIDING_STYLED_ITEM('',(#5750),#1748,#5700);
#58=OVER_RIDING_STYLED_ITEM('',(#5751),#1749,#5700);
#59=OVER_RIDING_STYLED_ITEM('',(#5752),#1750,#5700);
#60=OVER_RIDING_STYLED_ITEM('',(#5753),#1752,#5700);
#61=OVER_RIDING_STYLED_ITEM('',(#5754),#1753,#5700);
#62=OVER_RIDING_STYLED_ITEM('',(#5755),#1754,#5700);
#63=OVER_RIDING_STYLED_ITEM('',(#5756),#1755,#5700);
#64=OVER_RIDING_STYLED_ITEM('',(#5757),#1756,#5700);
#65=OVER_RIDING_STYLED_ITEM('',(#5758),#1757,#5700);
#66=OVER_RIDING_STYLED_ITEM('',(#5759),#1758,#5700);
#67=OVER_RIDING_STYLED_ITEM('',(#5760),#1759,#5700);
#68=OVER_RIDING_STYLED_ITEM('',(#5761),#1760,#5700);
#69=OVER_RIDING_STYLED_ITEM('',(#5762),#1761,#5700);
#70=OVER_RIDING_STYLED_ITEM('',(#5763),#1762,#5700);
#71=OVER_RIDING_STYLED_ITEM('',(#5764),#1763,#5700);
#72=OVER_RIDING_STYLED_ITEM('',(#5765),#1764,#5700);
#73=OVER_RIDING_STYLED_ITEM('',(#5766),#1765,#5700);
#74=OVER_RIDING_STYLED_ITEM('',(#5767),#1766,#5700);
#75=OVER_RIDING_STYLED_ITEM('',(#5768),#1767,#5700);
#76=OVER_RIDING_STYLED_ITEM('',(#5769),#1768,#5700);
#77=OVER_RIDING_STYLED_ITEM('',(#5770),#1769,#5700);
#78=OVER_RIDING_STYLED_ITEM('',(#5771),#1770,#5700);
#79=OVER_RIDING_STYLED_ITEM('',(#5772),#1771,#5700);
#80=OVER_RIDING_STYLED_ITEM('',(#5773),#1772,#5700);
#81=OVER_RIDING_STYLED_ITEM('',(#5774),#1773,#5700);
#82=OVER_RIDING_STYLED_ITEM('',(#5775),#1774,#5700);
#83=OVER_RIDING_STYLED_ITEM('',(#5776),#1817,#5700);
#84=OVER_RIDING_STYLED_ITEM('',(#5777),#1818,#5700);
#85=OVER_RIDING_STYLED_ITEM('',(#5778),#1819,#5700);
#86=OVER_RIDING_STYLED_ITEM('',(#5779),#1820,#5700);
#87=OVER_RIDING_STYLED_ITEM('',(#5780),#1821,#5700);
#88=OVER_RIDING_STYLED_ITEM('',(#5781),#1822,#5700);
#89=OVER_RIDING_STYLED_ITEM('',(#5782),#1823,#5700);
#90=OVER_RIDING_STYLED_ITEM('',(#5783),#1824,#5700);
#91=OVER_RIDING_STYLED_ITEM('',(#5784),#1825,#5700);
#92=OVER_RIDING_STYLED_ITEM('',(#5785),#1826,#5700);
#93=ELLIPSE('',#5990,2.29244018460679,1.621);
#94=ELLIPSE('',#5991,2.29244018460679,1.621);
#95=ELLIPSE('',#6009,2.29244018460679,1.621);
#96=ELLIPSE('',#6010,2.29244018460679,1.621);
#97=B_SPLINE_CURVE_WITH_KNOTS('',3,(#8289,#8290,#8291,#8292,#8293,#8294,
#8295,#8296,#8297,#8298,#8299,#8300,#8301,#8302,#8303,#8304,#8305,#8306,
#8307,#8308,#8309,#8310,#8311,#8312,#8313,#8314,#8315,#8316,#8317,#8318,
#8319),.UNSPECIFIED.,.F.,.F.,(4,3,3,3,3,3,3,3,3,3,4),(0.,0.107817946054163,
0.215664290537665,0.323110690330063,0.430271990096873,0.537353846243907,
0.644426270478417,0.751500409863458,0.858611548314159,0.965906228106458,
1.),.UNSPECIFIED.);
#98=B_SPLINE_CURVE_WITH_KNOTS('',3,(#8327,#8328,#8329,#8330,#8331,#8332,
#8333,#8334,#8335,#8336,#8337,#8338,#8339,#8340,#8341,#8342,#8343,#8344,
#8345,#8346,#8347,#8348,#8349,#8350,#8351,#8352,#8353,#8354,#8355,#8356,
#8357),.UNSPECIFIED.,.F.,.F.,(4,3,3,3,3,3,3,3,3,3,4),(0.,0.107817946054163,
0.215664290537665,0.323110690330063,0.430271990096873,0.537353846243906,
0.644426270478416,0.751500409863457,0.858611548314158,0.965906228106458,
1.),.UNSPECIFIED.);
#99=B_SPLINE_CURVE_WITH_KNOTS('',3,(#8694,#8695,#8696,#8697),
 .UNSPECIFIED.,.F.,.F.,(4,4),(0.,1.),.UNSPECIFIED.);
#100=B_SPLINE_CURVE_WITH_KNOTS('',3,(#8722,#8723,#8724,#8725),
 .UNSPECIFIED.,.F.,.F.,(4,4),(0.,1.),.UNSPECIFIED.);
#101=B_SPLINE_CURVE_WITH_KNOTS('',3,(#8729,#8730,#8731,#8732,#8733,#8734,
#8735,#8736,#8737,#8738,#8739,#8740,#8741,#8742),.UNSPECIFIED.,.F.,.F.,
(4,2,2,2,2,2,4),(0.,0.125000000000002,0.250000000000005,0.500000000000003,
0.625000000000002,0.750000000000002,1.),.UNSPECIFIED.);
#102=B_SPLINE_CURVE_WITH_KNOTS('',3,(#8751,#8752,#8753,#8754,#8755,#8756,
#8757,#8758,#8759,#8760,#8761,#8762,#8763,#8764),.UNSPECIFIED.,.F.,.F.,
(4,2,2,2,2,2,4),(0.,0.125000000000002,0.250000000000003,0.500000000000002,
0.625000000000004,0.750000000000006,1.),.UNSPECIFIED.);
#103=B_SPLINE_CURVE_WITH_KNOTS('',3,(#8796,#8797,#8798,#8799),
 .UNSPECIFIED.,.F.,.F.,(4,4),(0.,1.),.UNSPECIFIED.);
#104=B_SPLINE_CURVE_WITH_KNOTS('',3,(#8839,#8840,#8841,#8842),
 .UNSPECIFIED.,.F.,.F.,(4,4),(0.,1.),.UNSPECIFIED.);
#105=B_SPLINE_CURVE_WITH_KNOTS('',3,(#8846,#8847,#8848,#8849,#8850,#8851,
#8852,#8853,#8854,#8855,#8856,#8857,#8858,#8859),.UNSPECIFIED.,.F.,.F.,
(4,2,2,2,2,2,4),(0.,0.124999999999995,0.24999999999999,0.499999999999985,
0.624999999999987,0.74999999999999,1.),.UNSPECIFIED.);
#106=B_SPLINE_CURVE_WITH_KNOTS('',3,(#8868,#8869,#8870,#8871,#8872,#8873,
#8874,#8875,#8876,#8877,#8878,#8879,#8880,#8881),.UNSPECIFIED.,.F.,.F.,
(4,2,2,2,2,2,4),(0.,0.124999999999996,0.249999999999991,0.499999999999998,
0.624999999999997,0.749999999999995,1.),.UNSPECIFIED.);
#107=FACE_OUTER_BOUND('',#2543,.T.);
#108=FACE_OUTER_BOUND('',#2544,.T.);
#109=FACE_OUTER_BOUND('',#2545,.T.);
#110=FACE_OUTER_BOUND('',#2546,.T.);
#111=FACE_OUTER_BOUND('',#2547,.T.);
#112=FACE_OUTER_BOUND('',#2548,.T.);
#113=FACE_OUTER_BOUND('',#2549,.T.);
#114=FACE_OUTER_BOUND('',#2553,.T.);
#115=FACE_OUTER_BOUND('',#2554,.T.);
#116=FACE_OUTER_BOUND('',#2555,.T.);
#117=FACE_OUTER_BOUND('',#2556,.T.);
#118=FACE_OUTER_BOUND('',#2557,.T.);
#119=FACE_OUTER_BOUND('',#2558,.T.);
#120=FACE_OUTER_BOUND('',#2559,.T.);
#121=FACE_OUTER_BOUND('',#2560,.T.);
#122=FACE_OUTER_BOUND('',#2561,.T.);
#123=FACE_OUTER_BOUND('',#2562,.T.);
#124=FACE_OUTER_BOUND('',#2563,.T.);
#125=FACE_OUTER_BOUND('',#2567,.T.);
#126=FACE_OUTER_BOUND('',#2568,.T.);
#127=FACE_OUTER_BOUND('',#2569,.T.);
#128=FACE_OUTER_BOUND('',#2570,.T.);
#129=FACE_OUTER_BOUND('',#2571,.T.);
#130=FACE_OUTER_BOUND('',#2572,.T.);
#131=FACE_OUTER_BOUND('',#2573,.T.);
#132=FACE_OUTER_BOUND('',#2574,.T.);
#133=FACE_OUTER_BOUND('',#2575,.T.);
#134=FACE_OUTER_BOUND('',#2579,.T.);
#135=FACE_OUTER_BOUND('',#2580,.T.);
#136=FACE_OUTER_BOUND('',#2584,.T.);
#137=FACE_OUTER_BOUND('',#2585,.T.);
#138=FACE_OUTER_BOUND('',#2586,.T.);
#139=FACE_OUTER_BOUND('',#2587,.T.);
#140=FACE_OUTER_BOUND('',#2588,.T.);
#141=FACE_OUTER_BOUND('',#2589,.T.);
#142=FACE_OUTER_BOUND('',#2590,.T.);
#143=FACE_OUTER_BOUND('',#2591,.T.);
#144=FACE_OUTER_BOUND('',#2592,.T.);
#145=FACE_OUTER_BOUND('',#2593,.T.);
#146=FACE_OUTER_BOUND('',#2594,.T.);
#147=FACE_OUTER_BOUND('',#2595,.T.);
#148=FACE_OUTER_BOUND('',#2596,.T.);
#149=FACE_OUTER_BOUND('',#2597,.T.);
#150=FACE_OUTER_BOUND('',#2598,.T.);
#151=FACE_OUTER_BOUND('',#2599,.T.);
#152=FACE_OUTER_BOUND('',#2602,.T.);
#153=FACE_OUTER_BOUND('',#2606,.T.);
#154=FACE_OUTER_BOUND('',#2607,.T.);
#155=FACE_OUTER_BOUND('',#2608,.T.);
#156=FACE_OUTER_BOUND('',#2609,.T.);
#157=FACE_OUTER_BOUND('',#2610,.T.);
#158=FACE_OUTER_BOUND('',#2611,.T.);
#159=FACE_OUTER_BOUND('',#2612,.T.);
#160=FACE_OUTER_BOUND('',#2613,.T.);
#161=FACE_OUTER_BOUND('',#2614,.T.);
#162=FACE_OUTER_BOUND('',#2615,.T.);
#163=FACE_OUTER_BOUND('',#2616,.T.);
#164=FACE_OUTER_BOUND('',#2617,.T.);
#165=FACE_OUTER_BOUND('',#2618,.T.);
#166=FACE_OUTER_BOUND('',#2619,.T.);
#167=FACE_OUTER_BOUND('',#2620,.T.);
#168=FACE_OUTER_BOUND('',#2621,.T.);
#169=FACE_OUTER_BOUND('',#2622,.T.);
#170=FACE_OUTER_BOUND('',#2623,.T.);
#171=FACE_OUTER_BOUND('',#2624,.T.);
#172=FACE_OUTER_BOUND('',#2625,.T.);
#173=FACE_OUTER_BOUND('',#2626,.T.);
#174=FACE_OUTER_BOUND('',#2667,.T.);
#175=FACE_OUTER_BOUND('',#2668,.T.);
#176=FACE_OUTER_BOUND('',#2669,.T.);
#177=FACE_OUTER_BOUND('',#2670,.T.);
#178=FACE_OUTER_BOUND('',#2671,.T.);
#179=FACE_OUTER_BOUND('',#2672,.T.);
#180=FACE_OUTER_BOUND('',#2677,.T.);
#181=FACE_OUTER_BOUND('',#2682,.T.);
#182=FACE_OUTER_BOUND('',#2705,.T.);
#183=FACE_OUTER_BOUND('',#2706,.T.);
#184=FACE_OUTER_BOUND('',#2707,.T.);
#185=FACE_OUTER_BOUND('',#2708,.T.);
#186=FACE_OUTER_BOUND('',#2709,.T.);
#187=FACE_OUTER_BOUND('',#2710,.T.);
#188=FACE_OUTER_BOUND('',#2711,.T.);
#189=FACE_OUTER_BOUND('',#2712,.T.);
#190=FACE_OUTER_BOUND('',#2713,.T.);
#191=FACE_OUTER_BOUND('',#2714,.T.);
#192=FACE_OUTER_BOUND('',#2715,.T.);
#193=FACE_OUTER_BOUND('',#2716,.T.);
#194=FACE_OUTER_BOUND('',#2717,.T.);
#195=FACE_OUTER_BOUND('',#2718,.T.);
#196=FACE_OUTER_BOUND('',#2719,.T.);
#197=FACE_OUTER_BOUND('',#2720,.T.);
#198=FACE_OUTER_BOUND('',#2721,.T.);
#199=FACE_OUTER_BOUND('',#2728,.T.);
#200=FACE_OUTER_BOUND('',#2731,.T.);
#201=FACE_OUTER_BOUND('',#2734,.T.);
#202=FACE_OUTER_BOUND('',#2735,.T.);
#203=FACE_OUTER_BOUND('',#2736,.T.);
#204=FACE_OUTER_BOUND('',#2737,.T.);
#205=FACE_OUTER_BOUND('',#2738,.T.);
#206=FACE_OUTER_BOUND('',#2739,.T.);
#207=FACE_OUTER_BOUND('',#2740,.T.);
#208=FACE_OUTER_BOUND('',#2741,.T.);
#209=FACE_OUTER_BOUND('',#2742,.T.);
#210=FACE_OUTER_BOUND('',#2743,.T.);
#211=FACE_OUTER_BOUND('',#2744,.T.);
#212=FACE_OUTER_BOUND('',#2751,.T.);
#213=FACE_OUTER_BOUND('',#2754,.T.);
#214=FACE_OUTER_BOUND('',#2757,.T.);
#215=FACE_OUTER_BOUND('',#2758,.T.);
#216=FACE_OUTER_BOUND('',#2759,.T.);
#217=FACE_OUTER_BOUND('',#2760,.T.);
#218=FACE_OUTER_BOUND('',#2761,.T.);
#219=FACE_OUTER_BOUND('',#2762,.T.);
#220=FACE_OUTER_BOUND('',#2763,.T.);
#221=FACE_OUTER_BOUND('',#2764,.T.);
#222=FACE_OUTER_BOUND('',#2765,.T.);
#223=FACE_OUTER_BOUND('',#2766,.T.);
#224=FACE_OUTER_BOUND('',#2767,.T.);
#225=FACE_OUTER_BOUND('',#2768,.T.);
#226=FACE_OUTER_BOUND('',#2769,.T.);
#227=FACE_OUTER_BOUND('',#2770,.T.);
#228=FACE_OUTER_BOUND('',#2771,.T.);
#229=FACE_OUTER_BOUND('',#2772,.T.);
#230=FACE_OUTER_BOUND('',#2773,.T.);
#231=FACE_OUTER_BOUND('',#2774,.T.);
#232=FACE_OUTER_BOUND('',#2775,.T.);
#233=FACE_OUTER_BOUND('',#2776,.T.);
#234=FACE_OUTER_BOUND('',#2777,.T.);
#235=FACE_OUTER_BOUND('',#2778,.T.);
#236=FACE_OUTER_BOUND('',#2779,.T.);
#237=FACE_OUTER_BOUND('',#2780,.T.);
#238=FACE_OUTER_BOUND('',#2781,.T.);
#239=FACE_OUTER_BOUND('',#2782,.T.);
#240=FACE_OUTER_BOUND('',#2783,.T.);
#241=FACE_OUTER_BOUND('',#2784,.T.);
#242=FACE_OUTER_BOUND('',#2785,.T.);
#243=FACE_OUTER_BOUND('',#2786,.T.);
#244=FACE_OUTER_BOUND('',#2787,.T.);
#245=FACE_OUTER_BOUND('',#2788,.T.);
#246=FACE_OUTER_BOUND('',#2789,.T.);
#247=FACE_OUTER_BOUND('',#2792,.T.);
#248=FACE_OUTER_BOUND('',#2793,.T.);
#249=FACE_OUTER_BOUND('',#2794,.T.);
#250=FACE_OUTER_BOUND('',#2795,.T.);
#251=FACE_OUTER_BOUND('',#2796,.T.);
#252=FACE_OUTER_BOUND('',#2797,.T.);
#253=FACE_OUTER_BOUND('',#2798,.T.);
#254=FACE_OUTER_BOUND('',#2799,.T.);
#255=FACE_OUTER_BOUND('',#2800,.T.);
#256=FACE_OUTER_BOUND('',#2805,.T.);
#257=FACE_OUTER_BOUND('',#2810,.T.);
#258=FACE_OUTER_BOUND('',#2833,.T.);
#259=FACE_OUTER_BOUND('',#2834,.T.);
#260=FACE_OUTER_BOUND('',#2835,.T.);
#261=FACE_OUTER_BOUND('',#2836,.T.);
#262=FACE_OUTER_BOUND('',#2837,.T.);
#263=FACE_OUTER_BOUND('',#2852,.T.);
#264=FACE_OUTER_BOUND('',#2853,.T.);
#265=FACE_OUTER_BOUND('',#2856,.T.);
#266=FACE_OUTER_BOUND('',#2857,.T.);
#267=FACE_OUTER_BOUND('',#2860,.T.);
#268=FACE_OUTER_BOUND('',#2861,.T.);
#269=FACE_OUTER_BOUND('',#2864,.T.);
#270=FACE_OUTER_BOUND('',#2865,.T.);
#271=FACE_OUTER_BOUND('',#2868,.T.);
#272=FACE_OUTER_BOUND('',#2869,.T.);
#273=FACE_OUTER_BOUND('',#2872,.T.);
#274=FACE_OUTER_BOUND('',#2873,.T.);
#275=FACE_OUTER_BOUND('',#2876,.T.);
#276=FACE_OUTER_BOUND('',#2877,.T.);
#277=FACE_OUTER_BOUND('',#2880,.T.);
#278=FACE_OUTER_BOUND('',#2881,.T.);
#279=FACE_OUTER_BOUND('',#2896,.T.);
#280=FACE_OUTER_BOUND('',#2897,.T.);
#281=FACE_OUTER_BOUND('',#2900,.T.);
#282=FACE_OUTER_BOUND('',#2901,.T.);
#283=FACE_OUTER_BOUND('',#2909,.T.);
#284=FACE_OUTER_BOUND('',#2912,.T.);
#285=FACE_OUTER_BOUND('',#2915,.T.);
#286=FACE_OUTER_BOUND('',#2918,.T.);
#287=FACE_OUTER_BOUND('',#2921,.T.);
#288=FACE_OUTER_BOUND('',#2924,.T.);
#289=FACE_OUTER_BOUND('',#2925,.T.);
#290=FACE_OUTER_BOUND('',#2928,.T.);
#291=FACE_OUTER_BOUND('',#2929,.T.);
#292=FACE_OUTER_BOUND('',#2932,.T.);
#293=FACE_OUTER_BOUND('',#2933,.T.);
#294=FACE_OUTER_BOUND('',#2936,.T.);
#295=FACE_OUTER_BOUND('',#2937,.T.);
#296=FACE_OUTER_BOUND('',#2938,.T.);
#297=FACE_OUTER_BOUND('',#2939,.T.);
#298=FACE_OUTER_BOUND('',#2940,.T.);
#299=FACE_OUTER_BOUND('',#2943,.T.);
#300=FACE_OUTER_BOUND('',#2944,.T.);
#301=FACE_OUTER_BOUND('',#2945,.T.);
#302=FACE_OUTER_BOUND('',#2946,.T.);
#303=FACE_OUTER_BOUND('',#2947,.T.);
#304=FACE_OUTER_BOUND('',#2948,.T.);
#305=FACE_OUTER_BOUND('',#2949,.T.);
#306=FACE_OUTER_BOUND('',#2950,.T.);
#307=FACE_OUTER_BOUND('',#2951,.T.);
#308=FACE_OUTER_BOUND('',#2956,.T.);
#309=FACE_OUTER_BOUND('',#2961,.T.);
#310=FACE_OUTER_BOUND('',#2984,.T.);
#311=FACE_OUTER_BOUND('',#2985,.T.);
#312=FACE_OUTER_BOUND('',#2986,.T.);
#313=FACE_OUTER_BOUND('',#2987,.T.);
#314=FACE_OUTER_BOUND('',#2988,.T.);
#315=LINE('',#7989,#709);
#316=LINE('',#7992,#710);
#317=LINE('',#7994,#711);
#318=LINE('',#7996,#712);
#319=LINE('',#7998,#713);
#320=LINE('',#8000,#714);
#321=LINE('',#8002,#715);
#322=LINE('',#8004,#716);
#323=LINE('',#8006,#717);
#324=LINE('',#8008,#718);
#325=LINE('',#8010,#719);
#326=LINE('',#8012,#720);
#327=LINE('',#8014,#721);
#328=LINE('',#8017,#722);
#329=LINE('',#8019,#723);
#330=LINE('',#8021,#724);
#331=LINE('',#8023,#725);
#332=LINE('',#8025,#726);
#333=LINE('',#8027,#727);
#334=LINE('',#8029,#728);
#335=LINE('',#8031,#729);
#336=LINE('',#8033,#730);
#337=LINE('',#8035,#731);
#338=LINE('',#8037,#732);
#339=LINE('',#8039,#733);
#340=LINE('',#8045,#734);
#341=LINE('',#8050,#735);
#342=LINE('',#8054,#736);
#343=LINE('',#8058,#737);
#344=LINE('',#8064,#738);
#345=LINE('',#8069,#739);
#346=LINE('',#8073,#740);
#347=LINE('',#8079,#741);
#348=LINE('',#8083,#742);
#349=LINE('',#8087,#743);
#350=LINE('',#8091,#744);
#351=LINE('',#8094,#745);
#352=LINE('',#8098,#746);
#353=LINE('',#8100,#747);
#354=LINE('',#8104,#748);
#355=LINE('',#8107,#749);
#356=LINE('',#8111,#750);
#357=LINE('',#8115,#751);
#358=LINE('',#8119,#752);
#359=LINE('',#8128,#753);
#360=LINE('',#8134,#754);
#361=LINE('',#8140,#755);
#362=LINE('',#8146,#756);
#363=LINE('',#8152,#757);
#364=LINE('',#8155,#758);
#365=LINE('',#8157,#759);
#366=LINE('',#8159,#760);
#367=LINE('',#8163,#761);
#368=LINE('',#8169,#762);
#369=LINE('',#8173,#763);
#370=LINE('',#8175,#764);
#371=LINE('',#8177,#765);
#372=LINE('',#8179,#766);
#373=LINE('',#8181,#767);
#374=LINE('',#8183,#768);
#375=LINE('',#8185,#769);
#376=LINE('',#8187,#770);
#377=LINE('',#8189,#771);
#378=LINE('',#8191,#772);
#379=LINE('',#8193,#773);
#380=LINE('',#8195,#774);
#381=LINE('',#8197,#775);
#382=LINE('',#8199,#776);
#383=LINE('',#8201,#777);
#384=LINE('',#8203,#778);
#385=LINE('',#8205,#779);
#386=LINE('',#8207,#780);
#387=LINE('',#8209,#781);
#388=LINE('',#8211,#782);
#389=LINE('',#8213,#783);
#390=LINE('',#8214,#784);
#391=LINE('',#8218,#785);
#392=LINE('',#8222,#786);
#393=LINE('',#8228,#787);
#394=LINE('',#8230,#788);
#395=LINE('',#8234,#789);
#396=LINE('',#8238,#790);
#397=LINE('',#8240,#791);
#398=LINE('',#8242,#792);
#399=LINE('',#8244,#793);
#400=LINE('',#8246,#794);
#401=LINE('',#8248,#795);
#402=LINE('',#8250,#796);
#403=LINE('',#8252,#797);
#404=LINE('',#8254,#798);
#405=LINE('',#8256,#799);
#406=LINE('',#8258,#800);
#407=LINE('',#8260,#801);
#408=LINE('',#8262,#802);
#409=LINE('',#8264,#803);
#410=LINE('',#8266,#804);
#411=LINE('',#8268,#805);
#412=LINE('',#8270,#806);
#413=LINE('',#8272,#807);
#414=LINE('',#8274,#808);
#415=LINE('',#8276,#809);
#416=LINE('',#8278,#810);
#417=LINE('',#8280,#811);
#418=LINE('',#8282,#812);
#419=LINE('',#8284,#813);
#420=LINE('',#8322,#814);
#421=LINE('',#8362,#815);
#422=LINE('',#8375,#816);
#423=LINE('',#8388,#817);
#424=LINE('',#8391,#818);
#425=LINE('',#8392,#819);
#426=LINE('',#8396,#820);
#427=LINE('',#8400,#821);
#428=LINE('',#8404,#822);
#429=LINE('',#8406,#823);
#430=LINE('',#8408,#824);
#431=LINE('',#8412,#825);
#432=LINE('',#8416,#826);
#433=LINE('',#8420,#827);
#434=LINE('',#8423,#828);
#435=LINE('',#8424,#829);
#436=LINE('',#8430,#830);
#437=LINE('',#8432,#831);
#438=LINE('',#8434,#832);
#439=LINE('',#8441,#833);
#440=LINE('',#8442,#834);
#441=LINE('',#8444,#835);
#442=LINE('',#8447,#836);
#443=LINE('',#8449,#837);
#444=LINE('',#8451,#838);
#445=LINE('',#8452,#839);
#446=LINE('',#8455,#840);
#447=LINE('',#8457,#841);
#448=LINE('',#8459,#842);
#449=LINE('',#8460,#843);
#450=LINE('',#8462,#844);
#451=LINE('',#8464,#845);
#452=LINE('',#8466,#846);
#453=LINE('',#8469,#847);
#454=LINE('',#8471,#848);
#455=LINE('',#8474,#849);
#456=LINE('',#8475,#850);
#457=LINE('',#8477,#851);
#458=LINE('',#8478,#852);
#459=LINE('',#8481,#853);
#460=LINE('',#8485,#854);
#461=LINE('',#8489,#855);
#462=LINE('',#8490,#856);
#463=LINE('',#8494,#857);
#464=LINE('',#8498,#858);
#465=LINE('',#8500,#859);
#466=LINE('',#8501,#860);
#467=LINE('',#8503,#861);
#468=LINE('',#8505,#862);
#469=LINE('',#8509,#863);
#470=LINE('',#8510,#864);
#471=LINE('',#8512,#865);
#472=LINE('',#8515,#866);
#473=LINE('',#8578,#867);
#474=LINE('',#8582,#868);
#475=LINE('',#8584,#869);
#476=LINE('',#8586,#870);
#477=LINE('',#8589,#871);
#478=LINE('',#8591,#872);
#479=LINE('',#8595,#873);
#480=LINE('',#8597,#874);
#481=LINE('',#8642,#875);
#482=LINE('',#8644,#876);
#483=LINE('',#8646,#877);
#484=LINE('',#8648,#878);
#485=LINE('',#8650,#879);
#486=LINE('',#8652,#880);
#487=LINE('',#8654,#881);
#488=LINE('',#8656,#882);
#489=LINE('',#8659,#883);
#490=LINE('',#8661,#884);
#491=LINE('',#8663,#885);
#492=LINE('',#8665,#886);
#493=LINE('',#8667,#887);
#494=LINE('',#8669,#888);
#495=LINE('',#8671,#889);
#496=LINE('',#8673,#890);
#497=LINE('',#8676,#891);
#498=LINE('',#8679,#892);
#499=LINE('',#8681,#893);
#500=LINE('',#8683,#894);
#501=LINE('',#8685,#895);
#502=LINE('',#8687,#896);
#503=LINE('',#8689,#897);
#504=LINE('',#8691,#898);
#505=LINE('',#8699,#899);
#506=LINE('',#8700,#900);
#507=LINE('',#8702,#901);
#508=LINE('',#8704,#902);
#509=LINE('',#8707,#903);
#510=LINE('',#8709,#904);
#511=LINE('',#8710,#905);
#512=LINE('',#8712,#906);
#513=LINE('',#8714,#907);
#514=LINE('',#8716,#908);
#515=LINE('',#8718,#909);
#516=LINE('',#8720,#910);
#517=LINE('',#8727,#911);
#518=LINE('',#8743,#912);
#519=LINE('',#8778,#913);
#520=LINE('',#8793,#914);
#521=LINE('',#8801,#915);
#522=LINE('',#8803,#916);
#523=LINE('',#8805,#917);
#524=LINE('',#8807,#918);
#525=LINE('',#8809,#919);
#526=LINE('',#8811,#920);
#527=LINE('',#8813,#921);
#528=LINE('',#8815,#922);
#529=LINE('',#8817,#923);
#530=LINE('',#8819,#924);
#531=LINE('',#8821,#925);
#532=LINE('',#8823,#926);
#533=LINE('',#8825,#927);
#534=LINE('',#8827,#928);
#535=LINE('',#8829,#929);
#536=LINE('',#8831,#930);
#537=LINE('',#8833,#931);
#538=LINE('',#8835,#932);
#539=LINE('',#8837,#933);
#540=LINE('',#8844,#934);
#541=LINE('',#8860,#935);
#542=LINE('',#8895,#936);
#543=LINE('',#8913,#937);
#544=LINE('',#8917,#938);
#545=LINE('',#8919,#939);
#546=LINE('',#8921,#940);
#547=LINE('',#8923,#941);
#548=LINE('',#8925,#942);
#549=LINE('',#8927,#943);
#550=LINE('',#8929,#944);
#551=LINE('',#8931,#945);
#552=LINE('',#8933,#946);
#553=LINE('',#8935,#947);
#554=LINE('',#8937,#948);
#555=LINE('',#8939,#949);
#556=LINE('',#8941,#950);
#557=LINE('',#8943,#951);
#558=LINE('',#8945,#952);
#559=LINE('',#8947,#953);
#560=LINE('',#8949,#954);
#561=LINE('',#8951,#955);
#562=LINE('',#8953,#956);
#563=LINE('',#8955,#957);
#564=LINE('',#8957,#958);
#565=LINE('',#8959,#959);
#566=LINE('',#8963,#960);
#567=LINE('',#8969,#961);
#568=LINE('',#8973,#962);
#569=LINE('',#8975,#963);
#570=LINE('',#8977,#964);
#571=LINE('',#8981,#965);
#572=LINE('',#8987,#966);
#573=LINE('',#8991,#967);
#574=LINE('',#8993,#968);
#575=LINE('',#8995,#969);
#576=LINE('',#8997,#970);
#577=LINE('',#8999,#971);
#578=LINE('',#9001,#972);
#579=LINE('',#9003,#973);
#580=LINE('',#9005,#974);
#581=LINE('',#9007,#975);
#582=LINE('',#9009,#976);
#583=LINE('',#9011,#977);
#584=LINE('',#9013,#978);
#585=LINE('',#9015,#979);
#586=LINE('',#9017,#980);
#587=LINE('',#9019,#981);
#588=LINE('',#9021,#982);
#589=LINE('',#9023,#983);
#590=LINE('',#9025,#984);
#591=LINE('',#9027,#985);
#592=LINE('',#9029,#986);
#593=LINE('',#9031,#987);
#594=LINE('',#9035,#988);
#595=LINE('',#9041,#989);
#596=LINE('',#9045,#990);
#597=LINE('',#9047,#991);
#598=LINE('',#9049,#992);
#599=LINE('',#9056,#993);
#600=LINE('',#9059,#994);
#601=LINE('',#9061,#995);
#602=LINE('',#9063,#996);
#603=LINE('',#9065,#997);
#604=LINE('',#9067,#998);
#605=LINE('',#9069,#999);
#606=LINE('',#9071,#1000);
#607=LINE('',#9073,#1001);
#608=LINE('',#9075,#1002);
#609=LINE('',#9077,#1003);
#610=LINE('',#9079,#1004);
#611=LINE('',#9084,#1005);
#612=LINE('',#9085,#1006);
#613=LINE('',#9087,#1007);
#614=LINE('',#9089,#1008);
#615=LINE('',#9091,#1009);
#616=LINE('',#9093,#1010);
#617=LINE('',#9095,#1011);
#618=LINE('',#9097,#1012);
#619=LINE('',#9099,#1013);
#620=LINE('',#9102,#1014);
#621=LINE('',#9104,#1015);
#622=LINE('',#9106,#1016);
#623=LINE('',#9107,#1017);
#624=LINE('',#9109,#1018);
#625=LINE('',#9111,#1019);
#626=LINE('',#9113,#1020);
#627=LINE('',#9115,#1021);
#628=LINE('',#9117,#1022);
#629=LINE('',#9119,#1023);
#630=LINE('',#9121,#1024);
#631=LINE('',#9123,#1025);
#632=LINE('',#9125,#1026);
#633=LINE('',#9127,#1027);
#634=LINE('',#9131,#1028);
#635=LINE('',#9133,#1029);
#636=LINE('',#9135,#1030);
#637=LINE('',#9137,#1031);
#638=LINE('',#9138,#1032);
#639=LINE('',#9140,#1033);
#640=LINE('',#9142,#1034);
#641=LINE('',#9144,#1035);
#642=LINE('',#9146,#1036);
#643=LINE('',#9148,#1037);
#644=LINE('',#9157,#1038);
#645=LINE('',#9165,#1039);
#646=LINE('',#9195,#1040);
#647=LINE('',#9197,#1041);
#648=LINE('',#9199,#1042);
#649=LINE('',#9201,#1043);
#650=LINE('',#9203,#1044);
#651=LINE('',#9205,#1045);
#652=LINE('',#9207,#1046);
#653=LINE('',#9209,#1047);
#654=LINE('',#9377,#1048);
#655=LINE('',#9380,#1049);
#656=LINE('',#9382,#1050);
#657=LINE('',#9384,#1051);
#658=LINE('',#9386,#1052);
#659=LINE('',#9388,#1053);
#660=LINE('',#9390,#1054);
#661=LINE('',#9392,#1055);
#662=LINE('',#9394,#1056);
#663=LINE('',#9396,#1057);
#664=LINE('',#9398,#1058);
#665=LINE('',#9400,#1059);
#666=LINE('',#9405,#1060);
#667=LINE('',#9406,#1061);
#668=LINE('',#9408,#1062);
#669=LINE('',#9410,#1063);
#670=LINE('',#9412,#1064);
#671=LINE('',#9414,#1065);
#672=LINE('',#9416,#1066);
#673=LINE('',#9418,#1067);
#674=LINE('',#9420,#1068);
#675=LINE('',#9423,#1069);
#676=LINE('',#9425,#1070);
#677=LINE('',#9427,#1071);
#678=LINE('',#9428,#1072);
#679=LINE('',#9430,#1073);
#680=LINE('',#9432,#1074);
#681=LINE('',#9434,#1075);
#682=LINE('',#9436,#1076);
#683=LINE('',#9438,#1077);
#684=LINE('',#9440,#1078);
#685=LINE('',#9442,#1079);
#686=LINE('',#9444,#1080);
#687=LINE('',#9446,#1081);
#688=LINE('',#9448,#1082);
#689=LINE('',#9452,#1083);
#690=LINE('',#9454,#1084);
#691=LINE('',#9456,#1085);
#692=LINE('',#9458,#1086);
#693=LINE('',#9459,#1087);
#694=LINE('',#9461,#1088);
#695=LINE('',#9463,#1089);
#696=LINE('',#9465,#1090);
#697=LINE('',#9467,#1091);
#698=LINE('',#9469,#1092);
#699=LINE('',#9478,#1093);
#700=LINE('',#9486,#1094);
#701=LINE('',#9516,#1095);
#702=LINE('',#9518,#1096);
#703=LINE('',#9520,#1097);
#704=LINE('',#9522,#1098);
#705=LINE('',#9524,#1099);
#706=LINE('',#9526,#1100);
#707=LINE('',#9528,#1101);
#708=LINE('',#9530,#1102);
#709=VECTOR('',#6433,1.);
#710=VECTOR('',#6434,1.);
#711=VECTOR('',#6435,1.);
#712=VECTOR('',#6436,1.);
#713=VECTOR('',#6437,1.);
#714=VECTOR('',#6438,1.);
#715=VECTOR('',#6439,1.);
#716=VECTOR('',#6440,1.);
#717=VECTOR('',#6441,1.);
#718=VECTOR('',#6442,1.);
#719=VECTOR('',#6443,1.);
#720=VECTOR('',#6444,1.);
#721=VECTOR('',#6447,1.);
#722=VECTOR('',#6448,1.);
#723=VECTOR('',#6449,1.);
#724=VECTOR('',#6450,1.);
#725=VECTOR('',#6451,1.);
#726=VECTOR('',#6452,1.);
#727=VECTOR('',#6453,1.);
#728=VECTOR('',#6454,1.);
#729=VECTOR('',#6455,1.);
#730=VECTOR('',#6456,1.);
#731=VECTOR('',#6457,1.);
#732=VECTOR('',#6458,1.);
#733=VECTOR('',#6461,1.);
#734=VECTOR('',#6466,1.);
#735=VECTOR('',#6471,1.);
#736=VECTOR('',#6474,1.);
#737=VECTOR('',#6479,1.);
#738=VECTOR('',#6484,1.);
#739=VECTOR('',#6489,1.);
#740=VECTOR('',#6492,1.);
#741=VECTOR('',#6499,1.);
#742=VECTOR('',#6502,1.);
#743=VECTOR('',#6505,1.);
#744=VECTOR('',#6508,1.);
#745=VECTOR('',#6511,1.);
#746=VECTOR('',#6514,1.);
#747=VECTOR('',#6517,1.);
#748=VECTOR('',#6520,1.);
#749=VECTOR('',#6523,1.);
#750=VECTOR('',#6526,1.);
#751=VECTOR('',#6529,1.);
#752=VECTOR('',#6532,1.);
#753=VECTOR('',#6541,1.);
#754=VECTOR('',#6546,1.);
#755=VECTOR('',#6551,1.);
#756=VECTOR('',#6556,1.);
#757=VECTOR('',#6563,1.);
#758=VECTOR('',#6564,1.);
#759=VECTOR('',#6565,1.);
#760=VECTOR('',#6566,1.);
#761=VECTOR('',#6571,1.);
#762=VECTOR('',#6578,1.);
#763=VECTOR('',#6583,1.);
#764=VECTOR('',#6584,1.);
#765=VECTOR('',#6585,1.);
#766=VECTOR('',#6586,1.);
#767=VECTOR('',#6589,1.);
#768=VECTOR('',#6590,1.);
#769=VECTOR('',#6591,1.);
#770=VECTOR('',#6594,1.);
#771=VECTOR('',#6595,1.);
#772=VECTOR('',#6596,1.);
#773=VECTOR('',#6599,1.);
#774=VECTOR('',#6600,1.);
#775=VECTOR('',#6601,1.);
#776=VECTOR('',#6604,1.);
#777=VECTOR('',#6605,1.);
#778=VECTOR('',#6606,1.);
#779=VECTOR('',#6609,1.);
#780=VECTOR('',#6610,1.);
#781=VECTOR('',#6611,1.);
#782=VECTOR('',#6614,1.);
#783=VECTOR('',#6615,1.);
#784=VECTOR('',#6616,1.);
#785=VECTOR('',#6621,1.);
#786=VECTOR('',#6626,1.);
#787=VECTOR('',#6633,1.);
#788=VECTOR('',#6634,1.);
#789=VECTOR('',#6639,1.);
#790=VECTOR('',#6644,1.);
#791=VECTOR('',#6647,1.);
#792=VECTOR('',#6648,1.);
#793=VECTOR('',#6649,1.);
#794=VECTOR('',#6652,1.);
#795=VECTOR('',#6653,1.);
#796=VECTOR('',#6654,1.);
#797=VECTOR('',#6657,1.);
#798=VECTOR('',#6658,1.);
#799=VECTOR('',#6659,1.);
#800=VECTOR('',#6662,1.);
#801=VECTOR('',#6663,1.);
#802=VECTOR('',#6664,1.);
#803=VECTOR('',#6667,1.);
#804=VECTOR('',#6668,1.);
#805=VECTOR('',#6669,1.);
#806=VECTOR('',#6672,1.);
#807=VECTOR('',#6673,1.);
#808=VECTOR('',#6674,1.);
#809=VECTOR('',#6677,1.);
#810=VECTOR('',#6678,1.);
#811=VECTOR('',#6679,1.);
#812=VECTOR('',#6680,1.);
#813=VECTOR('',#6683,1.);
#814=VECTOR('',#6688,1.);
#815=VECTOR('',#6695,1.);
#816=VECTOR('',#6712,1.);
#817=VECTOR('',#6731,1.);
#818=VECTOR('',#6732,1.);
#819=VECTOR('',#6733,1.);
#820=VECTOR('',#6738,1.);
#821=VECTOR('',#6743,1.);
#822=VECTOR('',#6748,1.);
#823=VECTOR('',#6751,1.);
#824=VECTOR('',#6752,1.);
#825=VECTOR('',#6757,1.);
#826=VECTOR('',#6762,1.);
#827=VECTOR('',#6769,1.);
#828=VECTOR('',#6770,1.);
#829=VECTOR('',#6771,1.);
#830=VECTOR('',#6780,1.);
#831=VECTOR('',#6783,1.);
#832=VECTOR('',#6784,1.);
#833=VECTOR('',#6797,1.);
#834=VECTOR('',#6798,1.);
#835=VECTOR('',#6801,1.);
#836=VECTOR('',#6802,1.);
#837=VECTOR('',#6803,1.);
#838=VECTOR('',#6804,1.);
#839=VECTOR('',#6805,1.);
#840=VECTOR('',#6806,1.);
#841=VECTOR('',#6807,1.);
#842=VECTOR('',#6808,1.);
#843=VECTOR('',#6809,1.);
#844=VECTOR('',#6812,1.);
#845=VECTOR('',#6815,1.);
#846=VECTOR('',#6818,1.);
#847=VECTOR('',#6823,1.);
#848=VECTOR('',#6826,1.);
#849=VECTOR('',#6831,1.);
#850=VECTOR('',#6832,1.);
#851=VECTOR('',#6835,1.);
#852=VECTOR('',#6836,1.);
#853=VECTOR('',#6841,1.);
#854=VECTOR('',#6844,1.);
#855=VECTOR('',#6847,1.);
#856=VECTOR('',#6848,1.);
#857=VECTOR('',#6851,1.);
#858=VECTOR('',#6854,1.);
#859=VECTOR('',#6857,1.);
#860=VECTOR('',#6858,1.);
#861=VECTOR('',#6861,1.);
#862=VECTOR('',#6864,1.);
#863=VECTOR('',#6871,1.);
#864=VECTOR('',#6872,1.);
#865=VECTOR('',#6875,1.);
#866=VECTOR('',#6880,1.);
#867=VECTOR('',#6963,1.);
#868=VECTOR('',#6966,1.);
#869=VECTOR('',#6969,1.);
#870=VECTOR('',#6972,1.);
#871=VECTOR('',#6977,1.);
#872=VECTOR('',#6978,1.);
#873=VECTOR('',#6983,1.);
#874=VECTOR('',#6986,1.);
#875=VECTOR('',#7049,1.);
#876=VECTOR('',#7050,1.);
#877=VECTOR('',#7051,1.);
#878=VECTOR('',#7054,1.);
#879=VECTOR('',#7055,1.);
#880=VECTOR('',#7058,1.);
#881=VECTOR('',#7059,1.);
#882=VECTOR('',#7062,1.);
#883=VECTOR('',#7067,1.);
#884=VECTOR('',#7068,1.);
#885=VECTOR('',#7069,1.);
#886=VECTOR('',#7072,1.);
#887=VECTOR('',#7073,1.);
#888=VECTOR('',#7076,1.);
#889=VECTOR('',#7077,1.);
#890=VECTOR('',#7080,1.);
#891=VECTOR('',#7085,1.);
#892=VECTOR('',#7086,1.);
#893=VECTOR('',#7087,1.);
#894=VECTOR('',#7088,1.);
#895=VECTOR('',#7091,1.);
#896=VECTOR('',#7092,1.);
#897=VECTOR('',#7093,1.);
#898=VECTOR('',#7096,1.);
#899=VECTOR('',#7097,1.);
#900=VECTOR('',#7098,1.);
#901=VECTOR('',#7099,1.);
#902=VECTOR('',#7102,1.);
#903=VECTOR('',#7103,1.);
#904=VECTOR('',#7104,1.);
#905=VECTOR('',#7105,1.);
#906=VECTOR('',#7106,1.);
#907=VECTOR('',#7109,1.);
#908=VECTOR('',#7110,1.);
#909=VECTOR('',#7111,1.);
#910=VECTOR('',#7114,1.);
#911=VECTOR('',#7115,1.);
#912=VECTOR('',#7118,1.);
#913=VECTOR('',#7147,1.);
#914=VECTOR('',#7152,1.);
#915=VECTOR('',#7153,1.);
#916=VECTOR('',#7154,1.);
#917=VECTOR('',#7155,1.);
#918=VECTOR('',#7156,1.);
#919=VECTOR('',#7159,1.);
#920=VECTOR('',#7160,1.);
#921=VECTOR('',#7161,1.);
#922=VECTOR('',#7164,1.);
#923=VECTOR('',#7165,1.);
#924=VECTOR('',#7166,1.);
#925=VECTOR('',#7169,1.);
#926=VECTOR('',#7170,1.);
#927=VECTOR('',#7171,1.);
#928=VECTOR('',#7172,1.);
#929=VECTOR('',#7173,1.);
#930=VECTOR('',#7176,1.);
#931=VECTOR('',#7177,1.);
#932=VECTOR('',#7178,1.);
#933=VECTOR('',#7181,1.);
#934=VECTOR('',#7182,1.);
#935=VECTOR('',#7185,1.);
#936=VECTOR('',#7214,1.);
#937=VECTOR('',#7221,1.);
#938=VECTOR('',#7224,1.);
#939=VECTOR('',#7227,1.);
#940=VECTOR('',#7228,1.);
#941=VECTOR('',#7229,1.);
#942=VECTOR('',#7232,1.);
#943=VECTOR('',#7233,1.);
#944=VECTOR('',#7234,1.);
#945=VECTOR('',#7237,1.);
#946=VECTOR('',#7238,1.);
#947=VECTOR('',#7239,1.);
#948=VECTOR('',#7242,1.);
#949=VECTOR('',#7243,1.);
#950=VECTOR('',#7244,1.);
#951=VECTOR('',#7247,1.);
#952=VECTOR('',#7248,1.);
#953=VECTOR('',#7249,1.);
#954=VECTOR('',#7252,1.);
#955=VECTOR('',#7253,1.);
#956=VECTOR('',#7254,1.);
#957=VECTOR('',#7257,1.);
#958=VECTOR('',#7258,1.);
#959=VECTOR('',#7259,1.);
#960=VECTOR('',#7264,1.);
#961=VECTOR('',#7271,1.);
#962=VECTOR('',#7276,1.);
#963=VECTOR('',#7277,1.);
#964=VECTOR('',#7278,1.);
#965=VECTOR('',#7283,1.);
#966=VECTOR('',#7290,1.);
#967=VECTOR('',#7295,1.);
#968=VECTOR('',#7296,1.);
#969=VECTOR('',#7297,1.);
#970=VECTOR('',#7300,1.);
#971=VECTOR('',#7301,1.);
#972=VECTOR('',#7302,1.);
#973=VECTOR('',#7305,1.);
#974=VECTOR('',#7306,1.);
#975=VECTOR('',#7307,1.);
#976=VECTOR('',#7310,1.);
#977=VECTOR('',#7311,1.);
#978=VECTOR('',#7312,1.);
#979=VECTOR('',#7315,1.);
#980=VECTOR('',#7316,1.);
#981=VECTOR('',#7317,1.);
#982=VECTOR('',#7320,1.);
#983=VECTOR('',#7321,1.);
#984=VECTOR('',#7322,1.);
#985=VECTOR('',#7325,1.);
#986=VECTOR('',#7326,1.);
#987=VECTOR('',#7327,1.);
#988=VECTOR('',#7332,1.);
#989=VECTOR('',#7339,1.);
#990=VECTOR('',#7344,1.);
#991=VECTOR('',#7345,1.);
#992=VECTOR('',#7346,1.);
#993=VECTOR('',#7359,1.);
#994=VECTOR('',#7360,1.);
#995=VECTOR('',#7361,1.);
#996=VECTOR('',#7362,1.);
#997=VECTOR('',#7363,1.);
#998=VECTOR('',#7364,1.);
#999=VECTOR('',#7365,1.);
#1000=VECTOR('',#7366,1.);
#1001=VECTOR('',#7367,1.);
#1002=VECTOR('',#7368,1.);
#1003=VECTOR('',#7369,1.);
#1004=VECTOR('',#7370,1.);
#1005=VECTOR('',#7375,1.);
#1006=VECTOR('',#7376,1.);
#1007=VECTOR('',#7377,1.);
#1008=VECTOR('',#7378,1.);
#1009=VECTOR('',#7379,1.);
#1010=VECTOR('',#7382,1.);
#1011=VECTOR('',#7383,1.);
#1012=VECTOR('',#7384,1.);
#1013=VECTOR('',#7387,1.);
#1014=VECTOR('',#7388,1.);
#1015=VECTOR('',#7389,1.);
#1016=VECTOR('',#7390,1.);
#1017=VECTOR('',#7391,1.);
#1018=VECTOR('',#7392,1.);
#1019=VECTOR('',#7395,1.);
#1020=VECTOR('',#7396,1.);
#1021=VECTOR('',#7399,1.);
#1022=VECTOR('',#7400,1.);
#1023=VECTOR('',#7403,1.);
#1024=VECTOR('',#7404,1.);
#1025=VECTOR('',#7407,1.);
#1026=VECTOR('',#7408,1.);
#1027=VECTOR('',#7411,1.);
#1028=VECTOR('',#7414,1.);
#1029=VECTOR('',#7415,1.);
#1030=VECTOR('',#7416,1.);
#1031=VECTOR('',#7419,1.);
#1032=VECTOR('',#7420,1.);
#1033=VECTOR('',#7423,1.);
#1034=VECTOR('',#7424,1.);
#1035=VECTOR('',#7427,1.);
#1036=VECTOR('',#7428,1.);
#1037=VECTOR('',#7431,1.);
#1038=VECTOR('',#7442,1.);
#1039=VECTOR('',#7451,1.);
#1040=VECTOR('',#7494,1.);
#1041=VECTOR('',#7495,1.);
#1042=VECTOR('',#7496,1.);
#1043=VECTOR('',#7499,1.);
#1044=VECTOR('',#7500,1.);
#1045=VECTOR('',#7503,1.);
#1046=VECTOR('',#7504,1.);
#1047=VECTOR('',#7507,1.);
#1048=VECTOR('',#7742,1.);
#1049=VECTOR('',#7743,1.);
#1050=VECTOR('',#7744,1.);
#1051=VECTOR('',#7745,1.);
#1052=VECTOR('',#7746,1.);
#1053=VECTOR('',#7747,1.);
#1054=VECTOR('',#7748,1.);
#1055=VECTOR('',#7749,1.);
#1056=VECTOR('',#7750,1.);
#1057=VECTOR('',#7751,1.);
#1058=VECTOR('',#7752,1.);
#1059=VECTOR('',#7753,1.);
#1060=VECTOR('',#7758,1.);
#1061=VECTOR('',#7759,1.);
#1062=VECTOR('',#7760,1.);
#1063=VECTOR('',#7761,1.);
#1064=VECTOR('',#7762,1.);
#1065=VECTOR('',#7765,1.);
#1066=VECTOR('',#7766,1.);
#1067=VECTOR('',#7767,1.);
#1068=VECTOR('',#7770,1.);
#1069=VECTOR('',#7771,1.);
#1070=VECTOR('',#7772,1.);
#1071=VECTOR('',#7773,1.);
#1072=VECTOR('',#7774,1.);
#1073=VECTOR('',#7775,1.);
#1074=VECTOR('',#7778,1.);
#1075=VECTOR('',#7779,1.);
#1076=VECTOR('',#7782,1.);
#1077=VECTOR('',#7783,1.);
#1078=VECTOR('',#7786,1.);
#1079=VECTOR('',#7787,1.);
#1080=VECTOR('',#7790,1.);
#1081=VECTOR('',#7791,1.);
#1082=VECTOR('',#7794,1.);
#1083=VECTOR('',#7797,1.);
#1084=VECTOR('',#7798,1.);
#1085=VECTOR('',#7799,1.);
#1086=VECTOR('',#7802,1.);
#1087=VECTOR('',#7803,1.);
#1088=VECTOR('',#7806,1.);
#1089=VECTOR('',#7807,1.);
#1090=VECTOR('',#7810,1.);
#1091=VECTOR('',#7811,1.);
#1092=VECTOR('',#7814,1.);
#1093=VECTOR('',#7825,1.);
#1094=VECTOR('',#7834,1.);
#1095=VECTOR('',#7877,1.);
#1096=VECTOR('',#7878,1.);
#1097=VECTOR('',#7879,1.);
#1098=VECTOR('',#7882,1.);
#1099=VECTOR('',#7883,1.);
#1100=VECTOR('',#7886,1.);
#1101=VECTOR('',#7887,1.);
#1102=VECTOR('',#7890,1.);
#1103=SURFACE_STYLE_USAGE(.BOTH.,#1185);
#1104=SURFACE_STYLE_USAGE(.BOTH.,#1186);
#1105=SURFACE_STYLE_USAGE(.BOTH.,#1187);
#1106=SURFACE_STYLE_USAGE(.BOTH.,#1188);
#1107=SURFACE_STYLE_USAGE(.BOTH.,#1189);
#1108=SURFACE_STYLE_USAGE(.BOTH.,#1190);
#1109=SURFACE_STYLE_USAGE(.BOTH.,#1191);
#1110=SURFACE_STYLE_USAGE(.BOTH.,#1192);
#1111=SURFACE_STYLE_USAGE(.BOTH.,#1193);
#1112=SURFACE_STYLE_USAGE(.BOTH.,#1194);
#1113=SURFACE_STYLE_USAGE(.BOTH.,#1195);
#1114=SURFACE_STYLE_USAGE(.BOTH.,#1196);
#1115=SURFACE_STYLE_USAGE(.BOTH.,#1197);
#1116=SURFACE_STYLE_USAGE(.BOTH.,#1198);
#1117=SURFACE_STYLE_USAGE(.BOTH.,#1199);
#1118=SURFACE_STYLE_USAGE(.BOTH.,#1200);
#1119=SURFACE_STYLE_USAGE(.BOTH.,#1201);
#1120=SURFACE_STYLE_USAGE(.BOTH.,#1202);
#1121=SURFACE_STYLE_USAGE(.BOTH.,#1203);
#1122=SURFACE_STYLE_USAGE(.BOTH.,#1204);
#1123=SURFACE_STYLE_USAGE(.BOTH.,#1205);
#1124=SURFACE_STYLE_USAGE(.BOTH.,#1206);
#1125=SURFACE_STYLE_USAGE(.BOTH.,#1207);
#1126=SURFACE_STYLE_USAGE(.BOTH.,#1208);
#1127=SURFACE_STYLE_USAGE(.BOTH.,#1209);
#1128=SURFACE_STYLE_USAGE(.BOTH.,#1210);
#1129=SURFACE_STYLE_USAGE(.BOTH.,#1211);
#1130=SURFACE_STYLE_USAGE(.BOTH.,#1212);
#1131=SURFACE_STYLE_USAGE(.BOTH.,#1213);
#1132=SURFACE_STYLE_USAGE(.BOTH.,#1214);
#1133=SURFACE_STYLE_USAGE(.BOTH.,#1215);
#1134=SURFACE_STYLE_USAGE(.BOTH.,#1216);
#1135=SURFACE_STYLE_USAGE(.BOTH.,#1217);
#1136=SURFACE_STYLE_USAGE(.BOTH.,#1218);
#1137=SURFACE_STYLE_USAGE(.BOTH.,#1219);
#1138=SURFACE_STYLE_USAGE(.BOTH.,#1220);
#1139=SURFACE_STYLE_USAGE(.BOTH.,#1221);
#1140=SURFACE_STYLE_USAGE(.BOTH.,#1222);
#1141=SURFACE_STYLE_USAGE(.BOTH.,#1223);
#1142=SURFACE_STYLE_USAGE(.BOTH.,#1224);
#1143=SURFACE_STYLE_USAGE(.BOTH.,#1225);
#1144=SURFACE_STYLE_USAGE(.BOTH.,#1226);
#1145=SURFACE_STYLE_USAGE(.BOTH.,#1227);
#1146=SURFACE_STYLE_USAGE(.BOTH.,#1228);
#1147=SURFACE_STYLE_USAGE(.BOTH.,#1229);
#1148=SURFACE_STYLE_USAGE(.BOTH.,#1230);
#1149=SURFACE_STYLE_USAGE(.BOTH.,#1231);
#1150=SURFACE_STYLE_USAGE(.BOTH.,#1232);
#1151=SURFACE_STYLE_USAGE(.BOTH.,#1233);
#1152=SURFACE_STYLE_USAGE(.BOTH.,#1234);
#1153=SURFACE_STYLE_USAGE(.BOTH.,#1235);
#1154=SURFACE_STYLE_USAGE(.BOTH.,#1236);
#1155=SURFACE_STYLE_USAGE(.BOTH.,#1237);
#1156=SURFACE_STYLE_USAGE(.BOTH.,#1238);
#1157=SURFACE_STYLE_USAGE(.BOTH.,#1239);
#1158=SURFACE_STYLE_USAGE(.BOTH.,#1240);
#1159=SURFACE_STYLE_USAGE(.BOTH.,#1241);
#1160=SURFACE_STYLE_USAGE(.BOTH.,#1242);
#1161=SURFACE_STYLE_USAGE(.BOTH.,#1243);
#1162=SURFACE_STYLE_USAGE(.BOTH.,#1244);
#1163=SURFACE_STYLE_USAGE(.BOTH.,#1245);
#1164=SURFACE_STYLE_USAGE(.BOTH.,#1246);
#1165=SURFACE_STYLE_USAGE(.BOTH.,#1247);
#1166=SURFACE_STYLE_USAGE(.BOTH.,#1248);
#1167=SURFACE_STYLE_USAGE(.BOTH.,#1249);
#1168=SURFACE_STYLE_USAGE(.BOTH.,#1250);
#1169=SURFACE_STYLE_USAGE(.BOTH.,#1251);
#1170=SURFACE_STYLE_USAGE(.BOTH.,#1252);
#1171=SURFACE_STYLE_USAGE(.BOTH.,#1253);
#1172=SURFACE_STYLE_USAGE(.BOTH.,#1254);
#1173=SURFACE_STYLE_USAGE(.BOTH.,#1255);
#1174=SURFACE_STYLE_USAGE(.BOTH.,#1256);
#1175=SURFACE_STYLE_USAGE(.BOTH.,#1257);
#1176=SURFACE_STYLE_USAGE(.BOTH.,#1258);
#1177=SURFACE_STYLE_USAGE(.BOTH.,#1259);
#1178=SURFACE_STYLE_USAGE(.BOTH.,#1260);
#1179=SURFACE_STYLE_USAGE(.BOTH.,#1261);
#1180=SURFACE_STYLE_USAGE(.BOTH.,#1262);
#1181=SURFACE_STYLE_USAGE(.BOTH.,#1263);
#1182=SURFACE_STYLE_USAGE(.BOTH.,#1264);
#1183=SURFACE_STYLE_USAGE(.BOTH.,#1265);
#1184=SURFACE_STYLE_USAGE(.BOTH.,#1266);
#1185=SURFACE_SIDE_STYLE('',(#1267));
#1186=SURFACE_SIDE_STYLE('',(#1268));
#1187=SURFACE_SIDE_STYLE('',(#1269));
#1188=SURFACE_SIDE_STYLE('',(#1270));
#1189=SURFACE_SIDE_STYLE('',(#1271));
#1190=SURFACE_SIDE_STYLE('',(#1272));
#1191=SURFACE_SIDE_STYLE('',(#1273));
#1192=SURFACE_SIDE_STYLE('',(#1274));
#1193=SURFACE_SIDE_STYLE('',(#1275));
#1194=SURFACE_SIDE_STYLE('',(#1276));
#1195=SURFACE_SIDE_STYLE('',(#1277));
#1196=SURFACE_SIDE_STYLE('',(#1278));
#1197=SURFACE_SIDE_STYLE('',(#1279));
#1198=SURFACE_SIDE_STYLE('',(#1280));
#1199=SURFACE_SIDE_STYLE('',(#1281));
#1200=SURFACE_SIDE_STYLE('',(#1282));
#1201=SURFACE_SIDE_STYLE('',(#1283));
#1202=SURFACE_SIDE_STYLE('',(#1284));
#1203=SURFACE_SIDE_STYLE('',(#1285));
#1204=SURFACE_SIDE_STYLE('',(#1286));
#1205=SURFACE_SIDE_STYLE('',(#1287));
#1206=SURFACE_SIDE_STYLE('',(#1288));
#1207=SURFACE_SIDE_STYLE('',(#1289));
#1208=SURFACE_SIDE_STYLE('',(#1290));
#1209=SURFACE_SIDE_STYLE('',(#1291));
#1210=SURFACE_SIDE_STYLE('',(#1292));
#1211=SURFACE_SIDE_STYLE('',(#1293));
#1212=SURFACE_SIDE_STYLE('',(#1294));
#1213=SURFACE_SIDE_STYLE('',(#1295));
#1214=SURFACE_SIDE_STYLE('',(#1296));
#1215=SURFACE_SIDE_STYLE('',(#1297));
#1216=SURFACE_SIDE_STYLE('',(#1298));
#1217=SURFACE_SIDE_STYLE('',(#1299));
#1218=SURFACE_SIDE_STYLE('',(#1300));
#1219=SURFACE_SIDE_STYLE('',(#1301));
#1220=SURFACE_SIDE_STYLE('',(#1302));
#1221=SURFACE_SIDE_STYLE('',(#1303));
#1222=SURFACE_SIDE_STYLE('',(#1304));
#1223=SURFACE_SIDE_STYLE('',(#1305));
#1224=SURFACE_SIDE_STYLE('',(#1306));
#1225=SURFACE_SIDE_STYLE('',(#1307));
#1226=SURFACE_SIDE_STYLE('',(#1308));
#1227=SURFACE_SIDE_STYLE('',(#1309));
#1228=SURFACE_SIDE_STYLE('',(#1310));
#1229=SURFACE_SIDE_STYLE('',(#1311));
#1230=SURFACE_SIDE_STYLE('',(#1312));
#1231=SURFACE_SIDE_STYLE('',(#1313));
#1232=SURFACE_SIDE_STYLE('',(#1314));
#1233=SURFACE_SIDE_STYLE('',(#1315));
#1234=SURFACE_SIDE_STYLE('',(#1316));
#1235=SURFACE_SIDE_STYLE('',(#1317));
#1236=SURFACE_SIDE_STYLE('',(#1318));
#1237=SURFACE_SIDE_STYLE('',(#1319));
#1238=SURFACE_SIDE_STYLE('',(#1320));
#1239=SURFACE_SIDE_STYLE('',(#1321));
#1240=SURFACE_SIDE_STYLE('',(#1322));
#1241=SURFACE_SIDE_STYLE('',(#1323));
#1242=SURFACE_SIDE_STYLE('',(#1324));
#1243=SURFACE_SIDE_STYLE('',(#1325));
#1244=SURFACE_SIDE_STYLE('',(#1326));
#1245=SURFACE_SIDE_STYLE('',(#1327));
#1246=SURFACE_SIDE_STYLE('',(#1328));
#1247=SURFACE_SIDE_STYLE('',(#1329));
#1248=SURFACE_SIDE_STYLE('',(#1330));
#1249=SURFACE_SIDE_STYLE('',(#1331));
#1250=SURFACE_SIDE_STYLE('',(#1332));
#1251=SURFACE_SIDE_STYLE('',(#1333));
#1252=SURFACE_SIDE_STYLE('',(#1334));
#1253=SURFACE_SIDE_STYLE('',(#1335));
#1254=SURFACE_SIDE_STYLE('',(#1336));
#1255=SURFACE_SIDE_STYLE('',(#1337));
#1256=SURFACE_SIDE_STYLE('',(#1338));
#1257=SURFACE_SIDE_STYLE('',(#1339));
#1258=SURFACE_SIDE_STYLE('',(#1340));
#1259=SURFACE_SIDE_STYLE('',(#1341));
#1260=SURFACE_SIDE_STYLE('',(#1342));
#1261=SURFACE_SIDE_STYLE('',(#1343));
#1262=SURFACE_SIDE_STYLE('',(#1344));
#1263=SURFACE_SIDE_STYLE('',(#1345));
#1264=SURFACE_SIDE_STYLE('',(#1346));
#1265=SURFACE_SIDE_STYLE('',(#1347));
#1266=SURFACE_SIDE_STYLE('',(#1348));
#1267=SURFACE_STYLE_FILL_AREA(#1349);
#1268=SURFACE_STYLE_FILL_AREA(#1350);
#1269=SURFACE_STYLE_FILL_AREA(#1351);
#1270=SURFACE_STYLE_FILL_AREA(#1352);
#1271=SURFACE_STYLE_FILL_AREA(#1353);
#1272=SURFACE_STYLE_FILL_AREA(#1354);
#1273=SURFACE_STYLE_FILL_AREA(#1355);
#1274=SURFACE_STYLE_FILL_AREA(#1356);
#1275=SURFACE_STYLE_FILL_AREA(#1357);
#1276=SURFACE_STYLE_FILL_AREA(#1358);
#1277=SURFACE_STYLE_FILL_AREA(#1359);
#1278=SURFACE_STYLE_FILL_AREA(#1360);
#1279=SURFACE_STYLE_FILL_AREA(#1361);
#1280=SURFACE_STYLE_FILL_AREA(#1362);
#1281=SURFACE_STYLE_FILL_AREA(#1363);
#1282=SURFACE_STYLE_FILL_AREA(#1364);
#1283=SURFACE_STYLE_FILL_AREA(#1365);
#1284=SURFACE_STYLE_FILL_AREA(#1366);
#1285=SURFACE_STYLE_FILL_AREA(#1367);
#1286=SURFACE_STYLE_FILL_AREA(#1368);
#1287=SURFACE_STYLE_FILL_AREA(#1369);
#1288=SURFACE_STYLE_FILL_AREA(#1370);
#1289=SURFACE_STYLE_FILL_AREA(#1371);
#1290=SURFACE_STYLE_FILL_AREA(#1372);
#1291=SURFACE_STYLE_FILL_AREA(#1373);
#1292=SURFACE_STYLE_FILL_AREA(#1374);
#1293=SURFACE_STYLE_FILL_AREA(#1375);
#1294=SURFACE_STYLE_FILL_AREA(#1376);
#1295=SURFACE_STYLE_FILL_AREA(#1377);
#1296=SURFACE_STYLE_FILL_AREA(#1378);
#1297=SURFACE_STYLE_FILL_AREA(#1379);
#1298=SURFACE_STYLE_FILL_AREA(#1380);
#1299=SURFACE_STYLE_FILL_AREA(#1381);
#1300=SURFACE_STYLE_FILL_AREA(#1382);
#1301=SURFACE_STYLE_FILL_AREA(#1383);
#1302=SURFACE_STYLE_FILL_AREA(#1384);
#1303=SURFACE_STYLE_FILL_AREA(#1385);
#1304=SURFACE_STYLE_FILL_AREA(#1386);
#1305=SURFACE_STYLE_FILL_AREA(#1387);
#1306=SURFACE_STYLE_FILL_AREA(#1388);
#1307=SURFACE_STYLE_FILL_AREA(#1389);
#1308=SURFACE_STYLE_FILL_AREA(#1390);
#1309=SURFACE_STYLE_FILL_AREA(#1391);
#1310=SURFACE_STYLE_FILL_AREA(#1392);
#1311=SURFACE_STYLE_FILL_AREA(#1393);
#1312=SURFACE_STYLE_FILL_AREA(#1394);
#1313=SURFACE_STYLE_FILL_AREA(#1395);
#1314=SURFACE_STYLE_FILL_AREA(#1396);
#1315=SURFACE_STYLE_FILL_AREA(#1397);
#1316=SURFACE_STYLE_FILL_AREA(#1398);
#1317=SURFACE_STYLE_FILL_AREA(#1399);
#1318=SURFACE_STYLE_FILL_AREA(#1400);
#1319=SURFACE_STYLE_FILL_AREA(#1401);
#1320=SURFACE_STYLE_FILL_AREA(#1402);
#1321=SURFACE_STYLE_FILL_AREA(#1403);
#1322=SURFACE_STYLE_FILL_AREA(#1404);
#1323=SURFACE_STYLE_FILL_AREA(#1405);
#1324=SURFACE_STYLE_FILL_AREA(#1406);
#1325=SURFACE_STYLE_FILL_AREA(#1407);
#1326=SURFACE_STYLE_FILL_AREA(#1408);
#1327=SURFACE_STYLE_FILL_AREA(#1409);
#1328=SURFACE_STYLE_FILL_AREA(#1410);
#1329=SURFACE_STYLE_FILL_AREA(#1411);
#1330=SURFACE_STYLE_FILL_AREA(#1412);
#1331=SURFACE_STYLE_FILL_AREA(#1413);
#1332=SURFACE_STYLE_FILL_AREA(#1414);
#1333=SURFACE_STYLE_FILL_AREA(#1415);
#1334=SURFACE_STYLE_FILL_AREA(#1416);
#1335=SURFACE_STYLE_FILL_AREA(#1417);
#1336=SURFACE_STYLE_FILL_AREA(#1418);
#1337=SURFACE_STYLE_FILL_AREA(#1419);
#1338=SURFACE_STYLE_FILL_AREA(#1420);
#1339=SURFACE_STYLE_FILL_AREA(#1421);
#1340=SURFACE_STYLE_FILL_AREA(#1422);
#1341=SURFACE_STYLE_FILL_AREA(#1423);
#1342=SURFACE_STYLE_FILL_AREA(#1424);
#1343=SURFACE_STYLE_FILL_AREA(#1425);
#1344=SURFACE_STYLE_FILL_AREA(#1426);
#1345=SURFACE_STYLE_FILL_AREA(#1427);
#1346=SURFACE_STYLE_FILL_AREA(#1428);
#1347=SURFACE_STYLE_FILL_AREA(#1429);
#1348=SURFACE_STYLE_FILL_AREA(#1430);
#1349=FILL_AREA_STYLE('',(#1431));
#1350=FILL_AREA_STYLE('',(#1432));
#1351=FILL_AREA_STYLE('',(#1433));
#1352=FILL_AREA_STYLE('',(#1434));
#1353=FILL_AREA_STYLE('',(#1435));
#1354=FILL_AREA_STYLE('',(#1436));
#1355=FILL_AREA_STYLE('',(#1437));
#1356=FILL_AREA_STYLE('',(#1438));
#1357=FILL_AREA_STYLE('',(#1439));
#1358=FILL_AREA_STYLE('',(#1440));
#1359=FILL_AREA_STYLE('',(#1441));
#1360=FILL_AREA_STYLE('',(#1442));
#1361=FILL_AREA_STYLE('',(#1443));
#1362=FILL_AREA_STYLE('',(#1444));
#1363=FILL_AREA_STYLE('',(#1445));
#1364=FILL_AREA_STYLE('',(#1446));
#1365=FILL_AREA_STYLE('',(#1447));
#1366=FILL_AREA_STYLE('',(#1448));
#1367=FILL_AREA_STYLE('',(#1449));
#1368=FILL_AREA_STYLE('',(#1450));
#1369=FILL_AREA_STYLE('',(#1451));
#1370=FILL_AREA_STYLE('',(#1452));
#1371=FILL_AREA_STYLE('',(#1453));
#1372=FILL_AREA_STYLE('',(#1454));
#1373=FILL_AREA_STYLE('',(#1455));
#1374=FILL_AREA_STYLE('',(#1456));
#1375=FILL_AREA_STYLE('',(#1457));
#1376=FILL_AREA_STYLE('',(#1458));
#1377=FILL_AREA_STYLE('',(#1459));
#1378=FILL_AREA_STYLE('',(#1460));
#1379=FILL_AREA_STYLE('',(#1461));
#1380=FILL_AREA_STYLE('',(#1462));
#1381=FILL_AREA_STYLE('',(#1463));
#1382=FILL_AREA_STYLE('',(#1464));
#1383=FILL_AREA_STYLE('',(#1465));
#1384=FILL_AREA_STYLE('',(#1466));
#1385=FILL_AREA_STYLE('',(#1467));
#1386=FILL_AREA_STYLE('',(#1468));
#1387=FILL_AREA_STYLE('',(#1469));
#1388=FILL_AREA_STYLE('',(#1470));
#1389=FILL_AREA_STYLE('',(#1471));
#1390=FILL_AREA_STYLE('',(#1472));
#1391=FILL_AREA_STYLE('',(#1473));
#1392=FILL_AREA_STYLE('',(#1474));
#1393=FILL_AREA_STYLE('',(#1475));
#1394=FILL_AREA_STYLE('',(#1476));
#1395=FILL_AREA_STYLE('',(#1477));
#1396=FILL_AREA_STYLE('',(#1478));
#1397=FILL_AREA_STYLE('',(#1479));
#1398=FILL_AREA_STYLE('',(#1480));
#1399=FILL_AREA_STYLE('',(#1481));
#1400=FILL_AREA_STYLE('',(#1482));
#1401=FILL_AREA_STYLE('',(#1483));
#1402=FILL_AREA_STYLE('',(#1484));
#1403=FILL_AREA_STYLE('',(#1485));
#1404=FILL_AREA_STYLE('',(#1486));
#1405=FILL_AREA_STYLE('',(#1487));
#1406=FILL_AREA_STYLE('',(#1488));
#1407=FILL_AREA_STYLE('',(#1489));
#1408=FILL_AREA_STYLE('',(#1490));
#1409=FILL_AREA_STYLE('',(#1491));
#1410=FILL_AREA_STYLE('',(#1492));
#1411=FILL_AREA_STYLE('',(#1493));
#1412=FILL_AREA_STYLE('',(#1494));
#1413=FILL_AREA_STYLE('',(#1495));
#1414=FILL_AREA_STYLE('',(#1496));
#1415=FILL_AREA_STYLE('',(#1497));
#1416=FILL_AREA_STYLE('',(#1498));
#1417=FILL_AREA_STYLE('',(#1499));
#1418=FILL_AREA_STYLE('',(#1500));
#1419=FILL_AREA_STYLE('',(#1501));
#1420=FILL_AREA_STYLE('',(#1502));
#1421=FILL_AREA_STYLE('',(#1503));
#1422=FILL_AREA_STYLE('',(#1504));
#1423=FILL_AREA_STYLE('',(#1505));
#1424=FILL_AREA_STYLE('',(#1506));
#1425=FILL_AREA_STYLE('',(#1507));
#1426=FILL_AREA_STYLE('',(#1508));
#1427=FILL_AREA_STYLE('',(#1509));
#1428=FILL_AREA_STYLE('',(#1510));
#1429=FILL_AREA_STYLE('',(#1511));
#1430=FILL_AREA_STYLE('',(#1512));
#1431=FILL_AREA_STYLE_COLOUR('',#5817);
#1432=FILL_AREA_STYLE_COLOUR('',#5817);
#1433=FILL_AREA_STYLE_COLOUR('',#5818);
#1434=FILL_AREA_STYLE_COLOUR('',#5818);
#1435=FILL_AREA_STYLE_COLOUR('',#5818);
#1436=FILL_AREA_STYLE_COLOUR('',#5818);
#1437=FILL_AREA_STYLE_COLOUR('',#5818);
#1438=FILL_AREA_STYLE_COLOUR('',#5818);
#1439=FILL_AREA_STYLE_COLOUR('',#5819);
#1440=FILL_AREA_STYLE_COLOUR('',#5819);
#1441=FILL_AREA_STYLE_COLOUR('',#5819);
#1442=FILL_AREA_STYLE_COLOUR('',#5819);
#1443=FILL_AREA_STYLE_COLOUR('',#5819);
#1444=FILL_AREA_STYLE_COLOUR('',#5819);
#1445=FILL_AREA_STYLE_COLOUR('',#5819);
#1446=FILL_AREA_STYLE_COLOUR('',#5819);
#1447=FILL_AREA_STYLE_COLOUR('',#5819);
#1448=FILL_AREA_STYLE_COLOUR('',#5819);
#1449=FILL_AREA_STYLE_COLOUR('',#5818);
#1450=FILL_AREA_STYLE_COLOUR('',#5818);
#1451=FILL_AREA_STYLE_COLOUR('',#5818);
#1452=FILL_AREA_STYLE_COLOUR('',#5818);
#1453=FILL_AREA_STYLE_COLOUR('',#5818);
#1454=FILL_AREA_STYLE_COLOUR('',#5818);
#1455=FILL_AREA_STYLE_COLOUR('',#5818);
#1456=FILL_AREA_STYLE_COLOUR('',#5818);
#1457=FILL_AREA_STYLE_COLOUR('',#5818);
#1458=FILL_AREA_STYLE_COLOUR('',#5818);
#1459=FILL_AREA_STYLE_COLOUR('',#5818);
#1460=FILL_AREA_STYLE_COLOUR('',#5818);
#1461=FILL_AREA_STYLE_COLOUR('',#5818);
#1462=FILL_AREA_STYLE_COLOUR('',#5818);
#1463=FILL_AREA_STYLE_COLOUR('',#5818);
#1464=FILL_AREA_STYLE_COLOUR('',#5818);
#1465=FILL_AREA_STYLE_COLOUR('',#5818);
#1466=FILL_AREA_STYLE_COLOUR('',#5818);
#1467=FILL_AREA_STYLE_COLOUR('',#5818);
#1468=FILL_AREA_STYLE_COLOUR('',#5818);
#1469=FILL_AREA_STYLE_COLOUR('',#5818);
#1470=FILL_AREA_STYLE_COLOUR('',#5818);
#1471=FILL_AREA_STYLE_COLOUR('',#5818);
#1472=FILL_AREA_STYLE_COLOUR('',#5818);
#1473=FILL_AREA_STYLE_COLOUR('',#5818);
#1474=FILL_AREA_STYLE_COLOUR('',#5818);
#1475=FILL_AREA_STYLE_COLOUR('',#5818);
#1476=FILL_AREA_STYLE_COLOUR('',#5818);
#1477=FILL_AREA_STYLE_COLOUR('',#5818);
#1478=FILL_AREA_STYLE_COLOUR('',#5818);
#1479=FILL_AREA_STYLE_COLOUR('',#5818);
#1480=FILL_AREA_STYLE_COLOUR('',#5818);
#1481=FILL_AREA_STYLE_COLOUR('',#5818);
#1482=FILL_AREA_STYLE_COLOUR('',#5818);
#1483=FILL_AREA_STYLE_COLOUR('',#5818);
#1484=FILL_AREA_STYLE_COLOUR('',#5818);
#1485=FILL_AREA_STYLE_COLOUR('',#5818);
#1486=FILL_AREA_STYLE_COLOUR('',#5818);
#1487=FILL_AREA_STYLE_COLOUR('',#5818);
#1488=FILL_AREA_STYLE_COLOUR('',#5820);
#1489=FILL_AREA_STYLE_COLOUR('',#5820);
#1490=FILL_AREA_STYLE_COLOUR('',#5820);
#1491=FILL_AREA_STYLE_COLOUR('',#5817);
#1492=FILL_AREA_STYLE_COLOUR('',#5817);
#1493=FILL_AREA_STYLE_COLOUR('',#5820);
#1494=FILL_AREA_STYLE_COLOUR('',#5820);
#1495=FILL_AREA_STYLE_COLOUR('',#5820);
#1496=FILL_AREA_STYLE_COLOUR('',#5820);
#1497=FILL_AREA_STYLE_COLOUR('',#5820);
#1498=FILL_AREA_STYLE_COLOUR('',#5820);
#1499=FILL_AREA_STYLE_COLOUR('',#5820);
#1500=FILL_AREA_STYLE_COLOUR('',#5820);
#1501=FILL_AREA_STYLE_COLOUR('',#5817);
#1502=FILL_AREA_STYLE_COLOUR('',#5820);
#1503=FILL_AREA_STYLE_COLOUR('',#5820);
#1504=FILL_AREA_STYLE_COLOUR('',#5820);
#1505=FILL_AREA_STYLE_COLOUR('',#5820);
#1506=FILL_AREA_STYLE_COLOUR('',#5820);
#1507=FILL_AREA_STYLE_COLOUR('',#5820);
#1508=FILL_AREA_STYLE_COLOUR('',#5820);
#1509=FILL_AREA_STYLE_COLOUR('',#5817);
#1510=FILL_AREA_STYLE_COLOUR('',#5817);
#1511=FILL_AREA_STYLE_COLOUR('',#5817);
#1512=FILL_AREA_STYLE_COLOUR('',#5817);
#1513=MANIFOLD_SOLID_BREP('',#1540);
#1514=MANIFOLD_SOLID_BREP('',#1541);
#1515=MANIFOLD_SOLID_BREP('',#1542);
#1516=MANIFOLD_SOLID_BREP('',#1543);
#1517=MANIFOLD_SOLID_BREP('',#1544);
#1518=MANIFOLD_SOLID_BREP('',#1545);
#1519=MANIFOLD_SOLID_BREP('',#1546);
#1520=MANIFOLD_SOLID_BREP('',#1547);
#1521=MANIFOLD_SOLID_BREP('',#1548);
#1522=MANIFOLD_SOLID_BREP('',#1549);
#1523=MANIFOLD_SOLID_BREP('',#1550);
#1524=MANIFOLD_SOLID_BREP('',#1551);
#1525=MANIFOLD_SOLID_BREP('',#1552);
#1526=MANIFOLD_SOLID_BREP('',#1553);
#1527=MANIFOLD_SOLID_BREP('',#1554);
#1528=MANIFOLD_SOLID_BREP('',#1555);
#1529=MANIFOLD_SOLID_BREP('',#1556);
#1530=MANIFOLD_SOLID_BREP('',#1557);
#1531=MANIFOLD_SOLID_BREP('',#1558);
#1532=MANIFOLD_SOLID_BREP('',#1559);
#1533=MANIFOLD_SOLID_BREP('',#1560);
#1534=MANIFOLD_SOLID_BREP('',#1561);
#1535=MANIFOLD_SOLID_BREP('',#1562);
#1536=MANIFOLD_SOLID_BREP('',#1563);
#1537=MANIFOLD_SOLID_BREP('',#1564);
#1538=MANIFOLD_SOLID_BREP('',#1565);
#1539=MANIFOLD_SOLID_BREP('',#1566);
#1540=CLOSED_SHELL('',(#1696,#1697,#1698,#1699,#1700,#1701));
#1541=CLOSED_SHELL('',(#1702,#1703,#1704,#1705,#1706,#1707,#1708,#1709,
#1710,#1711,#1712,#1713,#1714,#1715,#1716,#1717,#1718,#1719,#1720,#1721,
#1722,#1723,#1724,#1725,#1726,#1727,#1728,#1729,#1730,#1731,#1732,#1733,
#1734,#1735,#1736,#1737,#1738,#1739,#1740,#1741,#1742,#1743,#1744,#1745,
#1746,#1747,#1748,#1749,#1750,#1751,#1752,#1753,#1754,#1755,#1756,#1757,
#1758,#1759,#1760,#1761,#1762,#1763,#1764,#1765,#1766,#1767,#1768,#1769,
#1770,#1771,#1772,#1773,#1774,#1775,#1776,#1777,#1778,#1779,#1780,#1781,
#1782,#1783,#1784,#1785,#1786,#1787,#1788,#1789,#1790,#1791,#1792,#1793,
#1794,#1795,#1796,#1797,#1798,#1799,#1800,#1801,#1802,#1803,#1804,#1805,
#1806,#1807,#1808,#1809,#1810,#1811,#1812,#1813,#1814,#1815,#1816,#1817,
#1818,#1819,#1820,#1821,#1822,#1823,#1824,#1825,#1826));
#1542=CLOSED_SHELL('',(#1827,#1828,#1829,#1830,#1831,#1832,#1833,#1834,
#1835,#1836,#1837,#1838,#1839,#1840,#1841,#1842,#1843));
#1543=CLOSED_SHELL('',(#1844,#1845,#1846,#1847,#1848,#1849,#1850,#1851,
#1852,#1853,#1854,#1855,#1856,#1857,#1858,#1859,#1860));
#1544=CLOSED_SHELL('',(#1861,#1862,#1863,#1864,#1865,#1866,#1867,#1868,
#1869,#1870,#1871,#1872,#1873,#1874,#1875,#1876,#1877,#1878,#1879,#1880,
#1881,#1882,#1883,#1884,#1885,#1886));
#1545=CLOSED_SHELL('',(#1887,#1888,#1889,#1890,#1891,#1892,#1893,#1894,
#1895,#1896,#1897,#1898,#1899,#1900,#1901,#1902,#1903,#1904,#1905,#1906,
#1907,#1908,#1909,#1910,#1911,#1912,#1913,#1914,#1915,#1916,#1917,#1918,
#1919));
#1546=CLOSED_SHELL('',(#1920,#1921,#1922,#1923,#1924,#1925));
#1547=CLOSED_SHELL('',(#1926,#1927,#1928));
#1548=CLOSED_SHELL('',(#1929,#1930,#1931));
#1549=CLOSED_SHELL('',(#1932,#1933,#1934));
#1550=CLOSED_SHELL('',(#1935,#1936,#1937));
#1551=CLOSED_SHELL('',(#1938,#1939,#1940));
#1552=CLOSED_SHELL('',(#1941,#1942,#1943));
#1553=CLOSED_SHELL('',(#1944,#1945,#1946));
#1554=CLOSED_SHELL('',(#1947,#1948,#1949));
#1555=CLOSED_SHELL('',(#1950,#1951,#1952,#1953,#1954,#1955));
#1556=CLOSED_SHELL('',(#1956,#1957,#1958));
#1557=CLOSED_SHELL('',(#1959,#1960,#1961));
#1558=CLOSED_SHELL('',(#1962,#1963,#1964,#1965,#1966,#1967,#1968,#1969,
#1970,#1971,#1972));
#1559=CLOSED_SHELL('',(#1973,#1974,#1975));
#1560=CLOSED_SHELL('',(#1976,#1977,#1978));
#1561=CLOSED_SHELL('',(#1979,#1980,#1981));
#1562=CLOSED_SHELL('',(#1982,#1983,#1984));
#1563=CLOSED_SHELL('',(#1985,#1986,#1987,#1988,#1989,#1990,#1991,#1992,
#1993,#1994,#1995,#1996,#1997,#1998,#1999,#2000,#2001,#2002,#2003,#2004,
#2005,#2006,#2007,#2008,#2009,#2010,#2011,#2012,#2013,#2014,#2015,#2016,
#2017));
#1564=CLOSED_SHELL('',(#2018,#2019,#2020,#2021,#2022,#2023));
#1565=CLOSED_SHELL('',(#2024,#2025,#2026,#2027,#2028,#2029));
#1566=CLOSED_SHELL('',(#2030,#2031,#2032,#2033,#2034,#2035));
#1567=CONICAL_SURFACE('',#5831,3.3267949192431,30.0000000000018);
#1568=CONICAL_SURFACE('',#5834,3.5,30.0000000000018);
#1569=CONICAL_SURFACE('',#5983,3.7,45.0000000000002);
#1570=CONICAL_SURFACE('',#5989,2.,44.9999999999999);
#1571=CONICAL_SURFACE('',#5995,1.621,45.);
#1572=CONICAL_SURFACE('',#6000,3.5,45.0000000000002);
#1573=CONICAL_SURFACE('',#6002,3.7,45.);
#1574=CONICAL_SURFACE('',#6008,2.,45.);
#1575=CONICAL_SURFACE('',#6014,1.621,45.0000000000001);
#1576=CONICAL_SURFACE('',#6019,3.5,45.);
#1577=CONICAL_SURFACE('',#6033,0.,45.);
#1578=CONICAL_SURFACE('',#6038,0.,45.);
#1579=CONICAL_SURFACE('',#6045,1.621,45.);
#1580=CONICAL_SURFACE('',#6050,3.5,45.0000000000001);
#1581=CONICAL_SURFACE('',#6054,1.621,45.0000000000001);
#1582=CONICAL_SURFACE('',#6059,3.5,44.9999999999999);
#1583=CONICAL_SURFACE('',#6184,1.7,45.);
#1584=CONICAL_SURFACE('',#6185,0.,45.);
#1585=CONICAL_SURFACE('',#6187,3.7,45.);
#1586=CONICAL_SURFACE('',#6194,3.7,45.);
#1587=CONICAL_SURFACE('',#6213,3.3267949192431,30.0000000000018);
#1588=CONICAL_SURFACE('',#6216,3.5,30.0000000000018);
#1589=CONICAL_SURFACE('',#6265,3.3267949192431,30.0000000000018);
#1590=CONICAL_SURFACE('',#6268,3.5,30.0000000000018);
#1591=CONICAL_SURFACE('',#6348,1.7,45.);
#1592=CONICAL_SURFACE('',#6349,0.,45.);
#1593=CONICAL_SURFACE('',#6351,3.7,45.);
#1594=CONICAL_SURFACE('',#6358,3.7,45.);
#1595=CONICAL_SURFACE('',#6377,3.3267949192431,30.0000000000018);
#1596=CONICAL_SURFACE('',#6380,3.5,30.0000000000018);
#1597=CONICAL_SURFACE('',#6389,3.3267949192431,30.0000000000018);
#1598=CONICAL_SURFACE('',#6392,3.5,30.0000000000018);
#1599=CONICAL_SURFACE('',#6401,3.3267949192431,30.0000000000018);
#1600=CONICAL_SURFACE('',#6404,3.5,30.0000000000018);
#1601=CYLINDRICAL_SURFACE('',#5827,2.65);
#1602=CYLINDRICAL_SURFACE('',#5833,3.5);
#1603=CYLINDRICAL_SURFACE('',#5857,65.9999999999856);
#1604=CYLINDRICAL_SURFACE('',#5864,65.9999999999856);
#1605=CYLINDRICAL_SURFACE('',#5879,0.40000000000145);
#1606=CYLINDRICAL_SURFACE('',#5882,65.9999999999642);
#1607=CYLINDRICAL_SURFACE('',#5891,65.9999999999483);
#1608=CYLINDRICAL_SURFACE('',#5893,0.400000000001442);
#1609=CYLINDRICAL_SURFACE('',#5898,0.40000000000145);
#1610=CYLINDRICAL_SURFACE('',#5900,65.9999999999642);
#1611=CYLINDRICAL_SURFACE('',#5914,65.9999999999483);
#1612=CYLINDRICAL_SURFACE('',#5917,0.400000000001442);
#1613=CYLINDRICAL_SURFACE('',#5932,0.40000000000024);
#1614=CYLINDRICAL_SURFACE('',#5934,65.8999999999933);
#1615=CYLINDRICAL_SURFACE('',#5936,0.400000000000234);
#1616=CYLINDRICAL_SURFACE('',#5939,0.40000000000024);
#1617=CYLINDRICAL_SURFACE('',#5941,65.8999999999933);
#1618=CYLINDRICAL_SURFACE('',#5943,0.400000000000234);
#1619=CYLINDRICAL_SURFACE('',#5946,0.40000000000145);
#1620=CYLINDRICAL_SURFACE('',#5948,0.400000000001442);
#1621=CYLINDRICAL_SURFACE('',#5951,0.40000000000145);
#1622=CYLINDRICAL_SURFACE('',#5953,0.400000000001442);
#1623=CYLINDRICAL_SURFACE('',#5972,1.10000000000001);
#1624=CYLINDRICAL_SURFACE('',#5974,1.10000000000001);
#1625=CYLINDRICAL_SURFACE('',#5978,1.10000000000001);
#1626=CYLINDRICAL_SURFACE('',#5981,1.10000000000001);
#1627=CYLINDRICAL_SURFACE('',#5985,3.5);
#1628=CYLINDRICAL_SURFACE('',#5993,1.621);
#1629=CYLINDRICAL_SURFACE('',#5999,3.5);
#1630=CYLINDRICAL_SURFACE('',#6004,3.5);
#1631=CYLINDRICAL_SURFACE('',#6012,1.621);
#1632=CYLINDRICAL_SURFACE('',#6018,3.5);
#1633=CYLINDRICAL_SURFACE('',#6024,3.5);
#1634=CYLINDRICAL_SURFACE('',#6028,3.5);
#1635=CYLINDRICAL_SURFACE('',#6036,1.2345);
#1636=CYLINDRICAL_SURFACE('',#6041,1.2345);
#1637=CYLINDRICAL_SURFACE('',#6043,1.621);
#1638=CYLINDRICAL_SURFACE('',#6049,3.5);
#1639=CYLINDRICAL_SURFACE('',#6052,1.621);
#1640=CYLINDRICAL_SURFACE('',#6058,3.5);
#1641=CYLINDRICAL_SURFACE('',#6082,1.485);
#1642=CYLINDRICAL_SURFACE('',#6085,1.62);
#1643=CYLINDRICAL_SURFACE('',#6088,1.62);
#1644=CYLINDRICAL_SURFACE('',#6104,1.485);
#1645=CYLINDRICAL_SURFACE('',#6107,1.62);
#1646=CYLINDRICAL_SURFACE('',#6110,1.62);
#1647=CYLINDRICAL_SURFACE('',#6116,65.9999999999483);
#1648=CYLINDRICAL_SURFACE('',#6126,65.9999999999642);
#1649=CYLINDRICAL_SURFACE('',#6129,0.40000000000145);
#1650=CYLINDRICAL_SURFACE('',#6133,0.400000000001442);
#1651=CYLINDRICAL_SURFACE('',#6136,65.9999999999483);
#1652=CYLINDRICAL_SURFACE('',#6146,65.9999999999642);
#1653=CYLINDRICAL_SURFACE('',#6149,0.40000000000145);
#1654=CYLINDRICAL_SURFACE('',#6153,0.400000000001442);
#1655=CYLINDRICAL_SURFACE('',#6180,0.999999999999311);
#1656=CYLINDRICAL_SURFACE('',#6183,1.5);
#1657=CYLINDRICAL_SURFACE('',#6189,3.5);
#1658=CYLINDRICAL_SURFACE('',#6192,1.621);
#1659=CYLINDRICAL_SURFACE('',#6196,3.5);
#1660=CYLINDRICAL_SURFACE('',#6199,1.621);
#1661=CYLINDRICAL_SURFACE('',#6209,2.65);
#1662=CYLINDRICAL_SURFACE('',#6215,3.5);
#1663=CYLINDRICAL_SURFACE('',#6219,3.5);
#1664=CYLINDRICAL_SURFACE('',#6224,2.5);
#1665=CYLINDRICAL_SURFACE('',#6229,3.5);
#1666=CYLINDRICAL_SURFACE('',#6234,1.5);
#1667=CYLINDRICAL_SURFACE('',#6239,2.5);
#1668=CYLINDRICAL_SURFACE('',#6244,2.5);
#1669=CYLINDRICAL_SURFACE('',#6249,1.5);
#1670=CYLINDRICAL_SURFACE('',#6254,2.5);
#1671=CYLINDRICAL_SURFACE('',#6261,2.65);
#1672=CYLINDRICAL_SURFACE('',#6267,3.5);
#1673=CYLINDRICAL_SURFACE('',#6271,2.1);
#1674=CYLINDRICAL_SURFACE('',#6276,10.);
#1675=CYLINDRICAL_SURFACE('',#6286,20.);
#1676=CYLINDRICAL_SURFACE('',#6289,2.5);
#1677=CYLINDRICAL_SURFACE('',#6292,2.5);
#1678=CYLINDRICAL_SURFACE('',#6295,2.5);
#1679=CYLINDRICAL_SURFACE('',#6298,2.5);
#1680=CYLINDRICAL_SURFACE('',#6302,2.1);
#1681=CYLINDRICAL_SURFACE('',#6307,2.1);
#1682=CYLINDRICAL_SURFACE('',#6312,2.5);
#1683=CYLINDRICAL_SURFACE('',#6317,2.1);
#1684=CYLINDRICAL_SURFACE('',#6344,0.999999999999311);
#1685=CYLINDRICAL_SURFACE('',#6347,1.5);
#1686=CYLINDRICAL_SURFACE('',#6353,3.5);
#1687=CYLINDRICAL_SURFACE('',#6356,1.621);
#1688=CYLINDRICAL_SURFACE('',#6360,3.5);
#1689=CYLINDRICAL_SURFACE('',#6363,1.621);
#1690=CYLINDRICAL_SURFACE('',#6373,2.65);
#1691=CYLINDRICAL_SURFACE('',#6379,3.5);
#1692=CYLINDRICAL_SURFACE('',#6385,2.65);
#1693=CYLINDRICAL_SURFACE('',#6391,3.5);
#1694=CYLINDRICAL_SURFACE('',#6397,2.65);
#1695=CYLINDRICAL_SURFACE('',#6403,3.5);
#1696=ADVANCED_FACE('PLAN_FACE0',(#2245,#2246),#2036,.T.);
#1697=ADVANCED_FACE('CYL_FACE0',(#2247,#2248),#1601,.F.);
#1698=ADVANCED_FACE('PLAN_FACE1',(#2249,#2250),#2037,.T.);
#1699=ADVANCED_FACE('CON_FACE0',(#2251,#2252),#1567,.T.);
#1700=ADVANCED_FACE('CYL_FACE1',(#2253,#2254),#1602,.T.);
#1701=ADVANCED_FACE('CON_FACE1',(#2255,#2256),#1568,.T.);
#1702=ADVANCED_FACE('PLAN_FACE0',(#107),#2038,.T.);
#1703=ADVANCED_FACE('PLAN_FACE1',(#108),#2039,.T.);
#1704=ADVANCED_FACE('PLAN_FACE2',(#109),#2040,.T.);
#1705=ADVANCED_FACE('PLAN_FACE3',(#110),#2041,.T.);
#1706=ADVANCED_FACE('CYL_FACE0',(#111),#1603,.T.);
#1707=ADVANCED_FACE('CYL_FACE1',(#112),#1604,.T.);
#1708=ADVANCED_FACE('PLAN_FACE4',(#113),#2042,.T.);
#1709=ADVANCED_FACE('PLAN_FACE5',(#2257,#2258,#2259),#2043,.F.);
#1710=ADVANCED_FACE('CYL_FACE2',(#114),#1605,.T.);
#1711=ADVANCED_FACE('CYL_FACE3',(#115),#1606,.T.);
#1712=ADVANCED_FACE('PLAN_FACE6',(#116),#2044,.F.);
#1713=ADVANCED_FACE('PLAN_FACE7',(#117),#2045,.F.);
#1714=ADVANCED_FACE('PLAN_FACE8',(#118),#2046,.F.);
#1715=ADVANCED_FACE('PLAN_FACE9',(#119),#2047,.F.);
#1716=ADVANCED_FACE('PLAN_FACE10',(#120),#2048,.F.);
#1717=ADVANCED_FACE('PLAN_FACE11',(#121),#2049,.F.);
#1718=ADVANCED_FACE('PLAN_FACE12',(#122),#2050,.F.);
#1719=ADVANCED_FACE('CYL_FACE4',(#123),#1607,.T.);
#1720=ADVANCED_FACE('CYL_FACE5',(#124),#1608,.T.);
#1721=ADVANCED_FACE('PLAN_FACE13',(#2260,#2261,#2262),#2051,.F.);
#1722=ADVANCED_FACE('CYL_FACE6',(#125),#1609,.T.);
#1723=ADVANCED_FACE('CYL_FACE7',(#126),#1610,.T.);
#1724=ADVANCED_FACE('PLAN_FACE14',(#127),#2052,.F.);
#1725=ADVANCED_FACE('PLAN_FACE15',(#128),#2053,.F.);
#1726=ADVANCED_FACE('PLAN_FACE16',(#129),#2054,.F.);
#1727=ADVANCED_FACE('PLAN_FACE17',(#130),#2055,.F.);
#1728=ADVANCED_FACE('PLAN_FACE18',(#131),#2056,.F.);
#1729=ADVANCED_FACE('PLAN_FACE19',(#132),#2057,.F.);
#1730=ADVANCED_FACE('PLAN_FACE20',(#133),#2058,.F.);
#1731=ADVANCED_FACE('CYL_FACE8',(#2263,#2264,#2265),#1611,.T.);
#1732=ADVANCED_FACE('CYL_FACE9',(#134),#1612,.T.);
#1733=ADVANCED_FACE('PLAN_FACE21',(#135),#2059,.T.);
#1734=ADVANCED_FACE('PLAN_FACE22',(#2266,#2267,#2268),#2060,.F.);
#1735=ADVANCED_FACE('PLAN_FACE23',(#136),#2061,.F.);
#1736=ADVANCED_FACE('PLAN_FACE24',(#137),#2062,.F.);
#1737=ADVANCED_FACE('PLAN_FACE25',(#138),#2063,.T.);
#1738=ADVANCED_FACE('CYL_FACE10',(#139),#1613,.T.);
#1739=ADVANCED_FACE('CYL_FACE11',(#140),#1614,.T.);
#1740=ADVANCED_FACE('CYL_FACE12',(#141),#1615,.T.);
#1741=ADVANCED_FACE('PLAN_FACE26',(#142),#2064,.T.);
#1742=ADVANCED_FACE('CYL_FACE13',(#143),#1616,.T.);
#1743=ADVANCED_FACE('CYL_FACE14',(#144),#1617,.T.);
#1744=ADVANCED_FACE('CYL_FACE15',(#145),#1618,.T.);
#1745=ADVANCED_FACE('PLAN_FACE27',(#146),#2065,.F.);
#1746=ADVANCED_FACE('CYL_FACE16',(#147),#1619,.T.);
#1747=ADVANCED_FACE('CYL_FACE17',(#148),#1620,.T.);
#1748=ADVANCED_FACE('PLAN_FACE28',(#149),#2066,.F.);
#1749=ADVANCED_FACE('CYL_FACE18',(#150),#1621,.T.);
#1750=ADVANCED_FACE('CYL_FACE19',(#151),#1622,.T.);
#1751=ADVANCED_FACE('PLAN_FACE29',(#2269,#2270),#2067,.F.);
#1752=ADVANCED_FACE('PLAN_FACE30',(#152),#2068,.T.);
#1753=ADVANCED_FACE('PLAN_FACE31',(#2271,#2272,#2273),#2069,.T.);
#1754=ADVANCED_FACE('PLAN_FACE32',(#153),#2070,.T.);
#1755=ADVANCED_FACE('PLAN_FACE33',(#154),#2071,.T.);
#1756=ADVANCED_FACE('PLAN_FACE34',(#155),#2072,.T.);
#1757=ADVANCED_FACE('PLAN_FACE35',(#156),#2073,.T.);
#1758=ADVANCED_FACE('PLAN_FACE36',(#157),#2074,.T.);
#1759=ADVANCED_FACE('PLAN_FACE37',(#158),#2075,.T.);
#1760=ADVANCED_FACE('PLAN_FACE38',(#159),#2076,.T.);
#1761=ADVANCED_FACE('PLAN_FACE39',(#160),#2077,.T.);
#1762=ADVANCED_FACE('PLAN_FACE40',(#161),#2078,.T.);
#1763=ADVANCED_FACE('PLAN_FACE41',(#162),#2079,.F.);
#1764=ADVANCED_FACE('PLAN_FACE42',(#163),#2080,.T.);
#1765=ADVANCED_FACE('CYL_FACE20',(#164),#1623,.F.);
#1766=ADVANCED_FACE('PLAN_FACE43',(#165),#2081,.T.);
#1767=ADVANCED_FACE('CYL_FACE21',(#166),#1624,.F.);
#1768=ADVANCED_FACE('PLAN_FACE44',(#167),#2082,.T.);
#1769=ADVANCED_FACE('PLAN_FACE45',(#168),#2083,.T.);
#1770=ADVANCED_FACE('PLAN_FACE46',(#169),#2084,.T.);
#1771=ADVANCED_FACE('CYL_FACE22',(#170),#1625,.F.);
#1772=ADVANCED_FACE('PLAN_FACE47',(#171),#2085,.T.);
#1773=ADVANCED_FACE('PLAN_FACE48',(#172),#2086,.T.);
#1774=ADVANCED_FACE('CYL_FACE23',(#173),#1626,.F.);
#1775=ADVANCED_FACE('CON_FACE0',(#2274,#2275),#1569,.F.);
#1776=ADVANCED_FACE('CYL_FACE24',(#2276,#2277),#1627,.F.);
#1777=ADVANCED_FACE('PLAN_FACE49',(#2278,#2279),#2087,.F.);
#1778=ADVANCED_FACE('CON_FACE1',(#2280,#2281),#1570,.F.);
#1779=ADVANCED_FACE('CYL_FACE25',(#2282,#2283,#2284),#1628,.F.);
#1780=ADVANCED_FACE('CON_FACE2',(#2285,#2286),#1571,.F.);
#1781=ADVANCED_FACE('PLAN_FACE50',(#2287,#2288),#2088,.F.);
#1782=ADVANCED_FACE('CYL_FACE26',(#2289,#2290),#1629,.F.);
#1783=ADVANCED_FACE('CON_FACE3',(#2291,#2292),#1572,.F.);
#1784=ADVANCED_FACE('CON_FACE4',(#2293,#2294),#1573,.F.);
#1785=ADVANCED_FACE('CYL_FACE27',(#2295,#2296),#1630,.F.);
#1786=ADVANCED_FACE('PLAN_FACE51',(#2297,#2298),#2089,.F.);
#1787=ADVANCED_FACE('CON_FACE5',(#2299,#2300),#1574,.F.);
#1788=ADVANCED_FACE('CYL_FACE28',(#2301,#2302,#2303),#1631,.F.);
#1789=ADVANCED_FACE('CON_FACE6',(#2304,#2305),#1575,.F.);
#1790=ADVANCED_FACE('PLAN_FACE52',(#2306,#2307),#2090,.F.);
#1791=ADVANCED_FACE('CYL_FACE29',(#2308,#2309),#1632,.F.);
#1792=ADVANCED_FACE('CON_FACE7',(#2310,#2311),#1576,.F.);
#1793=ADVANCED_FACE('PLAN_FACE53',(#2312,#2313),#2091,.F.);
#1794=ADVANCED_FACE('PLAN_FACE54',(#174),#2092,.F.);
#1795=ADVANCED_FACE('CYL_FACE30',(#175),#1633,.F.);
#1796=ADVANCED_FACE('PLAN_FACE55',(#176),#2093,.F.);
#1797=ADVANCED_FACE('PLAN_FACE56',(#177),#2094,.F.);
#1798=ADVANCED_FACE('CYL_FACE31',(#178),#1634,.F.);
#1799=ADVANCED_FACE('PLAN_FACE57',(#179),#2095,.F.);
#1800=ADVANCED_FACE('PLAN_FACE58',(#2314,#2315),#2096,.F.);
#1801=ADVANCED_FACE('CON_FACE8',(#2316,#2317),#1577,.F.);
#1802=ADVANCED_FACE('PLAN_FACE59',(#180),#2097,.F.);
#1803=ADVANCED_FACE('CYL_FACE32',(#2318,#2319),#1635,.F.);
#1804=ADVANCED_FACE('CON_FACE9',(#2320,#2321),#1578,.F.);
#1805=ADVANCED_FACE('PLAN_FACE60',(#181),#2098,.F.);
#1806=ADVANCED_FACE('CYL_FACE33',(#2322,#2323),#1636,.F.);
#1807=ADVANCED_FACE('CYL_FACE34',(#2324,#2325),#1637,.F.);
#1808=ADVANCED_FACE('CON_FACE10',(#2326,#2327),#1579,.F.);
#1809=ADVANCED_FACE('PLAN_FACE61',(#2328,#2329),#2099,.F.);
#1810=ADVANCED_FACE('CYL_FACE35',(#2330,#2331),#1638,.F.);
#1811=ADVANCED_FACE('CON_FACE11',(#2332,#2333),#1580,.F.);
#1812=ADVANCED_FACE('CYL_FACE36',(#2334,#2335),#1639,.F.);
#1813=ADVANCED_FACE('CON_FACE12',(#2336,#2337),#1581,.F.);
#1814=ADVANCED_FACE('PLAN_FACE62',(#2338,#2339),#2100,.F.);
#1815=ADVANCED_FACE('CYL_FACE37',(#2340,#2341),#1640,.F.);
#1816=ADVANCED_FACE('CON_FACE13',(#2342,#2343),#1582,.F.);
#1817=ADVANCED_FACE('PLAN_FACE63',(#182),#2101,.F.);
#1818=ADVANCED_FACE('PLAN_FACE64',(#183),#2102,.F.);
#1819=ADVANCED_FACE('PLAN_FACE65',(#184),#2103,.F.);
#1820=ADVANCED_FACE('PLAN_FACE66',(#185),#2104,.F.);
#1821=ADVANCED_FACE('PLAN_FACE67',(#186),#2105,.T.);
#1822=ADVANCED_FACE('PLAN_FACE68',(#187),#2106,.F.);
#1823=ADVANCED_FACE('PLAN_FACE69',(#188),#2107,.F.);
#1824=ADVANCED_FACE('PLAN_FACE70',(#189),#2108,.F.);
#1825=ADVANCED_FACE('PLAN_FACE71',(#190),#2109,.F.);
#1826=ADVANCED_FACE('PLAN_FACE72',(#191),#2110,.T.);
#1827=ADVANCED_FACE('',(#192),#2111,.F.);
#1828=ADVANCED_FACE('',(#193),#2112,.F.);
#1829=ADVANCED_FACE('',(#194),#2113,.F.);
#1830=ADVANCED_FACE('',(#195),#2114,.F.);
#1831=ADVANCED_FACE('',(#196),#2115,.F.);
#1832=ADVANCED_FACE('',(#197),#2116,.F.);
#1833=ADVANCED_FACE('',(#198),#2117,.T.);
#1834=ADVANCED_FACE('',(#2344,#2345,#2346,#2347),#2118,.F.);
#1835=ADVANCED_FACE('',(#2348,#2349),#1641,.T.);
#1836=ADVANCED_FACE('',(#199),#2119,.T.);
#1837=ADVANCED_FACE('',(#2350,#2351),#1642,.T.);
#1838=ADVANCED_FACE('',(#200),#2120,.T.);
#1839=ADVANCED_FACE('',(#2352,#2353),#1643,.T.);
#1840=ADVANCED_FACE('',(#201),#2121,.T.);
#1841=ADVANCED_FACE('',(#202),#2122,.T.);
#1842=ADVANCED_FACE('',(#203),#2123,.T.);
#1843=ADVANCED_FACE('',(#204),#36,.T.);
#1844=ADVANCED_FACE('',(#205),#2124,.T.);
#1845=ADVANCED_FACE('',(#206),#2125,.T.);
#1846=ADVANCED_FACE('',(#207),#2126,.T.);
#1847=ADVANCED_FACE('',(#208),#2127,.T.);
#1848=ADVANCED_FACE('',(#209),#2128,.T.);
#1849=ADVANCED_FACE('',(#210),#2129,.T.);
#1850=ADVANCED_FACE('',(#211),#2130,.F.);
#1851=ADVANCED_FACE('',(#2354,#2355,#2356,#2357),#2131,.T.);
#1852=ADVANCED_FACE('',(#2358,#2359),#1644,.T.);
#1853=ADVANCED_FACE('',(#212),#2132,.T.);
#1854=ADVANCED_FACE('',(#2360,#2361),#1645,.T.);
#1855=ADVANCED_FACE('',(#213),#2133,.T.);
#1856=ADVANCED_FACE('',(#2362,#2363),#1646,.T.);
#1857=ADVANCED_FACE('',(#214),#2134,.T.);
#1858=ADVANCED_FACE('',(#215),#2135,.F.);
#1859=ADVANCED_FACE('',(#216),#2136,.F.);
#1860=ADVANCED_FACE('',(#217),#37,.T.);
#1861=ADVANCED_FACE('',(#218),#1647,.T.);
#1862=ADVANCED_FACE('',(#219),#2137,.F.);
#1863=ADVANCED_FACE('',(#220),#2138,.F.);
#1864=ADVANCED_FACE('',(#221),#2139,.F.);
#1865=ADVANCED_FACE('',(#222),#2140,.F.);
#1866=ADVANCED_FACE('',(#223),#2141,.F.);
#1867=ADVANCED_FACE('',(#224),#2142,.F.);
#1868=ADVANCED_FACE('',(#225),#2143,.F.);
#1869=ADVANCED_FACE('',(#226),#1648,.T.);
#1870=ADVANCED_FACE('',(#227),#1649,.T.);
#1871=ADVANCED_FACE('',(#228),#2144,.F.);
#1872=ADVANCED_FACE('',(#229),#1650,.T.);
#1873=ADVANCED_FACE('',(#230),#1651,.T.);
#1874=ADVANCED_FACE('',(#231),#2145,.F.);
#1875=ADVANCED_FACE('',(#232),#2146,.F.);
#1876=ADVANCED_FACE('',(#233),#2147,.F.);
#1877=ADVANCED_FACE('',(#234),#2148,.F.);
#1878=ADVANCED_FACE('',(#235),#2149,.F.);
#1879=ADVANCED_FACE('',(#236),#2150,.F.);
#1880=ADVANCED_FACE('',(#237),#2151,.F.);
#1881=ADVANCED_FACE('',(#238),#1652,.T.);
#1882=ADVANCED_FACE('',(#239),#1653,.T.);
#1883=ADVANCED_FACE('',(#240),#2152,.F.);
#1884=ADVANCED_FACE('',(#241),#1654,.T.);
#1885=ADVANCED_FACE('',(#242),#2153,.T.);
#1886=ADVANCED_FACE('',(#243),#2154,.F.);
#1887=ADVANCED_FACE('PLAN_FACE0',(#244),#2155,.F.);
#1888=ADVANCED_FACE('PLAN_FACE1',(#245),#2156,.F.);
#1889=ADVANCED_FACE('PLAN_FACE2',(#246),#2157,.F.);
#1890=ADVANCED_FACE('PLAN_FACE3',(#2364,#2365),#2158,.F.);
#1891=ADVANCED_FACE('PLAN_FACE4',(#247),#2159,.F.);
#1892=ADVANCED_FACE('PLAN_FACE5',(#248),#2160,.F.);
#1893=ADVANCED_FACE('PLAN_FACE6',(#249),#2161,.F.);
#1894=ADVANCED_FACE('PLAN_FACE7',(#250),#2162,.F.);
#1895=ADVANCED_FACE('PLAN_FACE8',(#251),#2163,.F.);
#1896=ADVANCED_FACE('PLAN_FACE9',(#252),#2164,.F.);
#1897=ADVANCED_FACE('PLAN_FACE10',(#253),#2165,.F.);
#1898=ADVANCED_FACE('PLAN_FACE11',(#254),#2166,.F.);
#1899=ADVANCED_FACE('PLAN_FACE12',(#255),#2167,.F.);
#1900=ADVANCED_FACE('PLAN_FACE13',(#2366,#2367,#2368,#2369),#2168,.T.);
#1901=ADVANCED_FACE('PLAN_FACE14',(#256),#2169,.T.);
#1902=ADVANCED_FACE('PLAN_FACE15',(#2370,#2371,#2372,#2373),#2170,.T.);
#1903=ADVANCED_FACE('CYL_FACE0',(#257),#1655,.F.);
#1904=ADVANCED_FACE('CYL_FACE1',(#2374,#2375),#1656,.F.);
#1905=ADVANCED_FACE('CON_FACE0',(#2376,#2377),#1583,.F.);
#1906=ADVANCED_FACE('CON_FACE1',(#2378,#2379),#1584,.F.);
#1907=ADVANCED_FACE('CON_FACE2',(#2380,#2381),#1585,.F.);
#1908=ADVANCED_FACE('CYL_FACE2',(#2382,#2383),#1657,.F.);
#1909=ADVANCED_FACE('PLAN_FACE16',(#2384,#2385),#2171,.F.);
#1910=ADVANCED_FACE('CYL_FACE3',(#2386,#2387),#1658,.F.);
#1911=ADVANCED_FACE('CON_FACE3',(#2388,#2389),#1586,.F.);
#1912=ADVANCED_FACE('CYL_FACE4',(#2390,#2391),#1659,.F.);
#1913=ADVANCED_FACE('PLAN_FACE17',(#2392,#2393),#2172,.F.);
#1914=ADVANCED_FACE('CYL_FACE5',(#2394,#2395),#1660,.F.);
#1915=ADVANCED_FACE('PLAN_FACE18',(#258),#2173,.T.);
#1916=ADVANCED_FACE('PLAN_FACE19',(#259),#2174,.T.);
#1917=ADVANCED_FACE('PLAN_FACE20',(#260),#2175,.T.);
#1918=ADVANCED_FACE('PLAN_FACE21',(#261),#2176,.T.);
#1919=ADVANCED_FACE('PLAN_FACE22',(#262),#2177,.F.);
#1920=ADVANCED_FACE('PLAN_FACE0',(#2396,#2397),#2178,.T.);
#1921=ADVANCED_FACE('CYL_FACE0',(#2398,#2399),#1661,.F.);
#1922=ADVANCED_FACE('PLAN_FACE1',(#2400,#2401),#2179,.T.);
#1923=ADVANCED_FACE('CON_FACE0',(#2402,#2403),#1587,.T.);
#1924=ADVANCED_FACE('CYL_FACE1',(#2404,#2405),#1662,.T.);
#1925=ADVANCED_FACE('CON_FACE1',(#2406,#2407),#1588,.T.);
#1926=ADVANCED_FACE('',(#2408,#2409),#1663,.T.);
#1927=ADVANCED_FACE('',(#263),#2180,.T.);
#1928=ADVANCED_FACE('',(#264),#2181,.F.);
#1929=ADVANCED_FACE('',(#2410,#2411),#1664,.T.);
#1930=ADVANCED_FACE('',(#265),#2182,.T.);
#1931=ADVANCED_FACE('',(#266),#2183,.F.);
#1932=ADVANCED_FACE('',(#2412,#2413),#1665,.T.);
#1933=ADVANCED_FACE('',(#267),#2184,.F.);
#1934=ADVANCED_FACE('',(#268),#2185,.T.);
#1935=ADVANCED_FACE('',(#2414,#2415),#1666,.T.);
#1936=ADVANCED_FACE('',(#269),#2186,.T.);
#1937=ADVANCED_FACE('',(#270),#2187,.F.);
#1938=ADVANCED_FACE('',(#2416,#2417),#1667,.T.);
#1939=ADVANCED_FACE('',(#271),#2188,.T.);
#1940=ADVANCED_FACE('',(#272),#2189,.F.);
#1941=ADVANCED_FACE('',(#2418,#2419),#1668,.T.);
#1942=ADVANCED_FACE('',(#273),#2190,.T.);
#1943=ADVANCED_FACE('',(#274),#2191,.F.);
#1944=ADVANCED_FACE('',(#2420,#2421),#1669,.T.);
#1945=ADVANCED_FACE('',(#275),#2192,.F.);
#1946=ADVANCED_FACE('',(#276),#2193,.T.);
#1947=ADVANCED_FACE('',(#2422,#2423),#1670,.T.);
#1948=ADVANCED_FACE('',(#277),#2194,.T.);
#1949=ADVANCED_FACE('',(#278),#2195,.F.);
#1950=ADVANCED_FACE('PLAN_FACE0',(#2424,#2425),#2196,.T.);
#1951=ADVANCED_FACE('CYL_FACE0',(#2426,#2427),#1671,.F.);
#1952=ADVANCED_FACE('PLAN_FACE1',(#2428,#2429),#2197,.T.);
#1953=ADVANCED_FACE('CON_FACE0',(#2430,#2431),#1589,.T.);
#1954=ADVANCED_FACE('CYL_FACE1',(#2432,#2433),#1672,.T.);
#1955=ADVANCED_FACE('CON_FACE1',(#2434,#2435),#1590,.T.);
#1956=ADVANCED_FACE('',(#2436,#2437),#1673,.T.);
#1957=ADVANCED_FACE('',(#279),#2198,.T.);
#1958=ADVANCED_FACE('',(#280),#2199,.F.);
#1959=ADVANCED_FACE('',(#2438,#2439),#1674,.T.);
#1960=ADVANCED_FACE('',(#281),#2200,.T.);
#1961=ADVANCED_FACE('',(#282),#2201,.F.);
#1962=ADVANCED_FACE('',(#2440,#2441,#2442,#2443,#2444),#2202,.T.);
#1963=ADVANCED_FACE('',(#2445,#2446),#1675,.T.);
#1964=ADVANCED_FACE('',(#283),#2203,.F.);
#1965=ADVANCED_FACE('',(#2447,#2448),#1676,.F.);
#1966=ADVANCED_FACE('',(#284),#2204,.T.);
#1967=ADVANCED_FACE('',(#2449,#2450),#1677,.F.);
#1968=ADVANCED_FACE('',(#285),#2205,.T.);
#1969=ADVANCED_FACE('',(#2451,#2452),#1678,.F.);
#1970=ADVANCED_FACE('',(#286),#2206,.T.);
#1971=ADVANCED_FACE('',(#2453,#2454),#1679,.F.);
#1972=ADVANCED_FACE('',(#287),#2207,.F.);
#1973=ADVANCED_FACE('',(#2455,#2456),#1680,.T.);
#1974=ADVANCED_FACE('',(#288),#2208,.T.);
#1975=ADVANCED_FACE('',(#289),#2209,.F.);
#1976=ADVANCED_FACE('',(#2457,#2458),#1681,.T.);
#1977=ADVANCED_FACE('',(#290),#2210,.T.);
#1978=ADVANCED_FACE('',(#291),#2211,.F.);
#1979=ADVANCED_FACE('',(#2459,#2460),#1682,.T.);
#1980=ADVANCED_FACE('',(#292),#2212,.T.);
#1981=ADVANCED_FACE('',(#293),#2213,.F.);
#1982=ADVANCED_FACE('',(#2461,#2462),#1683,.T.);
#1983=ADVANCED_FACE('',(#294),#2214,.T.);
#1984=ADVANCED_FACE('',(#295),#2215,.F.);
#1985=ADVANCED_FACE('PLAN_FACE0',(#296),#2216,.F.);
#1986=ADVANCED_FACE('PLAN_FACE1',(#297),#2217,.F.);
#1987=ADVANCED_FACE('PLAN_FACE2',(#298),#2218,.F.);
#1988=ADVANCED_FACE('PLAN_FACE3',(#2463,#2464),#2219,.F.);
#1989=ADVANCED_FACE('PLAN_FACE4',(#299),#2220,.F.);
#1990=ADVANCED_FACE('PLAN_FACE5',(#300),#2221,.F.);
#1991=ADVANCED_FACE('PLAN_FACE6',(#301),#2222,.F.);
#1992=ADVANCED_FACE('PLAN_FACE7',(#302),#2223,.F.);
#1993=ADVANCED_FACE('PLAN_FACE8',(#303),#2224,.F.);
#1994=ADVANCED_FACE('PLAN_FACE9',(#304),#2225,.F.);
#1995=ADVANCED_FACE('PLAN_FACE10',(#305),#2226,.F.);
#1996=ADVANCED_FACE('PLAN_FACE11',(#306),#2227,.F.);
#1997=ADVANCED_FACE('PLAN_FACE12',(#307),#2228,.F.);
#1998=ADVANCED_FACE('PLAN_FACE13',(#2465,#2466,#2467,#2468),#2229,.T.);
#1999=ADVANCED_FACE('PLAN_FACE14',(#308),#2230,.T.);
#2000=ADVANCED_FACE('PLAN_FACE15',(#2469,#2470,#2471,#2472),#2231,.T.);
#2001=ADVANCED_FACE('CYL_FACE0',(#309),#1684,.F.);
#2002=ADVANCED_FACE('CYL_FACE1',(#2473,#2474),#1685,.F.);
#2003=ADVANCED_FACE('CON_FACE0',(#2475,#2476),#1591,.F.);
#2004=ADVANCED_FACE('CON_FACE1',(#2477,#2478),#1592,.F.);
#2005=ADVANCED_FACE('CON_FACE2',(#2479,#2480),#1593,.F.);
#2006=ADVANCED_FACE('CYL_FACE2',(#2481,#2482),#1686,.F.);
#2007=ADVANCED_FACE('PLAN_FACE16',(#2483,#2484),#2232,.F.);
#2008=ADVANCED_FACE('CYL_FACE3',(#2485,#2486),#1687,.F.);
#2009=ADVANCED_FACE('CON_FACE3',(#2487,#2488),#1594,.F.);
#2010=ADVANCED_FACE('CYL_FACE4',(#2489,#2490),#1688,.F.);
#2011=ADVANCED_FACE('PLAN_FACE17',(#2491,#2492),#2233,.F.);
#2012=ADVANCED_FACE('CYL_FACE5',(#2493,#2494),#1689,.F.);
#2013=ADVANCED_FACE('PLAN_FACE18',(#310),#2234,.T.);
#2014=ADVANCED_FACE('PLAN_FACE19',(#311),#2235,.T.);
#2015=ADVANCED_FACE('PLAN_FACE20',(#312),#2236,.T.);
#2016=ADVANCED_FACE('PLAN_FACE21',(#313),#2237,.T.);
#2017=ADVANCED_FACE('PLAN_FACE22',(#314),#2238,.F.);
#2018=ADVANCED_FACE('PLAN_FACE0',(#2495,#2496),#2239,.T.);
#2019=ADVANCED_FACE('CYL_FACE0',(#2497,#2498),#1690,.F.);
#2020=ADVANCED_FACE('PLAN_FACE1',(#2499,#2500),#2240,.T.);
#2021=ADVANCED_FACE('CON_FACE0',(#2501,#2502),#1595,.T.);
#2022=ADVANCED_FACE('CYL_FACE1',(#2503,#2504),#1691,.T.);
#2023=ADVANCED_FACE('CON_FACE1',(#2505,#2506),#1596,.T.);
#2024=ADVANCED_FACE('PLAN_FACE0',(#2507,#2508),#2241,.T.);
#2025=ADVANCED_FACE('CYL_FACE0',(#2509,#2510),#1692,.F.);
#2026=ADVANCED_FACE('PLAN_FACE1',(#2511,#2512),#2242,.T.);
#2027=ADVANCED_FACE('CON_FACE0',(#2513,#2514),#1597,.T.);
#2028=ADVANCED_FACE('CYL_FACE1',(#2515,#2516),#1693,.T.);
#2029=ADVANCED_FACE('CON_FACE1',(#2517,#2518),#1598,.T.);
#2030=ADVANCED_FACE('PLAN_FACE0',(#2519,#2520),#2243,.T.);
#2031=ADVANCED_FACE('CYL_FACE0',(#2521,#2522),#1694,.F.);
#2032=ADVANCED_FACE('PLAN_FACE1',(#2523,#2524),#2244,.T.);
#2033=ADVANCED_FACE('CON_FACE0',(#2525,#2526),#1599,.T.);
#2034=ADVANCED_FACE('CYL_FACE1',(#2527,#2528),#1695,.T.);
#2035=ADVANCED_FACE('CON_FACE1',(#2529,#2530),#1600,.T.);
#2036=PLANE('',#5825);
#2037=PLANE('',#5829);
#2038=PLANE('',#5835);
#2039=PLANE('',#5836);
#2040=PLANE('',#5843);
#2041=PLANE('',#5850);
#2042=PLANE('',#5873);
#2043=PLANE('',#5876);
#2044=PLANE('',#5883);
#2045=PLANE('',#5884);
#2046=PLANE('',#5885);
#2047=PLANE('',#5886);
#2048=PLANE('',#5887);
#2049=PLANE('',#5888);
#2050=PLANE('',#5889);
#2051=PLANE('',#5896);
#2052=PLANE('',#5901);
#2053=PLANE('',#5902);
#2054=PLANE('',#5903);
#2055=PLANE('',#5904);
#2056=PLANE('',#5905);
#2057=PLANE('',#5906);
#2058=PLANE('',#5907);
#2059=PLANE('',#5922);
#2060=PLANE('',#5925);
#2061=PLANE('',#5927);
#2062=PLANE('',#5929);
#2063=PLANE('',#5930);
#2064=PLANE('',#5937);
#2065=PLANE('',#5944);
#2066=PLANE('',#5949);
#2067=PLANE('',#5954);
#2068=PLANE('',#5955);
#2069=PLANE('',#5956);
#2070=PLANE('',#5957);
#2071=PLANE('',#5958);
#2072=PLANE('',#5959);
#2073=PLANE('',#5960);
#2074=PLANE('',#5961);
#2075=PLANE('',#5962);
#2076=PLANE('',#5963);
#2077=PLANE('',#5964);
#2078=PLANE('',#5965);
#2079=PLANE('',#5966);
#2080=PLANE('',#5971);
#2081=PLANE('',#5973);
#2082=PLANE('',#5975);
#2083=PLANE('',#5976);
#2084=PLANE('',#5977);
#2085=PLANE('',#5979);
#2086=PLANE('',#5980);
#2087=PLANE('',#5987);
#2088=PLANE('',#5997);
#2089=PLANE('',#6006);
#2090=PLANE('',#6016);
#2091=PLANE('',#6022);
#2092=PLANE('',#6023);
#2093=PLANE('',#6025);
#2094=PLANE('',#6026);
#2095=PLANE('',#6029);
#2096=PLANE('',#6031);
#2097=PLANE('',#6035);
#2098=PLANE('',#6040);
#2099=PLANE('',#6047);
#2100=PLANE('',#6056);
#2101=PLANE('',#6060);
#2102=PLANE('',#6061);
#2103=PLANE('',#6062);
#2104=PLANE('',#6063);
#2105=PLANE('',#6064);
#2106=PLANE('',#6065);
#2107=PLANE('',#6066);
#2108=PLANE('',#6067);
#2109=PLANE('',#6068);
#2110=PLANE('',#6069);
#2111=PLANE('',#6070);
#2112=PLANE('',#6071);
#2113=PLANE('',#6072);
#2114=PLANE('',#6073);
#2115=PLANE('',#6074);
#2116=PLANE('',#6075);
#2117=PLANE('',#6076);
#2118=PLANE('',#6080);
#2119=PLANE('',#6083);
#2120=PLANE('',#6086);
#2121=PLANE('',#6089);
#2122=PLANE('',#6090);
#2123=PLANE('',#6091);
#2124=PLANE('',#6092);
#2125=PLANE('',#6093);
#2126=PLANE('',#6094);
#2127=PLANE('',#6095);
#2128=PLANE('',#6096);
#2129=PLANE('',#6097);
#2130=PLANE('',#6098);
#2131=PLANE('',#6102);
#2132=PLANE('',#6105);
#2133=PLANE('',#6108);
#2134=PLANE('',#6111);
#2135=PLANE('',#6112);
#2136=PLANE('',#6113);
#2137=PLANE('',#6117);
#2138=PLANE('',#6118);
#2139=PLANE('',#6119);
#2140=PLANE('',#6120);
#2141=PLANE('',#6121);
#2142=PLANE('',#6122);
#2143=PLANE('',#6123);
#2144=PLANE('',#6130);
#2145=PLANE('',#6137);
#2146=PLANE('',#6138);
#2147=PLANE('',#6139);
#2148=PLANE('',#6140);
#2149=PLANE('',#6141);
#2150=PLANE('',#6142);
#2151=PLANE('',#6143);
#2152=PLANE('',#6150);
#2153=PLANE('',#6154);
#2154=PLANE('',#6155);
#2155=PLANE('',#6156);
#2156=PLANE('',#6158);
#2157=PLANE('',#6159);
#2158=PLANE('',#6160);
#2159=PLANE('',#6161);
#2160=PLANE('',#6162);
#2161=PLANE('',#6163);
#2162=PLANE('',#6164);
#2163=PLANE('',#6166);
#2164=PLANE('',#6167);
#2165=PLANE('',#6168);
#2166=PLANE('',#6169);
#2167=PLANE('',#6170);
#2168=PLANE('',#6174);
#2169=PLANE('',#6175);
#2170=PLANE('',#6179);
#2171=PLANE('',#6191);
#2172=PLANE('',#6198);
#2173=PLANE('',#6200);
#2174=PLANE('',#6201);
#2175=PLANE('',#6202);
#2176=PLANE('',#6203);
#2177=PLANE('',#6204);
#2178=PLANE('',#6207);
#2179=PLANE('',#6211);
#2180=PLANE('',#6220);
#2181=PLANE('',#6221);
#2182=PLANE('',#6225);
#2183=PLANE('',#6226);
#2184=PLANE('',#6230);
#2185=PLANE('',#6231);
#2186=PLANE('',#6235);
#2187=PLANE('',#6236);
#2188=PLANE('',#6240);
#2189=PLANE('',#6241);
#2190=PLANE('',#6245);
#2191=PLANE('',#6246);
#2192=PLANE('',#6250);
#2193=PLANE('',#6251);
#2194=PLANE('',#6255);
#2195=PLANE('',#6256);
#2196=PLANE('',#6259);
#2197=PLANE('',#6263);
#2198=PLANE('',#6272);
#2199=PLANE('',#6273);
#2200=PLANE('',#6277);
#2201=PLANE('',#6278);
#2202=PLANE('',#6284);
#2203=PLANE('',#6287);
#2204=PLANE('',#6290);
#2205=PLANE('',#6293);
#2206=PLANE('',#6296);
#2207=PLANE('',#6299);
#2208=PLANE('',#6303);
#2209=PLANE('',#6304);
#2210=PLANE('',#6308);
#2211=PLANE('',#6309);
#2212=PLANE('',#6313);
#2213=PLANE('',#6314);
#2214=PLANE('',#6318);
#2215=PLANE('',#6319);
#2216=PLANE('',#6320);
#2217=PLANE('',#6322);
#2218=PLANE('',#6323);
#2219=PLANE('',#6324);
#2220=PLANE('',#6325);
#2221=PLANE('',#6326);
#2222=PLANE('',#6327);
#2223=PLANE('',#6328);
#2224=PLANE('',#6330);
#2225=PLANE('',#6331);
#2226=PLANE('',#6332);
#2227=PLANE('',#6333);
#2228=PLANE('',#6334);
#2229=PLANE('',#6338);
#2230=PLANE('',#6339);
#2231=PLANE('',#6343);
#2232=PLANE('',#6355);
#2233=PLANE('',#6362);
#2234=PLANE('',#6364);
#2235=PLANE('',#6365);
#2236=PLANE('',#6366);
#2237=PLANE('',#6367);
#2238=PLANE('',#6368);
#2239=PLANE('',#6371);
#2240=PLANE('',#6375);
#2241=PLANE('',#6383);
#2242=PLANE('',#6387);
#2243=PLANE('',#6395);
#2244=PLANE('',#6399);
#2245=FACE_BOUND('',#2531,.T.);
#2246=FACE_BOUND('',#2532,.T.);
#2247=FACE_BOUND('',#2533,.T.);
#2248=FACE_BOUND('',#2534,.T.);
#2249=FACE_BOUND('',#2535,.T.);
#2250=FACE_BOUND('',#2536,.T.);
#2251=FACE_BOUND('',#2537,.T.);
#2252=FACE_BOUND('',#2538,.T.);
#2253=FACE_BOUND('',#2539,.T.);
#2254=FACE_BOUND('',#2540,.T.);
#2255=FACE_BOUND('',#2541,.T.);
#2256=FACE_BOUND('',#2542,.T.);
#2257=FACE_BOUND('',#2550,.T.);
#2258=FACE_BOUND('',#2551,.T.);
#2259=FACE_BOUND('',#2552,.T.);
#2260=FACE_BOUND('',#2564,.T.);
#2261=FACE_BOUND('',#2565,.T.);
#2262=FACE_BOUND('',#2566,.T.);
#2263=FACE_BOUND('',#2576,.T.);
#2264=FACE_BOUND('',#2577,.T.);
#2265=FACE_BOUND('',#2578,.T.);
#2266=FACE_BOUND('',#2581,.T.);
#2267=FACE_BOUND('',#2582,.T.);
#2268=FACE_BOUND('',#2583,.T.);
#2269=FACE_BOUND('',#2600,.T.);
#2270=FACE_BOUND('',#2601,.T.);
#2271=FACE_BOUND('',#2603,.T.);
#2272=FACE_BOUND('',#2604,.T.);
#2273=FACE_BOUND('',#2605,.T.);
#2274=FACE_BOUND('',#2627,.T.);
#2275=FACE_BOUND('',#2628,.T.);
#2276=FACE_BOUND('',#2629,.T.);
#2277=FACE_BOUND('',#2630,.T.);
#2278=FACE_BOUND('',#2631,.T.);
#2279=FACE_BOUND('',#2632,.T.);
#2280=FACE_BOUND('',#2633,.T.);
#2281=FACE_BOUND('',#2634,.T.);
#2282=FACE_BOUND('',#2635,.T.);
#2283=FACE_BOUND('',#2636,.T.);
#2284=FACE_BOUND('',#2637,.T.);
#2285=FACE_BOUND('',#2638,.T.);
#2286=FACE_BOUND('',#2639,.T.);
#2287=FACE_BOUND('',#2640,.T.);
#2288=FACE_BOUND('',#2641,.T.);
#2289=FACE_BOUND('',#2642,.T.);
#2290=FACE_BOUND('',#2643,.T.);
#2291=FACE_BOUND('',#2644,.T.);
#2292=FACE_BOUND('',#2645,.T.);
#2293=FACE_BOUND('',#2646,.T.);
#2294=FACE_BOUND('',#2647,.T.);
#2295=FACE_BOUND('',#2648,.T.);
#2296=FACE_BOUND('',#2649,.T.);
#2297=FACE_BOUND('',#2650,.T.);
#2298=FACE_BOUND('',#2651,.T.);
#2299=FACE_BOUND('',#2652,.T.);
#2300=FACE_BOUND('',#2653,.T.);
#2301=FACE_BOUND('',#2654,.T.);
#2302=FACE_BOUND('',#2655,.T.);
#2303=FACE_BOUND('',#2656,.T.);
#2304=FACE_BOUND('',#2657,.T.);
#2305=FACE_BOUND('',#2658,.T.);
#2306=FACE_BOUND('',#2659,.T.);
#2307=FACE_BOUND('',#2660,.T.);
#2308=FACE_BOUND('',#2661,.T.);
#2309=FACE_BOUND('',#2662,.T.);
#2310=FACE_BOUND('',#2663,.T.);
#2311=FACE_BOUND('',#2664,.T.);
#2312=FACE_BOUND('',#2665,.T.);
#2313=FACE_BOUND('',#2666,.T.);
#2314=FACE_BOUND('',#2673,.T.);
#2315=FACE_BOUND('',#2674,.T.);
#2316=FACE_BOUND('',#2675,.T.);
#2317=FACE_BOUND('',#2676,.T.);
#2318=FACE_BOUND('',#2678,.T.);
#2319=FACE_BOUND('',#2679,.T.);
#2320=FACE_BOUND('',#2680,.T.);
#2321=FACE_BOUND('',#2681,.T.);
#2322=FACE_BOUND('',#2683,.T.);
#2323=FACE_BOUND('',#2684,.T.);
#2324=FACE_BOUND('',#2685,.T.);
#2325=FACE_BOUND('',#2686,.T.);
#2326=FACE_BOUND('',#2687,.T.);
#2327=FACE_BOUND('',#2688,.T.);
#2328=FACE_BOUND('',#2689,.T.);
#2329=FACE_BOUND('',#2690,.T.);
#2330=FACE_BOUND('',#2691,.T.);
#2331=FACE_BOUND('',#2692,.T.);
#2332=FACE_BOUND('',#2693,.T.);
#2333=FACE_BOUND('',#2694,.T.);
#2334=FACE_BOUND('',#2695,.T.);
#2335=FACE_BOUND('',#2696,.T.);
#2336=FACE_BOUND('',#2697,.T.);
#2337=FACE_BOUND('',#2698,.T.);
#2338=FACE_BOUND('',#2699,.T.);
#2339=FACE_BOUND('',#2700,.T.);
#2340=FACE_BOUND('',#2701,.T.);
#2341=FACE_BOUND('',#2702,.T.);
#2342=FACE_BOUND('',#2703,.T.);
#2343=FACE_BOUND('',#2704,.T.);
#2344=FACE_BOUND('',#2722,.T.);
#2345=FACE_BOUND('',#2723,.T.);
#2346=FACE_BOUND('',#2724,.T.);
#2347=FACE_BOUND('',#2725,.T.);
#2348=FACE_BOUND('',#2726,.T.);
#2349=FACE_BOUND('',#2727,.T.);
#2350=FACE_BOUND('',#2729,.T.);
#2351=FACE_BOUND('',#2730,.T.);
#2352=FACE_BOUND('',#2732,.T.);
#2353=FACE_BOUND('',#2733,.T.);
#2354=FACE_BOUND('',#2745,.T.);
#2355=FACE_BOUND('',#2746,.T.);
#2356=FACE_BOUND('',#2747,.T.);
#2357=FACE_BOUND('',#2748,.T.);
#2358=FACE_BOUND('',#2749,.T.);
#2359=FACE_BOUND('',#2750,.T.);
#2360=FACE_BOUND('',#2752,.T.);
#2361=FACE_BOUND('',#2753,.T.);
#2362=FACE_BOUND('',#2755,.T.);
#2363=FACE_BOUND('',#2756,.T.);
#2364=FACE_BOUND('',#2790,.T.);
#2365=FACE_BOUND('',#2791,.T.);
#2366=FACE_BOUND('',#2801,.T.);
#2367=FACE_BOUND('',#2802,.T.);
#2368=FACE_BOUND('',#2803,.T.);
#2369=FACE_BOUND('',#2804,.T.);
#2370=FACE_BOUND('',#2806,.T.);
#2371=FACE_BOUND('',#2807,.T.);
#2372=FACE_BOUND('',#2808,.T.);
#2373=FACE_BOUND('',#2809,.T.);
#2374=FACE_BOUND('',#2811,.T.);
#2375=FACE_BOUND('',#2812,.T.);
#2376=FACE_BOUND('',#2813,.T.);
#2377=FACE_BOUND('',#2814,.T.);
#2378=FACE_BOUND('',#2815,.T.);
#2379=FACE_BOUND('',#2816,.T.);
#2380=FACE_BOUND('',#2817,.T.);
#2381=FACE_BOUND('',#2818,.T.);
#2382=FACE_BOUND('',#2819,.T.);
#2383=FACE_BOUND('',#2820,.T.);
#2384=FACE_BOUND('',#2821,.T.);
#2385=FACE_BOUND('',#2822,.T.);
#2386=FACE_BOUND('',#2823,.T.);
#2387=FACE_BOUND('',#2824,.T.);
#2388=FACE_BOUND('',#2825,.T.);
#2389=FACE_BOUND('',#2826,.T.);
#2390=FACE_BOUND('',#2827,.T.);
#2391=FACE_BOUND('',#2828,.T.);
#2392=FACE_BOUND('',#2829,.T.);
#2393=FACE_BOUND('',#2830,.T.);
#2394=FACE_BOUND('',#2831,.T.);
#2395=FACE_BOUND('',#2832,.T.);
#2396=FACE_BOUND('',#2838,.T.);
#2397=FACE_BOUND('',#2839,.T.);
#2398=FACE_BOUND('',#2840,.T.);
#2399=FACE_BOUND('',#2841,.T.);
#2400=FACE_BOUND('',#2842,.T.);
#2401=FACE_BOUND('',#2843,.T.);
#2402=FACE_BOUND('',#2844,.T.);
#2403=FACE_BOUND('',#2845,.T.);
#2404=FACE_BOUND('',#2846,.T.);
#2405=FACE_BOUND('',#2847,.T.);
#2406=FACE_BOUND('',#2848,.T.);
#2407=FACE_BOUND('',#2849,.T.);
#2408=FACE_BOUND('',#2850,.T.);
#2409=FACE_BOUND('',#2851,.T.);
#2410=FACE_BOUND('',#2854,.T.);
#2411=FACE_BOUND('',#2855,.T.);
#2412=FACE_BOUND('',#2858,.T.);
#2413=FACE_BOUND('',#2859,.T.);
#2414=FACE_BOUND('',#2862,.T.);
#2415=FACE_BOUND('',#2863,.T.);
#2416=FACE_BOUND('',#2866,.T.);
#2417=FACE_BOUND('',#2867,.T.);
#2418=FACE_BOUND('',#2870,.T.);
#2419=FACE_BOUND('',#2871,.T.);
#2420=FACE_BOUND('',#2874,.T.);
#2421=FACE_BOUND('',#2875,.T.);
#2422=FACE_BOUND('',#2878,.T.);
#2423=FACE_BOUND('',#2879,.T.);
#2424=FACE_BOUND('',#2882,.T.);
#2425=FACE_BOUND('',#2883,.T.);
#2426=FACE_BOUND('',#2884,.T.);
#2427=FACE_BOUND('',#2885,.T.);
#2428=FACE_BOUND('',#2886,.T.);
#2429=FACE_BOUND('',#2887,.T.);
#2430=FACE_BOUND('',#2888,.T.);
#2431=FACE_BOUND('',#2889,.T.);
#2432=FACE_BOUND('',#2890,.T.);
#2433=FACE_BOUND('',#2891,.T.);
#2434=FACE_BOUND('',#2892,.T.);
#2435=FACE_BOUND('',#2893,.T.);
#2436=FACE_BOUND('',#2894,.T.);
#2437=FACE_BOUND('',#2895,.T.);
#2438=FACE_BOUND('',#2898,.T.);
#2439=FACE_BOUND('',#2899,.T.);
#2440=FACE_BOUND('',#2902,.T.);
#2441=FACE_BOUND('',#2903,.T.);
#2442=FACE_BOUND('',#2904,.T.);
#2443=FACE_BOUND('',#2905,.T.);
#2444=FACE_BOUND('',#2906,.T.);
#2445=FACE_BOUND('',#2907,.T.);
#2446=FACE_BOUND('',#2908,.T.);
#2447=FACE_BOUND('',#2910,.T.);
#2448=FACE_BOUND('',#2911,.T.);
#2449=FACE_BOUND('',#2913,.T.);
#2450=FACE_BOUND('',#2914,.T.);
#2451=FACE_BOUND('',#2916,.T.);
#2452=FACE_BOUND('',#2917,.T.);
#2453=FACE_BOUND('',#2919,.T.);
#2454=FACE_BOUND('',#2920,.T.);
#2455=FACE_BOUND('',#2922,.T.);
#2456=FACE_BOUND('',#2923,.T.);
#2457=FACE_BOUND('',#2926,.T.);
#2458=FACE_BOUND('',#2927,.T.);
#2459=FACE_BOUND('',#2930,.T.);
#2460=FACE_BOUND('',#2931,.T.);
#2461=FACE_BOUND('',#2934,.T.);
#2462=FACE_BOUND('',#2935,.T.);
#2463=FACE_BOUND('',#2941,.T.);
#2464=FACE_BOUND('',#2942,.T.);
#2465=FACE_BOUND('',#2952,.T.);
#2466=FACE_BOUND('',#2953,.T.);
#2467=FACE_BOUND('',#2954,.T.);
#2468=FACE_BOUND('',#2955,.T.);
#2469=FACE_BOUND('',#2957,.T.);
#2470=FACE_BOUND('',#2958,.T.);
#2471=FACE_BOUND('',#2959,.T.);
#2472=FACE_BOUND('',#2960,.T.);
#2473=FACE_BOUND('',#2962,.T.);
#2474=FACE_BOUND('',#2963,.T.);
#2475=FACE_BOUND('',#2964,.T.);
#2476=FACE_BOUND('',#2965,.T.);
#2477=FACE_BOUND('',#2966,.T.);
#2478=FACE_BOUND('',#2967,.T.);
#2479=FACE_BOUND('',#2968,.T.);
#2480=FACE_BOUND('',#2969,.T.);
#2481=FACE_BOUND('',#2970,.T.);
#2482=FACE_BOUND('',#2971,.T.);
#2483=FACE_BOUND('',#2972,.T.);
#2484=FACE_BOUND('',#2973,.T.);
#2485=FACE_BOUND('',#2974,.T.);
#2486=FACE_BOUND('',#2975,.T.);
#2487=FACE_BOUND('',#2976,.T.);
#2488=FACE_BOUND('',#2977,.T.);
#2489=FACE_BOUND('',#2978,.T.);
#2490=FACE_BOUND('',#2979,.T.);
#2491=FACE_BOUND('',#2980,.T.);
#2492=FACE_BOUND('',#2981,.T.);
#2493=FACE_BOUND('',#2982,.T.);
#2494=FACE_BOUND('',#2983,.T.);
#2495=FACE_BOUND('',#2989,.T.);
#2496=FACE_BOUND('',#2990,.T.);
#2497=FACE_BOUND('',#2991,.T.);
#2498=FACE_BOUND('',#2992,.T.);
#2499=FACE_BOUND('',#2993,.T.);
#2500=FACE_BOUND('',#2994,.T.);
#2501=FACE_BOUND('',#2995,.T.);
#2502=FACE_BOUND('',#2996,.T.);
#2503=FACE_BOUND('',#2997,.T.);
#2504=FACE_BOUND('',#2998,.T.);
#2505=FACE_BOUND('',#2999,.T.);
#2506=FACE_BOUND('',#3000,.T.);
#2507=FACE_BOUND('',#3001,.T.);
#2508=FACE_BOUND('',#3002,.T.);
#2509=FACE_BOUND('',#3003,.T.);
#2510=FACE_BOUND('',#3004,.T.);
#2511=FACE_BOUND('',#3005,.T.);
#2512=FACE_BOUND('',#3006,.T.);
#2513=FACE_BOUND('',#3007,.T.);
#2514=FACE_BOUND('',#3008,.T.);
#2515=FACE_BOUND('',#3009,.T.);
#2516=FACE_BOUND('',#3010,.T.);
#2517=FACE_BOUND('',#3011,.T.);
#2518=FACE_BOUND('',#3012,.T.);
#2519=FACE_BOUND('',#3013,.T.);
#2520=FACE_BOUND('',#3014,.T.);
#2521=FACE_BOUND('',#3015,.T.);
#2522=FACE_BOUND('',#3016,.T.);
#2523=FACE_BOUND('',#3017,.T.);
#2524=FACE_BOUND('',#3018,.T.);
#2525=FACE_BOUND('',#3019,.T.);
#2526=FACE_BOUND('',#3020,.T.);
#2527=FACE_BOUND('',#3021,.T.);
#2528=FACE_BOUND('',#3022,.T.);
#2529=FACE_BOUND('',#3023,.T.);
#2530=FACE_BOUND('',#3024,.T.);
#2531=EDGE_LOOP('',(#3025));
#2532=EDGE_LOOP('',(#3026));
#2533=EDGE_LOOP('',(#3027));
#2534=EDGE_LOOP('',(#3028));
#2535=EDGE_LOOP('',(#3029));
#2536=EDGE_LOOP('',(#3030));
#2537=EDGE_LOOP('',(#3031));
#2538=EDGE_LOOP('',(#3032));
#2539=EDGE_LOOP('',(#3033));
#2540=EDGE_LOOP('',(#3034));
#2541=EDGE_LOOP('',(#3035));
#2542=EDGE_LOOP('',(#3036));
#2543=EDGE_LOOP('',(#3037,#3038,#3039,#3040,#3041,#3042,#3043,#3044,#3045,
#3046,#3047,#3048));
#2544=EDGE_LOOP('',(#3049,#3050,#3051,#3052,#3053,#3054,#3055,#3056,#3057,
#3058,#3059,#3060));
#2545=EDGE_LOOP('',(#3061,#3062,#3063,#3064,#3065,#3066,#3067,#3068,#3069,
#3070,#3071,#3072));
#2546=EDGE_LOOP('',(#3073,#3074,#3075,#3076,#3077,#3078,#3079,#3080,#3081,
#3082,#3083,#3084));
#2547=EDGE_LOOP('',(#3085,#3086,#3087,#3088,#3089,#3090,#3091,#3092,#3093,
#3094,#3095,#3096,#3097,#3098,#3099,#3100));
#2548=EDGE_LOOP('',(#3101,#3102,#3103,#3104,#3105,#3106,#3107,#3108,#3109,
#3110,#3111,#3112,#3113,#3114,#3115,#3116));
#2549=EDGE_LOOP('',(#3117,#3118,#3119,#3120,#3121,#3122,#3123,#3124,#3125,
#3126,#3127,#3128));
#2550=EDGE_LOOP('',(#3129));
#2551=EDGE_LOOP('',(#3130));
#2552=EDGE_LOOP('',(#3131,#3132,#3133,#3134));
#2553=EDGE_LOOP('',(#3135,#3136,#3137,#3138));
#2554=EDGE_LOOP('',(#3139,#3140,#3141,#3142));
#2555=EDGE_LOOP('',(#3143,#3144,#3145,#3146,#3147));
#2556=EDGE_LOOP('',(#3148,#3149,#3150,#3151));
#2557=EDGE_LOOP('',(#3152,#3153,#3154,#3155));
#2558=EDGE_LOOP('',(#3156,#3157,#3158,#3159));
#2559=EDGE_LOOP('',(#3160,#3161,#3162,#3163));
#2560=EDGE_LOOP('',(#3164,#3165,#3166,#3167));
#2561=EDGE_LOOP('',(#3168,#3169,#3170,#3171,#3172));
#2562=EDGE_LOOP('',(#3173,#3174,#3175,#3176));
#2563=EDGE_LOOP('',(#3177,#3178,#3179,#3180));
#2564=EDGE_LOOP('',(#3181));
#2565=EDGE_LOOP('',(#3182));
#2566=EDGE_LOOP('',(#3183,#3184,#3185,#3186));
#2567=EDGE_LOOP('',(#3187,#3188,#3189,#3190));
#2568=EDGE_LOOP('',(#3191,#3192,#3193,#3194));
#2569=EDGE_LOOP('',(#3195,#3196,#3197,#3198,#3199));
#2570=EDGE_LOOP('',(#3200,#3201,#3202,#3203));
#2571=EDGE_LOOP('',(#3204,#3205,#3206,#3207));
#2572=EDGE_LOOP('',(#3208,#3209,#3210,#3211));
#2573=EDGE_LOOP('',(#3212,#3213,#3214,#3215));
#2574=EDGE_LOOP('',(#3216,#3217,#3218,#3219));
#2575=EDGE_LOOP('',(#3220,#3221,#3222,#3223,#3224));
#2576=EDGE_LOOP('',(#3225,#3226,#3227,#3228));
#2577=EDGE_LOOP('',(#3229,#3230,#3231,#3232));
#2578=EDGE_LOOP('',(#3233,#3234,#3235,#3236));
#2579=EDGE_LOOP('',(#3237,#3238,#3239,#3240));
#2580=EDGE_LOOP('',(#3241,#3242,#3243,#3244,#3245,#3246,#3247,#3248,#3249,
#3250,#3251,#3252));
#2581=EDGE_LOOP('',(#3253));
#2582=EDGE_LOOP('',(#3254));
#2583=EDGE_LOOP('',(#3255,#3256,#3257,#3258,#3259,#3260,#3261,#3262,#3263,
#3264,#3265,#3266,#3267,#3268,#3269,#3270,#3271,#3272,#3273,#3274,#3275,
#3276,#3277,#3278));
#2584=EDGE_LOOP('',(#3279,#3280,#3281,#3282,#3283,#3284,#3285,#3286));
#2585=EDGE_LOOP('',(#3287,#3288,#3289,#3290,#3291,#3292,#3293,#3294));
#2586=EDGE_LOOP('',(#3295,#3296,#3297,#3298));
#2587=EDGE_LOOP('',(#3299,#3300,#3301,#3302));
#2588=EDGE_LOOP('',(#3303,#3304,#3305,#3306,#3307,#3308));
#2589=EDGE_LOOP('',(#3309,#3310,#3311,#3312));
#2590=EDGE_LOOP('',(#3313,#3314,#3315,#3316));
#2591=EDGE_LOOP('',(#3317,#3318,#3319,#3320));
#2592=EDGE_LOOP('',(#3321,#3322,#3323,#3324,#3325,#3326));
#2593=EDGE_LOOP('',(#3327,#3328,#3329,#3330));
#2594=EDGE_LOOP('',(#3331,#3332,#3333,#3334));
#2595=EDGE_LOOP('',(#3335,#3336,#3337,#3338));
#2596=EDGE_LOOP('',(#3339,#3340,#3341,#3342));
#2597=EDGE_LOOP('',(#3343,#3344,#3345,#3346));
#2598=EDGE_LOOP('',(#3347,#3348,#3349,#3350));
#2599=EDGE_LOOP('',(#3351,#3352,#3353,#3354));
#2600=EDGE_LOOP('',(#3355,#3356,#3357,#3358,#3359,#3360,#3361,#3362));
#2601=EDGE_LOOP('',(#3363,#3364,#3365,#3366,#3367,#3368,#3369,#3370));
#2602=EDGE_LOOP('',(#3371,#3372,#3373,#3374));
#2603=EDGE_LOOP('',(#3375,#3376,#3377,#3378));
#2604=EDGE_LOOP('',(#3379,#3380,#3381,#3382));
#2605=EDGE_LOOP('',(#3383,#3384,#3385,#3386));
#2606=EDGE_LOOP('',(#3387,#3388,#3389,#3390));
#2607=EDGE_LOOP('',(#3391,#3392,#3393,#3394));
#2608=EDGE_LOOP('',(#3395,#3396,#3397,#3398));
#2609=EDGE_LOOP('',(#3399,#3400,#3401,#3402));
#2610=EDGE_LOOP('',(#3403,#3404,#3405,#3406));
#2611=EDGE_LOOP('',(#3407,#3408,#3409,#3410));
#2612=EDGE_LOOP('',(#3411,#3412,#3413,#3414));
#2613=EDGE_LOOP('',(#3415,#3416,#3417,#3418));
#2614=EDGE_LOOP('',(#3419,#3420,#3421,#3422));
#2615=EDGE_LOOP('',(#3423,#3424,#3425,#3426));
#2616=EDGE_LOOP('',(#3427,#3428,#3429,#3430,#3431,#3432,#3433,#3434,#3435,
#3436,#3437,#3438,#3439,#3440,#3441,#3442));
#2617=EDGE_LOOP('',(#3443,#3444,#3445,#3446));
#2618=EDGE_LOOP('',(#3447,#3448,#3449,#3450));
#2619=EDGE_LOOP('',(#3451,#3452,#3453,#3454));
#2620=EDGE_LOOP('',(#3455,#3456,#3457,#3458));
#2621=EDGE_LOOP('',(#3459,#3460,#3461,#3462));
#2622=EDGE_LOOP('',(#3463,#3464,#3465,#3466));
#2623=EDGE_LOOP('',(#3467,#3468,#3469,#3470));
#2624=EDGE_LOOP('',(#3471,#3472,#3473,#3474));
#2625=EDGE_LOOP('',(#3475,#3476,#3477,#3478));
#2626=EDGE_LOOP('',(#3479,#3480,#3481,#3482));
#2627=EDGE_LOOP('',(#3483));
#2628=EDGE_LOOP('',(#3484));
#2629=EDGE_LOOP('',(#3485));
#2630=EDGE_LOOP('',(#3486));
#2631=EDGE_LOOP('',(#3487));
#2632=EDGE_LOOP('',(#3488));
#2633=EDGE_LOOP('',(#3489));
#2634=EDGE_LOOP('',(#3490));
#2635=EDGE_LOOP('',(#3491,#3492));
#2636=EDGE_LOOP('',(#3493));
#2637=EDGE_LOOP('',(#3494));
#2638=EDGE_LOOP('',(#3495));
#2639=EDGE_LOOP('',(#3496));
#2640=EDGE_LOOP('',(#3497));
#2641=EDGE_LOOP('',(#3498));
#2642=EDGE_LOOP('',(#3499));
#2643=EDGE_LOOP('',(#3500));
#2644=EDGE_LOOP('',(#3501));
#2645=EDGE_LOOP('',(#3502));
#2646=EDGE_LOOP('',(#3503));
#2647=EDGE_LOOP('',(#3504));
#2648=EDGE_LOOP('',(#3505));
#2649=EDGE_LOOP('',(#3506));
#2650=EDGE_LOOP('',(#3507));
#2651=EDGE_LOOP('',(#3508));
#2652=EDGE_LOOP('',(#3509));
#2653=EDGE_LOOP('',(#3510));
#2654=EDGE_LOOP('',(#3511,#3512));
#2655=EDGE_LOOP('',(#3513));
#2656=EDGE_LOOP('',(#3514));
#2657=EDGE_LOOP('',(#3515));
#2658=EDGE_LOOP('',(#3516));
#2659=EDGE_LOOP('',(#3517));
#2660=EDGE_LOOP('',(#3518));
#2661=EDGE_LOOP('',(#3519));
#2662=EDGE_LOOP('',(#3520));
#2663=EDGE_LOOP('',(#3521));
#2664=EDGE_LOOP('',(#3522));
#2665=EDGE_LOOP('',(#3523));
#2666=EDGE_LOOP('',(#3524,#3525,#3526,#3527));
#2667=EDGE_LOOP('',(#3528,#3529,#3530));
#2668=EDGE_LOOP('',(#3531,#3532,#3533,#3534));
#2669=EDGE_LOOP('',(#3535,#3536,#3537));
#2670=EDGE_LOOP('',(#3538,#3539,#3540));
#2671=EDGE_LOOP('',(#3541,#3542,#3543,#3544));
#2672=EDGE_LOOP('',(#3545,#3546,#3547));
#2673=EDGE_LOOP('',(#3548));
#2674=EDGE_LOOP('',(#3549,#3550,#3551,#3552));
#2675=EDGE_LOOP('',(#3553));
#2676=EDGE_LOOP('',(#3554));
#2677=EDGE_LOOP('',(#3555));
#2678=EDGE_LOOP('',(#3556));
#2679=EDGE_LOOP('',(#3557));
#2680=EDGE_LOOP('',(#3558));
#2681=EDGE_LOOP('',(#3559));
#2682=EDGE_LOOP('',(#3560));
#2683=EDGE_LOOP('',(#3561));
#2684=EDGE_LOOP('',(#3562));
#2685=EDGE_LOOP('',(#3563));
#2686=EDGE_LOOP('',(#3564,#3565));
#2687=EDGE_LOOP('',(#3566));
#2688=EDGE_LOOP('',(#3567));
#2689=EDGE_LOOP('',(#3568));
#2690=EDGE_LOOP('',(#3569));
#2691=EDGE_LOOP('',(#3570));
#2692=EDGE_LOOP('',(#3571));
#2693=EDGE_LOOP('',(#3572));
#2694=EDGE_LOOP('',(#3573));
#2695=EDGE_LOOP('',(#3574));
#2696=EDGE_LOOP('',(#3575,#3576));
#2697=EDGE_LOOP('',(#3577));
#2698=EDGE_LOOP('',(#3578));
#2699=EDGE_LOOP('',(#3579));
#2700=EDGE_LOOP('',(#3580));
#2701=EDGE_LOOP('',(#3581));
#2702=EDGE_LOOP('',(#3582));
#2703=EDGE_LOOP('',(#3583));
#2704=EDGE_LOOP('',(#3584));
#2705=EDGE_LOOP('',(#3585,#3586,#3587,#3588));
#2706=EDGE_LOOP('',(#3589,#3590,#3591,#3592));
#2707=EDGE_LOOP('',(#3593,#3594,#3595,#3596));
#2708=EDGE_LOOP('',(#3597,#3598,#3599,#3600));
#2709=EDGE_LOOP('',(#3601,#3602,#3603,#3604));
#2710=EDGE_LOOP('',(#3605,#3606,#3607,#3608));
#2711=EDGE_LOOP('',(#3609,#3610,#3611,#3612));
#2712=EDGE_LOOP('',(#3613,#3614,#3615,#3616));
#2713=EDGE_LOOP('',(#3617,#3618,#3619,#3620));
#2714=EDGE_LOOP('',(#3621,#3622,#3623,#3624));
#2715=EDGE_LOOP('',(#3625,#3626,#3627,#3628));
#2716=EDGE_LOOP('',(#3629,#3630,#3631,#3632));
#2717=EDGE_LOOP('',(#3633,#3634,#3635,#3636,#3637,#3638));
#2718=EDGE_LOOP('',(#3639,#3640,#3641,#3642,#3643,#3644));
#2719=EDGE_LOOP('',(#3645,#3646,#3647,#3648));
#2720=EDGE_LOOP('',(#3649,#3650,#3651,#3652));
#2721=EDGE_LOOP('',(#3653,#3654,#3655,#3656,#3657,#3658));
#2722=EDGE_LOOP('',(#3659));
#2723=EDGE_LOOP('',(#3660));
#2724=EDGE_LOOP('',(#3661));
#2725=EDGE_LOOP('',(#3662,#3663,#3664,#3665,#3666,#3667,#3668));
#2726=EDGE_LOOP('',(#3669));
#2727=EDGE_LOOP('',(#3670));
#2728=EDGE_LOOP('',(#3671));
#2729=EDGE_LOOP('',(#3672));
#2730=EDGE_LOOP('',(#3673));
#2731=EDGE_LOOP('',(#3674));
#2732=EDGE_LOOP('',(#3675));
#2733=EDGE_LOOP('',(#3676));
#2734=EDGE_LOOP('',(#3677));
#2735=EDGE_LOOP('',(#3678,#3679,#3680,#3681,#3682));
#2736=EDGE_LOOP('',(#3683,#3684,#3685,#3686));
#2737=EDGE_LOOP('',(#3687,#3688,#3689,#3690));
#2738=EDGE_LOOP('',(#3691,#3692,#3693,#3694,#3695,#3696));
#2739=EDGE_LOOP('',(#3697,#3698,#3699,#3700));
#2740=EDGE_LOOP('',(#3701,#3702,#3703,#3704));
#2741=EDGE_LOOP('',(#3705,#3706,#3707,#3708,#3709,#3710));
#2742=EDGE_LOOP('',(#3711,#3712,#3713,#3714));
#2743=EDGE_LOOP('',(#3715,#3716,#3717,#3718));
#2744=EDGE_LOOP('',(#3719,#3720,#3721,#3722,#3723,#3724));
#2745=EDGE_LOOP('',(#3725));
#2746=EDGE_LOOP('',(#3726));
#2747=EDGE_LOOP('',(#3727));
#2748=EDGE_LOOP('',(#3728,#3729,#3730,#3731,#3732,#3733,#3734));
#2749=EDGE_LOOP('',(#3735));
#2750=EDGE_LOOP('',(#3736));
#2751=EDGE_LOOP('',(#3737));
#2752=EDGE_LOOP('',(#3738));
#2753=EDGE_LOOP('',(#3739));
#2754=EDGE_LOOP('',(#3740));
#2755=EDGE_LOOP('',(#3741));
#2756=EDGE_LOOP('',(#3742));
#2757=EDGE_LOOP('',(#3743));
#2758=EDGE_LOOP('',(#3744,#3745,#3746,#3747,#3748));
#2759=EDGE_LOOP('',(#3749,#3750,#3751,#3752));
#2760=EDGE_LOOP('',(#3753,#3754,#3755,#3756));
#2761=EDGE_LOOP('',(#3757,#3758,#3759,#3760));
#2762=EDGE_LOOP('',(#3761,#3762,#3763,#3764));
#2763=EDGE_LOOP('',(#3765,#3766,#3767,#3768));
#2764=EDGE_LOOP('',(#3769,#3770,#3771,#3772));
#2765=EDGE_LOOP('',(#3773,#3774,#3775,#3776));
#2766=EDGE_LOOP('',(#3777,#3778,#3779,#3780));
#2767=EDGE_LOOP('',(#3781,#3782,#3783,#3784));
#2768=EDGE_LOOP('',(#3785,#3786,#3787,#3788));
#2769=EDGE_LOOP('',(#3789,#3790,#3791,#3792));
#2770=EDGE_LOOP('',(#3793,#3794,#3795,#3796));
#2771=EDGE_LOOP('',(#3797,#3798,#3799,#3800));
#2772=EDGE_LOOP('',(#3801,#3802,#3803,#3804));
#2773=EDGE_LOOP('',(#3805,#3806,#3807,#3808));
#2774=EDGE_LOOP('',(#3809,#3810,#3811,#3812));
#2775=EDGE_LOOP('',(#3813,#3814,#3815,#3816));
#2776=EDGE_LOOP('',(#3817,#3818,#3819,#3820));
#2777=EDGE_LOOP('',(#3821,#3822,#3823,#3824));
#2778=EDGE_LOOP('',(#3825,#3826,#3827,#3828));
#2779=EDGE_LOOP('',(#3829,#3830,#3831,#3832));
#2780=EDGE_LOOP('',(#3833,#3834,#3835,#3836));
#2781=EDGE_LOOP('',(#3837,#3838,#3839,#3840));
#2782=EDGE_LOOP('',(#3841,#3842,#3843,#3844));
#2783=EDGE_LOOP('',(#3845,#3846,#3847,#3848));
#2784=EDGE_LOOP('',(#3849,#3850,#3851,#3852));
#2785=EDGE_LOOP('',(#3853,#3854,#3855,#3856,#3857,#3858,#3859,#3860,#3861,
#3862,#3863,#3864,#3865,#3866,#3867,#3868,#3869,#3870,#3871,#3872,#3873,
#3874,#3875,#3876));
#2786=EDGE_LOOP('',(#3877,#3878,#3879,#3880,#3881,#3882,#3883,#3884,#3885,
#3886,#3887,#3888,#3889,#3890,#3891,#3892,#3893,#3894,#3895,#3896,#3897,
#3898,#3899,#3900));
#2787=EDGE_LOOP('',(#3901,#3902,#3903,#3904,#3905,#3906,#3907,#3908,#3909,
#3910,#3911,#3912));
#2788=EDGE_LOOP('',(#3913,#3914,#3915,#3916,#3917,#3918,#3919));
#2789=EDGE_LOOP('',(#3920,#3921,#3922,#3923));
#2790=EDGE_LOOP('',(#3924,#3925,#3926,#3927));
#2791=EDGE_LOOP('',(#3928,#3929,#3930,#3931));
#2792=EDGE_LOOP('',(#3932,#3933,#3934,#3935));
#2793=EDGE_LOOP('',(#3936,#3937,#3938,#3939));
#2794=EDGE_LOOP('',(#3940,#3941,#3942,#3943));
#2795=EDGE_LOOP('',(#3944,#3945,#3946,#3947));
#2796=EDGE_LOOP('',(#3948,#3949,#3950,#3951,#3952,#3953,#3954));
#2797=EDGE_LOOP('',(#3955,#3956,#3957,#3958));
#2798=EDGE_LOOP('',(#3959,#3960,#3961,#3962));
#2799=EDGE_LOOP('',(#3963,#3964,#3965,#3966));
#2800=EDGE_LOOP('',(#3967,#3968,#3969,#3970));
#2801=EDGE_LOOP('',(#3971));
#2802=EDGE_LOOP('',(#3972));
#2803=EDGE_LOOP('',(#3973));
#2804=EDGE_LOOP('',(#3974,#3975,#3976,#3977,#3978,#3979,#3980,#3981,#3982,
#3983,#3984,#3985));
#2805=EDGE_LOOP('',(#3986,#3987,#3988,#3989));
#2806=EDGE_LOOP('',(#3990));
#2807=EDGE_LOOP('',(#3991));
#2808=EDGE_LOOP('',(#3992));
#2809=EDGE_LOOP('',(#3993,#3994,#3995,#3996));
#2810=EDGE_LOOP('',(#3997,#3998,#3999,#4000));
#2811=EDGE_LOOP('',(#4001));
#2812=EDGE_LOOP('',(#4002));
#2813=EDGE_LOOP('',(#4003));
#2814=EDGE_LOOP('',(#4004));
#2815=EDGE_LOOP('',(#4005));
#2816=EDGE_LOOP('',(#4006));
#2817=EDGE_LOOP('',(#4007));
#2818=EDGE_LOOP('',(#4008));
#2819=EDGE_LOOP('',(#4009));
#2820=EDGE_LOOP('',(#4010));
#2821=EDGE_LOOP('',(#4011));
#2822=EDGE_LOOP('',(#4012));
#2823=EDGE_LOOP('',(#4013));
#2824=EDGE_LOOP('',(#4014));
#2825=EDGE_LOOP('',(#4015));
#2826=EDGE_LOOP('',(#4016));
#2827=EDGE_LOOP('',(#4017));
#2828=EDGE_LOOP('',(#4018));
#2829=EDGE_LOOP('',(#4019));
#2830=EDGE_LOOP('',(#4020));
#2831=EDGE_LOOP('',(#4021));
#2832=EDGE_LOOP('',(#4022));
#2833=EDGE_LOOP('',(#4023,#4024,#4025,#4026));
#2834=EDGE_LOOP('',(#4027,#4028,#4029,#4030));
#2835=EDGE_LOOP('',(#4031,#4032,#4033,#4034));
#2836=EDGE_LOOP('',(#4035,#4036,#4037,#4038));
#2837=EDGE_LOOP('',(#4039,#4040,#4041,#4042));
#2838=EDGE_LOOP('',(#4043));
#2839=EDGE_LOOP('',(#4044));
#2840=EDGE_LOOP('',(#4045));
#2841=EDGE_LOOP('',(#4046));
#2842=EDGE_LOOP('',(#4047));
#2843=EDGE_LOOP('',(#4048));
#2844=EDGE_LOOP('',(#4049));
#2845=EDGE_LOOP('',(#4050));
#2846=EDGE_LOOP('',(#4051));
#2847=EDGE_LOOP('',(#4052));
#2848=EDGE_LOOP('',(#4053));
#2849=EDGE_LOOP('',(#4054));
#2850=EDGE_LOOP('',(#4055));
#2851=EDGE_LOOP('',(#4056));
#2852=EDGE_LOOP('',(#4057));
#2853=EDGE_LOOP('',(#4058));
#2854=EDGE_LOOP('',(#4059));
#2855=EDGE_LOOP('',(#4060));
#2856=EDGE_LOOP('',(#4061));
#2857=EDGE_LOOP('',(#4062));
#2858=EDGE_LOOP('',(#4063));
#2859=EDGE_LOOP('',(#4064));
#2860=EDGE_LOOP('',(#4065));
#2861=EDGE_LOOP('',(#4066));
#2862=EDGE_LOOP('',(#4067));
#2863=EDGE_LOOP('',(#4068));
#2864=EDGE_LOOP('',(#4069));
#2865=EDGE_LOOP('',(#4070));
#2866=EDGE_LOOP('',(#4071));
#2867=EDGE_LOOP('',(#4072));
#2868=EDGE_LOOP('',(#4073));
#2869=EDGE_LOOP('',(#4074));
#2870=EDGE_LOOP('',(#4075));
#2871=EDGE_LOOP('',(#4076));
#2872=EDGE_LOOP('',(#4077));
#2873=EDGE_LOOP('',(#4078));
#2874=EDGE_LOOP('',(#4079));
#2875=EDGE_LOOP('',(#4080));
#2876=EDGE_LOOP('',(#4081));
#2877=EDGE_LOOP('',(#4082));
#2878=EDGE_LOOP('',(#4083));
#2879=EDGE_LOOP('',(#4084));
#2880=EDGE_LOOP('',(#4085));
#2881=EDGE_LOOP('',(#4086));
#2882=EDGE_LOOP('',(#4087));
#2883=EDGE_LOOP('',(#4088));
#2884=EDGE_LOOP('',(#4089));
#2885=EDGE_LOOP('',(#4090));
#2886=EDGE_LOOP('',(#4091));
#2887=EDGE_LOOP('',(#4092));
#2888=EDGE_LOOP('',(#4093));
#2889=EDGE_LOOP('',(#4094));
#2890=EDGE_LOOP('',(#4095));
#2891=EDGE_LOOP('',(#4096));
#2892=EDGE_LOOP('',(#4097));
#2893=EDGE_LOOP('',(#4098));
#2894=EDGE_LOOP('',(#4099));
#2895=EDGE_LOOP('',(#4100));
#2896=EDGE_LOOP('',(#4101));
#2897=EDGE_LOOP('',(#4102));
#2898=EDGE_LOOP('',(#4103));
#2899=EDGE_LOOP('',(#4104));
#2900=EDGE_LOOP('',(#4105));
#2901=EDGE_LOOP('',(#4106));
#2902=EDGE_LOOP('',(#4107));
#2903=EDGE_LOOP('',(#4108));
#2904=EDGE_LOOP('',(#4109));
#2905=EDGE_LOOP('',(#4110));
#2906=EDGE_LOOP('',(#4111));
#2907=EDGE_LOOP('',(#4112));
#2908=EDGE_LOOP('',(#4113));
#2909=EDGE_LOOP('',(#4114));
#2910=EDGE_LOOP('',(#4115));
#2911=EDGE_LOOP('',(#4116));
#2912=EDGE_LOOP('',(#4117));
#2913=EDGE_LOOP('',(#4118));
#2914=EDGE_LOOP('',(#4119));
#2915=EDGE_LOOP('',(#4120));
#2916=EDGE_LOOP('',(#4121));
#2917=EDGE_LOOP('',(#4122));
#2918=EDGE_LOOP('',(#4123));
#2919=EDGE_LOOP('',(#4124));
#2920=EDGE_LOOP('',(#4125));
#2921=EDGE_LOOP('',(#4126));
#2922=EDGE_LOOP('',(#4127));
#2923=EDGE_LOOP('',(#4128));
#2924=EDGE_LOOP('',(#4129));
#2925=EDGE_LOOP('',(#4130));
#2926=EDGE_LOOP('',(#4131));
#2927=EDGE_LOOP('',(#4132));
#2928=EDGE_LOOP('',(#4133));
#2929=EDGE_LOOP('',(#4134));
#2930=EDGE_LOOP('',(#4135));
#2931=EDGE_LOOP('',(#4136));
#2932=EDGE_LOOP('',(#4137));
#2933=EDGE_LOOP('',(#4138));
#2934=EDGE_LOOP('',(#4139));
#2935=EDGE_LOOP('',(#4140));
#2936=EDGE_LOOP('',(#4141));
#2937=EDGE_LOOP('',(#4142));
#2938=EDGE_LOOP('',(#4143,#4144,#4145,#4146,#4147,#4148,#4149,#4150,#4151,
#4152,#4153,#4154));
#2939=EDGE_LOOP('',(#4155,#4156,#4157,#4158,#4159,#4160,#4161));
#2940=EDGE_LOOP('',(#4162,#4163,#4164,#4165));
#2941=EDGE_LOOP('',(#4166,#4167,#4168,#4169));
#2942=EDGE_LOOP('',(#4170,#4171,#4172,#4173));
#2943=EDGE_LOOP('',(#4174,#4175,#4176,#4177));
#2944=EDGE_LOOP('',(#4178,#4179,#4180,#4181));
#2945=EDGE_LOOP('',(#4182,#4183,#4184,#4185));
#2946=EDGE_LOOP('',(#4186,#4187,#4188,#4189));
#2947=EDGE_LOOP('',(#4190,#4191,#4192,#4193,#4194,#4195,#4196));
#2948=EDGE_LOOP('',(#4197,#4198,#4199,#4200));
#2949=EDGE_LOOP('',(#4201,#4202,#4203,#4204));
#2950=EDGE_LOOP('',(#4205,#4206,#4207,#4208));
#2951=EDGE_LOOP('',(#4209,#4210,#4211,#4212));
#2952=EDGE_LOOP('',(#4213));
#2953=EDGE_LOOP('',(#4214));
#2954=EDGE_LOOP('',(#4215));
#2955=EDGE_LOOP('',(#4216,#4217,#4218,#4219,#4220,#4221,#4222,#4223,#4224,
#4225,#4226,#4227));
#2956=EDGE_LOOP('',(#4228,#4229,#4230,#4231));
#2957=EDGE_LOOP('',(#4232));
#2958=EDGE_LOOP('',(#4233));
#2959=EDGE_LOOP('',(#4234));
#2960=EDGE_LOOP('',(#4235,#4236,#4237,#4238));
#2961=EDGE_LOOP('',(#4239,#4240,#4241,#4242));
#2962=EDGE_LOOP('',(#4243));
#2963=EDGE_LOOP('',(#4244));
#2964=EDGE_LOOP('',(#4245));
#2965=EDGE_LOOP('',(#4246));
#2966=EDGE_LOOP('',(#4247));
#2967=EDGE_LOOP('',(#4248));
#2968=EDGE_LOOP('',(#4249));
#2969=EDGE_LOOP('',(#4250));
#2970=EDGE_LOOP('',(#4251));
#2971=EDGE_LOOP('',(#4252));
#2972=EDGE_LOOP('',(#4253));
#2973=EDGE_LOOP('',(#4254));
#2974=EDGE_LOOP('',(#4255));
#2975=EDGE_LOOP('',(#4256));
#2976=EDGE_LOOP('',(#4257));
#2977=EDGE_LOOP('',(#4258));
#2978=EDGE_LOOP('',(#4259));
#2979=EDGE_LOOP('',(#4260));
#2980=EDGE_LOOP('',(#4261));
#2981=EDGE_LOOP('',(#4262));
#2982=EDGE_LOOP('',(#4263));
#2983=EDGE_LOOP('',(#4264));
#2984=EDGE_LOOP('',(#4265,#4266,#4267,#4268));
#2985=EDGE_LOOP('',(#4269,#4270,#4271,#4272));
#2986=EDGE_LOOP('',(#4273,#4274,#4275,#4276));
#2987=EDGE_LOOP('',(#4277,#4278,#4279,#4280));
#2988=EDGE_LOOP('',(#4281,#4282,#4283,#4284));
#2989=EDGE_LOOP('',(#4285));
#2990=EDGE_LOOP('',(#4286));
#2991=EDGE_LOOP('',(#4287));
#2992=EDGE_LOOP('',(#4288));
#2993=EDGE_LOOP('',(#4289));
#2994=EDGE_LOOP('',(#4290));
#2995=EDGE_LOOP('',(#4291));
#2996=EDGE_LOOP('',(#4292));
#2997=EDGE_LOOP('',(#4293));
#2998=EDGE_LOOP('',(#4294));
#2999=EDGE_LOOP('',(#4295));
#3000=EDGE_LOOP('',(#4296));
#3001=EDGE_LOOP('',(#4297));
#3002=EDGE_LOOP('',(#4298));
#3003=EDGE_LOOP('',(#4299));
#3004=EDGE_LOOP('',(#4300));
#3005=EDGE_LOOP('',(#4301));
#3006=EDGE_LOOP('',(#4302));
#3007=EDGE_LOOP('',(#4303));
#3008=EDGE_LOOP('',(#4304));
#3009=EDGE_LOOP('',(#4305));
#3010=EDGE_LOOP('',(#4306));
#3011=EDGE_LOOP('',(#4307));
#3012=EDGE_LOOP('',(#4308));
#3013=EDGE_LOOP('',(#4309));
#3014=EDGE_LOOP('',(#4310));
#3015=EDGE_LOOP('',(#4311));
#3016=EDGE_LOOP('',(#4312));
#3017=EDGE_LOOP('',(#4313));
#3018=EDGE_LOOP('',(#4314));
#3019=EDGE_LOOP('',(#4315));
#3020=EDGE_LOOP('',(#4316));
#3021=EDGE_LOOP('',(#4317));
#3022=EDGE_LOOP('',(#4318));
#3023=EDGE_LOOP('',(#4319));
#3024=EDGE_LOOP('',(#4320));
#3025=ORIENTED_EDGE('',*,*,#4803,.T.);
#3026=ORIENTED_EDGE('',*,*,#4804,.F.);
#3027=ORIENTED_EDGE('',*,*,#4805,.T.);
#3028=ORIENTED_EDGE('',*,*,#4803,.F.);
#3029=ORIENTED_EDGE('',*,*,#4806,.T.);
#3030=ORIENTED_EDGE('',*,*,#4805,.F.);
#3031=ORIENTED_EDGE('',*,*,#4807,.T.);
#3032=ORIENTED_EDGE('',*,*,#4806,.F.);
#3033=ORIENTED_EDGE('',*,*,#4808,.T.);
#3034=ORIENTED_EDGE('',*,*,#4807,.F.);
#3035=ORIENTED_EDGE('',*,*,#4804,.T.);
#3036=ORIENTED_EDGE('',*,*,#4808,.F.);
#3037=ORIENTED_EDGE('',*,*,#4809,.T.);
#3038=ORIENTED_EDGE('',*,*,#4810,.T.);
#3039=ORIENTED_EDGE('',*,*,#4811,.F.);
#3040=ORIENTED_EDGE('',*,*,#4812,.F.);
#3041=ORIENTED_EDGE('',*,*,#4813,.T.);
#3042=ORIENTED_EDGE('',*,*,#4814,.F.);
#3043=ORIENTED_EDGE('',*,*,#4815,.F.);
#3044=ORIENTED_EDGE('',*,*,#4816,.T.);
#3045=ORIENTED_EDGE('',*,*,#4817,.T.);
#3046=ORIENTED_EDGE('',*,*,#4818,.T.);
#3047=ORIENTED_EDGE('',*,*,#4819,.T.);
#3048=ORIENTED_EDGE('',*,*,#4820,.T.);
#3049=ORIENTED_EDGE('',*,*,#4821,.F.);
#3050=ORIENTED_EDGE('',*,*,#4822,.T.);
#3051=ORIENTED_EDGE('',*,*,#4823,.F.);
#3052=ORIENTED_EDGE('',*,*,#4824,.F.);
#3053=ORIENTED_EDGE('',*,*,#4825,.T.);
#3054=ORIENTED_EDGE('',*,*,#4826,.F.);
#3055=ORIENTED_EDGE('',*,*,#4827,.F.);
#3056=ORIENTED_EDGE('',*,*,#4828,.T.);
#3057=ORIENTED_EDGE('',*,*,#4829,.F.);
#3058=ORIENTED_EDGE('',*,*,#4830,.T.);
#3059=ORIENTED_EDGE('',*,*,#4831,.F.);
#3060=ORIENTED_EDGE('',*,*,#4832,.T.);
#3061=ORIENTED_EDGE('',*,*,#4833,.F.);
#3062=ORIENTED_EDGE('',*,*,#4821,.T.);
#3063=ORIENTED_EDGE('',*,*,#4834,.T.);
#3064=ORIENTED_EDGE('',*,*,#4835,.T.);
#3065=ORIENTED_EDGE('',*,*,#4836,.T.);
#3066=ORIENTED_EDGE('',*,*,#4837,.T.);
#3067=ORIENTED_EDGE('',*,*,#4838,.T.);
#3068=ORIENTED_EDGE('',*,*,#4829,.T.);
#3069=ORIENTED_EDGE('',*,*,#4839,.F.);
#3070=ORIENTED_EDGE('',*,*,#4840,.F.);
#3071=ORIENTED_EDGE('',*,*,#4841,.F.);
#3072=ORIENTED_EDGE('',*,*,#4842,.F.);
#3073=ORIENTED_EDGE('',*,*,#4843,.F.);
#3074=ORIENTED_EDGE('',*,*,#4809,.F.);
#3075=ORIENTED_EDGE('',*,*,#4844,.T.);
#3076=ORIENTED_EDGE('',*,*,#4845,.T.);
#3077=ORIENTED_EDGE('',*,*,#4846,.T.);
#3078=ORIENTED_EDGE('',*,*,#4847,.T.);
#3079=ORIENTED_EDGE('',*,*,#4848,.T.);
#3080=ORIENTED_EDGE('',*,*,#4817,.F.);
#3081=ORIENTED_EDGE('',*,*,#4849,.F.);
#3082=ORIENTED_EDGE('',*,*,#4850,.F.);
#3083=ORIENTED_EDGE('',*,*,#4851,.F.);
#3084=ORIENTED_EDGE('',*,*,#4852,.F.);
#3085=ORIENTED_EDGE('',*,*,#4820,.F.);
#3086=ORIENTED_EDGE('',*,*,#4853,.F.);
#3087=ORIENTED_EDGE('',*,*,#4854,.F.);
#3088=ORIENTED_EDGE('',*,*,#4855,.F.);
#3089=ORIENTED_EDGE('',*,*,#4856,.F.);
#3090=ORIENTED_EDGE('',*,*,#4857,.F.);
#3091=ORIENTED_EDGE('',*,*,#4858,.F.);
#3092=ORIENTED_EDGE('',*,*,#4859,.F.);
#3093=ORIENTED_EDGE('',*,*,#4860,.F.);
#3094=ORIENTED_EDGE('',*,*,#4861,.F.);
#3095=ORIENTED_EDGE('',*,*,#4830,.F.);
#3096=ORIENTED_EDGE('',*,*,#4838,.F.);
#3097=ORIENTED_EDGE('',*,*,#4862,.T.);
#3098=ORIENTED_EDGE('',*,*,#4863,.T.);
#3099=ORIENTED_EDGE('',*,*,#4864,.F.);
#3100=ORIENTED_EDGE('',*,*,#4844,.F.);
#3101=ORIENTED_EDGE('',*,*,#4818,.F.);
#3102=ORIENTED_EDGE('',*,*,#4848,.F.);
#3103=ORIENTED_EDGE('',*,*,#4865,.T.);
#3104=ORIENTED_EDGE('',*,*,#4866,.T.);
#3105=ORIENTED_EDGE('',*,*,#4867,.F.);
#3106=ORIENTED_EDGE('',*,*,#4834,.F.);
#3107=ORIENTED_EDGE('',*,*,#4832,.F.);
#3108=ORIENTED_EDGE('',*,*,#4868,.F.);
#3109=ORIENTED_EDGE('',*,*,#4869,.F.);
#3110=ORIENTED_EDGE('',*,*,#4870,.F.);
#3111=ORIENTED_EDGE('',*,*,#4871,.F.);
#3112=ORIENTED_EDGE('',*,*,#4872,.F.);
#3113=ORIENTED_EDGE('',*,*,#4873,.F.);
#3114=ORIENTED_EDGE('',*,*,#4874,.F.);
#3115=ORIENTED_EDGE('',*,*,#4875,.F.);
#3116=ORIENTED_EDGE('',*,*,#4876,.F.);
#3117=ORIENTED_EDGE('',*,*,#4877,.F.);
#3118=ORIENTED_EDGE('',*,*,#4878,.F.);
#3119=ORIENTED_EDGE('',*,*,#4879,.F.);
#3120=ORIENTED_EDGE('',*,*,#4880,.F.);
#3121=ORIENTED_EDGE('',*,*,#4881,.F.);
#3122=ORIENTED_EDGE('',*,*,#4882,.T.);
#3123=ORIENTED_EDGE('',*,*,#4883,.T.);
#3124=ORIENTED_EDGE('',*,*,#4884,.T.);
#3125=ORIENTED_EDGE('',*,*,#4885,.T.);
#3126=ORIENTED_EDGE('',*,*,#4886,.T.);
#3127=ORIENTED_EDGE('',*,*,#4887,.T.);
#3128=ORIENTED_EDGE('',*,*,#4888,.T.);
#3129=ORIENTED_EDGE('',*,*,#4889,.F.);
#3130=ORIENTED_EDGE('',*,*,#4890,.F.);
#3131=ORIENTED_EDGE('',*,*,#4891,.T.);
#3132=ORIENTED_EDGE('',*,*,#4892,.F.);
#3133=ORIENTED_EDGE('',*,*,#4893,.F.);
#3134=ORIENTED_EDGE('',*,*,#4894,.T.);
#3135=ORIENTED_EDGE('',*,*,#4895,.T.);
#3136=ORIENTED_EDGE('',*,*,#4896,.F.);
#3137=ORIENTED_EDGE('',*,*,#4897,.F.);
#3138=ORIENTED_EDGE('',*,*,#4892,.T.);
#3139=ORIENTED_EDGE('',*,*,#4898,.T.);
#3140=ORIENTED_EDGE('',*,*,#4899,.F.);
#3141=ORIENTED_EDGE('',*,*,#4900,.F.);
#3142=ORIENTED_EDGE('',*,*,#4896,.T.);
#3143=ORIENTED_EDGE('',*,*,#4901,.T.);
#3144=ORIENTED_EDGE('',*,*,#4902,.F.);
#3145=ORIENTED_EDGE('',*,*,#4903,.F.);
#3146=ORIENTED_EDGE('',*,*,#4904,.F.);
#3147=ORIENTED_EDGE('',*,*,#4899,.T.);
#3148=ORIENTED_EDGE('',*,*,#4905,.T.);
#3149=ORIENTED_EDGE('',*,*,#4906,.F.);
#3150=ORIENTED_EDGE('',*,*,#4907,.F.);
#3151=ORIENTED_EDGE('',*,*,#4902,.T.);
#3152=ORIENTED_EDGE('',*,*,#4908,.T.);
#3153=ORIENTED_EDGE('',*,*,#4909,.F.);
#3154=ORIENTED_EDGE('',*,*,#4910,.F.);
#3155=ORIENTED_EDGE('',*,*,#4906,.T.);
#3156=ORIENTED_EDGE('',*,*,#4911,.T.);
#3157=ORIENTED_EDGE('',*,*,#4912,.F.);
#3158=ORIENTED_EDGE('',*,*,#4913,.F.);
#3159=ORIENTED_EDGE('',*,*,#4909,.T.);
#3160=ORIENTED_EDGE('',*,*,#4914,.T.);
#3161=ORIENTED_EDGE('',*,*,#4915,.F.);
#3162=ORIENTED_EDGE('',*,*,#4916,.F.);
#3163=ORIENTED_EDGE('',*,*,#4912,.T.);
#3164=ORIENTED_EDGE('',*,*,#4917,.T.);
#3165=ORIENTED_EDGE('',*,*,#4918,.F.);
#3166=ORIENTED_EDGE('',*,*,#4919,.F.);
#3167=ORIENTED_EDGE('',*,*,#4915,.T.);
#3168=ORIENTED_EDGE('',*,*,#4920,.T.);
#3169=ORIENTED_EDGE('',*,*,#4921,.F.);
#3170=ORIENTED_EDGE('',*,*,#4882,.F.);
#3171=ORIENTED_EDGE('',*,*,#4922,.F.);
#3172=ORIENTED_EDGE('',*,*,#4918,.T.);
#3173=ORIENTED_EDGE('',*,*,#4923,.T.);
#3174=ORIENTED_EDGE('',*,*,#4924,.F.);
#3175=ORIENTED_EDGE('',*,*,#4883,.F.);
#3176=ORIENTED_EDGE('',*,*,#4921,.T.);
#3177=ORIENTED_EDGE('',*,*,#4925,.T.);
#3178=ORIENTED_EDGE('',*,*,#4926,.F.);
#3179=ORIENTED_EDGE('',*,*,#4884,.F.);
#3180=ORIENTED_EDGE('',*,*,#4924,.T.);
#3181=ORIENTED_EDGE('',*,*,#4927,.T.);
#3182=ORIENTED_EDGE('',*,*,#4928,.T.);
#3183=ORIENTED_EDGE('',*,*,#4929,.T.);
#3184=ORIENTED_EDGE('',*,*,#4930,.F.);
#3185=ORIENTED_EDGE('',*,*,#4885,.F.);
#3186=ORIENTED_EDGE('',*,*,#4926,.T.);
#3187=ORIENTED_EDGE('',*,*,#4931,.T.);
#3188=ORIENTED_EDGE('',*,*,#4932,.F.);
#3189=ORIENTED_EDGE('',*,*,#4886,.F.);
#3190=ORIENTED_EDGE('',*,*,#4930,.T.);
#3191=ORIENTED_EDGE('',*,*,#4933,.T.);
#3192=ORIENTED_EDGE('',*,*,#4934,.F.);
#3193=ORIENTED_EDGE('',*,*,#4887,.F.);
#3194=ORIENTED_EDGE('',*,*,#4932,.T.);
#3195=ORIENTED_EDGE('',*,*,#4935,.T.);
#3196=ORIENTED_EDGE('',*,*,#4936,.F.);
#3197=ORIENTED_EDGE('',*,*,#4937,.F.);
#3198=ORIENTED_EDGE('',*,*,#4888,.F.);
#3199=ORIENTED_EDGE('',*,*,#4934,.T.);
#3200=ORIENTED_EDGE('',*,*,#4938,.T.);
#3201=ORIENTED_EDGE('',*,*,#4939,.F.);
#3202=ORIENTED_EDGE('',*,*,#4940,.F.);
#3203=ORIENTED_EDGE('',*,*,#4936,.T.);
#3204=ORIENTED_EDGE('',*,*,#4941,.T.);
#3205=ORIENTED_EDGE('',*,*,#4942,.F.);
#3206=ORIENTED_EDGE('',*,*,#4943,.F.);
#3207=ORIENTED_EDGE('',*,*,#4939,.T.);
#3208=ORIENTED_EDGE('',*,*,#4944,.T.);
#3209=ORIENTED_EDGE('',*,*,#4945,.F.);
#3210=ORIENTED_EDGE('',*,*,#4946,.F.);
#3211=ORIENTED_EDGE('',*,*,#4942,.T.);
#3212=ORIENTED_EDGE('',*,*,#4947,.T.);
#3213=ORIENTED_EDGE('',*,*,#4948,.F.);
#3214=ORIENTED_EDGE('',*,*,#4949,.F.);
#3215=ORIENTED_EDGE('',*,*,#4945,.T.);
#3216=ORIENTED_EDGE('',*,*,#4950,.T.);
#3217=ORIENTED_EDGE('',*,*,#4951,.F.);
#3218=ORIENTED_EDGE('',*,*,#4952,.F.);
#3219=ORIENTED_EDGE('',*,*,#4948,.T.);
#3220=ORIENTED_EDGE('',*,*,#4953,.T.);
#3221=ORIENTED_EDGE('',*,*,#4954,.F.);
#3222=ORIENTED_EDGE('',*,*,#4955,.F.);
#3223=ORIENTED_EDGE('',*,*,#4956,.F.);
#3224=ORIENTED_EDGE('',*,*,#4951,.T.);
#3225=ORIENTED_EDGE('',*,*,#4957,.T.);
#3226=ORIENTED_EDGE('',*,*,#4958,.T.);
#3227=ORIENTED_EDGE('',*,*,#4959,.T.);
#3228=ORIENTED_EDGE('',*,*,#4960,.T.);
#3229=ORIENTED_EDGE('',*,*,#4961,.T.);
#3230=ORIENTED_EDGE('',*,*,#4962,.T.);
#3231=ORIENTED_EDGE('',*,*,#4963,.T.);
#3232=ORIENTED_EDGE('',*,*,#4964,.T.);
#3233=ORIENTED_EDGE('',*,*,#4965,.T.);
#3234=ORIENTED_EDGE('',*,*,#4966,.F.);
#3235=ORIENTED_EDGE('',*,*,#4967,.F.);
#3236=ORIENTED_EDGE('',*,*,#4954,.T.);
#3237=ORIENTED_EDGE('',*,*,#4968,.T.);
#3238=ORIENTED_EDGE('',*,*,#4894,.F.);
#3239=ORIENTED_EDGE('',*,*,#4969,.F.);
#3240=ORIENTED_EDGE('',*,*,#4966,.T.);
#3241=ORIENTED_EDGE('',*,*,#4970,.F.);
#3242=ORIENTED_EDGE('',*,*,#4955,.T.);
#3243=ORIENTED_EDGE('',*,*,#4967,.T.);
#3244=ORIENTED_EDGE('',*,*,#4969,.T.);
#3245=ORIENTED_EDGE('',*,*,#4893,.T.);
#3246=ORIENTED_EDGE('',*,*,#4897,.T.);
#3247=ORIENTED_EDGE('',*,*,#4900,.T.);
#3248=ORIENTED_EDGE('',*,*,#4904,.T.);
#3249=ORIENTED_EDGE('',*,*,#4971,.F.);
#3250=ORIENTED_EDGE('',*,*,#4972,.F.);
#3251=ORIENTED_EDGE('',*,*,#4973,.F.);
#3252=ORIENTED_EDGE('',*,*,#4974,.F.);
#3253=ORIENTED_EDGE('',*,*,#4975,.T.);
#3254=ORIENTED_EDGE('',*,*,#4976,.T.);
#3255=ORIENTED_EDGE('',*,*,#4891,.F.);
#3256=ORIENTED_EDGE('',*,*,#4968,.F.);
#3257=ORIENTED_EDGE('',*,*,#4965,.F.);
#3258=ORIENTED_EDGE('',*,*,#4953,.F.);
#3259=ORIENTED_EDGE('',*,*,#4950,.F.);
#3260=ORIENTED_EDGE('',*,*,#4947,.F.);
#3261=ORIENTED_EDGE('',*,*,#4944,.F.);
#3262=ORIENTED_EDGE('',*,*,#4941,.F.);
#3263=ORIENTED_EDGE('',*,*,#4938,.F.);
#3264=ORIENTED_EDGE('',*,*,#4935,.F.);
#3265=ORIENTED_EDGE('',*,*,#4933,.F.);
#3266=ORIENTED_EDGE('',*,*,#4931,.F.);
#3267=ORIENTED_EDGE('',*,*,#4929,.F.);
#3268=ORIENTED_EDGE('',*,*,#4925,.F.);
#3269=ORIENTED_EDGE('',*,*,#4923,.F.);
#3270=ORIENTED_EDGE('',*,*,#4920,.F.);
#3271=ORIENTED_EDGE('',*,*,#4917,.F.);
#3272=ORIENTED_EDGE('',*,*,#4914,.F.);
#3273=ORIENTED_EDGE('',*,*,#4911,.F.);
#3274=ORIENTED_EDGE('',*,*,#4908,.F.);
#3275=ORIENTED_EDGE('',*,*,#4905,.F.);
#3276=ORIENTED_EDGE('',*,*,#4901,.F.);
#3277=ORIENTED_EDGE('',*,*,#4898,.F.);
#3278=ORIENTED_EDGE('',*,*,#4895,.F.);
#3279=ORIENTED_EDGE('',*,*,#4977,.F.);
#3280=ORIENTED_EDGE('',*,*,#4903,.T.);
#3281=ORIENTED_EDGE('',*,*,#4907,.T.);
#3282=ORIENTED_EDGE('',*,*,#4910,.T.);
#3283=ORIENTED_EDGE('',*,*,#4913,.T.);
#3284=ORIENTED_EDGE('',*,*,#4916,.T.);
#3285=ORIENTED_EDGE('',*,*,#4919,.T.);
#3286=ORIENTED_EDGE('',*,*,#4922,.T.);
#3287=ORIENTED_EDGE('',*,*,#4978,.F.);
#3288=ORIENTED_EDGE('',*,*,#4937,.T.);
#3289=ORIENTED_EDGE('',*,*,#4940,.T.);
#3290=ORIENTED_EDGE('',*,*,#4943,.T.);
#3291=ORIENTED_EDGE('',*,*,#4946,.T.);
#3292=ORIENTED_EDGE('',*,*,#4949,.T.);
#3293=ORIENTED_EDGE('',*,*,#4952,.T.);
#3294=ORIENTED_EDGE('',*,*,#4956,.T.);
#3295=ORIENTED_EDGE('',*,*,#4979,.F.);
#3296=ORIENTED_EDGE('',*,*,#4980,.F.);
#3297=ORIENTED_EDGE('',*,*,#4973,.T.);
#3298=ORIENTED_EDGE('',*,*,#4981,.T.);
#3299=ORIENTED_EDGE('',*,*,#4982,.F.);
#3300=ORIENTED_EDGE('',*,*,#4981,.F.);
#3301=ORIENTED_EDGE('',*,*,#4972,.T.);
#3302=ORIENTED_EDGE('',*,*,#4983,.T.);
#3303=ORIENTED_EDGE('',*,*,#4984,.F.);
#3304=ORIENTED_EDGE('',*,*,#4983,.F.);
#3305=ORIENTED_EDGE('',*,*,#4971,.T.);
#3306=ORIENTED_EDGE('',*,*,#4977,.T.);
#3307=ORIENTED_EDGE('',*,*,#4881,.T.);
#3308=ORIENTED_EDGE('',*,*,#4985,.T.);
#3309=ORIENTED_EDGE('',*,*,#4986,.F.);
#3310=ORIENTED_EDGE('',*,*,#4985,.F.);
#3311=ORIENTED_EDGE('',*,*,#4880,.T.);
#3312=ORIENTED_EDGE('',*,*,#4987,.T.);
#3313=ORIENTED_EDGE('',*,*,#4988,.F.);
#3314=ORIENTED_EDGE('',*,*,#4987,.F.);
#3315=ORIENTED_EDGE('',*,*,#4879,.T.);
#3316=ORIENTED_EDGE('',*,*,#4989,.T.);
#3317=ORIENTED_EDGE('',*,*,#4990,.F.);
#3318=ORIENTED_EDGE('',*,*,#4989,.F.);
#3319=ORIENTED_EDGE('',*,*,#4878,.T.);
#3320=ORIENTED_EDGE('',*,*,#4991,.T.);
#3321=ORIENTED_EDGE('',*,*,#4992,.F.);
#3322=ORIENTED_EDGE('',*,*,#4991,.F.);
#3323=ORIENTED_EDGE('',*,*,#4877,.T.);
#3324=ORIENTED_EDGE('',*,*,#4978,.T.);
#3325=ORIENTED_EDGE('',*,*,#4970,.T.);
#3326=ORIENTED_EDGE('',*,*,#4993,.T.);
#3327=ORIENTED_EDGE('',*,*,#4994,.F.);
#3328=ORIENTED_EDGE('',*,*,#4993,.F.);
#3329=ORIENTED_EDGE('',*,*,#4974,.T.);
#3330=ORIENTED_EDGE('',*,*,#4980,.T.);
#3331=ORIENTED_EDGE('',*,*,#4995,.T.);
#3332=ORIENTED_EDGE('',*,*,#4996,.F.);
#3333=ORIENTED_EDGE('',*,*,#4836,.F.);
#3334=ORIENTED_EDGE('',*,*,#4997,.T.);
#3335=ORIENTED_EDGE('',*,*,#4998,.T.);
#3336=ORIENTED_EDGE('',*,*,#4862,.F.);
#3337=ORIENTED_EDGE('',*,*,#4837,.F.);
#3338=ORIENTED_EDGE('',*,*,#4996,.T.);
#3339=ORIENTED_EDGE('',*,*,#4999,.T.);
#3340=ORIENTED_EDGE('',*,*,#5000,.F.);
#3341=ORIENTED_EDGE('',*,*,#4845,.F.);
#3342=ORIENTED_EDGE('',*,*,#4864,.T.);
#3343=ORIENTED_EDGE('',*,*,#5001,.T.);
#3344=ORIENTED_EDGE('',*,*,#5002,.F.);
#3345=ORIENTED_EDGE('',*,*,#4846,.F.);
#3346=ORIENTED_EDGE('',*,*,#5000,.T.);
#3347=ORIENTED_EDGE('',*,*,#5003,.T.);
#3348=ORIENTED_EDGE('',*,*,#4865,.F.);
#3349=ORIENTED_EDGE('',*,*,#4847,.F.);
#3350=ORIENTED_EDGE('',*,*,#5002,.T.);
#3351=ORIENTED_EDGE('',*,*,#5004,.T.);
#3352=ORIENTED_EDGE('',*,*,#4997,.F.);
#3353=ORIENTED_EDGE('',*,*,#4835,.F.);
#3354=ORIENTED_EDGE('',*,*,#4867,.T.);
#3355=ORIENTED_EDGE('',*,*,#4994,.T.);
#3356=ORIENTED_EDGE('',*,*,#4979,.T.);
#3357=ORIENTED_EDGE('',*,*,#4982,.T.);
#3358=ORIENTED_EDGE('',*,*,#4984,.T.);
#3359=ORIENTED_EDGE('',*,*,#4986,.T.);
#3360=ORIENTED_EDGE('',*,*,#4988,.T.);
#3361=ORIENTED_EDGE('',*,*,#4990,.T.);
#3362=ORIENTED_EDGE('',*,*,#4992,.T.);
#3363=ORIENTED_EDGE('',*,*,#4995,.F.);
#3364=ORIENTED_EDGE('',*,*,#5004,.F.);
#3365=ORIENTED_EDGE('',*,*,#4866,.F.);
#3366=ORIENTED_EDGE('',*,*,#5003,.F.);
#3367=ORIENTED_EDGE('',*,*,#5001,.F.);
#3368=ORIENTED_EDGE('',*,*,#4999,.F.);
#3369=ORIENTED_EDGE('',*,*,#4863,.F.);
#3370=ORIENTED_EDGE('',*,*,#4998,.F.);
#3371=ORIENTED_EDGE('',*,*,#4858,.T.);
#3372=ORIENTED_EDGE('',*,*,#5005,.F.);
#3373=ORIENTED_EDGE('',*,*,#4871,.T.);
#3374=ORIENTED_EDGE('',*,*,#5006,.T.);
#3375=ORIENTED_EDGE('',*,*,#5007,.F.);
#3376=ORIENTED_EDGE('',*,*,#5008,.F.);
#3377=ORIENTED_EDGE('',*,*,#5009,.F.);
#3378=ORIENTED_EDGE('',*,*,#5010,.F.);
#3379=ORIENTED_EDGE('',*,*,#5011,.F.);
#3380=ORIENTED_EDGE('',*,*,#5012,.F.);
#3381=ORIENTED_EDGE('',*,*,#5013,.F.);
#3382=ORIENTED_EDGE('',*,*,#5014,.F.);
#3383=ORIENTED_EDGE('',*,*,#4857,.T.);
#3384=ORIENTED_EDGE('',*,*,#5015,.F.);
#3385=ORIENTED_EDGE('',*,*,#4872,.T.);
#3386=ORIENTED_EDGE('',*,*,#5005,.T.);
#3387=ORIENTED_EDGE('',*,*,#4856,.T.);
#3388=ORIENTED_EDGE('',*,*,#5016,.F.);
#3389=ORIENTED_EDGE('',*,*,#4873,.T.);
#3390=ORIENTED_EDGE('',*,*,#5015,.T.);
#3391=ORIENTED_EDGE('',*,*,#4855,.T.);
#3392=ORIENTED_EDGE('',*,*,#5017,.F.);
#3393=ORIENTED_EDGE('',*,*,#4874,.T.);
#3394=ORIENTED_EDGE('',*,*,#5016,.T.);
#3395=ORIENTED_EDGE('',*,*,#4854,.T.);
#3396=ORIENTED_EDGE('',*,*,#5018,.F.);
#3397=ORIENTED_EDGE('',*,*,#4875,.T.);
#3398=ORIENTED_EDGE('',*,*,#5017,.T.);
#3399=ORIENTED_EDGE('',*,*,#4853,.T.);
#3400=ORIENTED_EDGE('',*,*,#4819,.F.);
#3401=ORIENTED_EDGE('',*,*,#4876,.T.);
#3402=ORIENTED_EDGE('',*,*,#5018,.T.);
#3403=ORIENTED_EDGE('',*,*,#4861,.T.);
#3404=ORIENTED_EDGE('',*,*,#5019,.F.);
#3405=ORIENTED_EDGE('',*,*,#4868,.T.);
#3406=ORIENTED_EDGE('',*,*,#4831,.T.);
#3407=ORIENTED_EDGE('',*,*,#4860,.T.);
#3408=ORIENTED_EDGE('',*,*,#5020,.F.);
#3409=ORIENTED_EDGE('',*,*,#4869,.T.);
#3410=ORIENTED_EDGE('',*,*,#5019,.T.);
#3411=ORIENTED_EDGE('',*,*,#4859,.T.);
#3412=ORIENTED_EDGE('',*,*,#5006,.F.);
#3413=ORIENTED_EDGE('',*,*,#4870,.T.);
#3414=ORIENTED_EDGE('',*,*,#5020,.T.);
#3415=ORIENTED_EDGE('',*,*,#5021,.T.);
#3416=ORIENTED_EDGE('',*,*,#4812,.T.);
#3417=ORIENTED_EDGE('',*,*,#5022,.F.);
#3418=ORIENTED_EDGE('',*,*,#4826,.T.);
#3419=ORIENTED_EDGE('',*,*,#5023,.F.);
#3420=ORIENTED_EDGE('',*,*,#4814,.T.);
#3421=ORIENTED_EDGE('',*,*,#5024,.T.);
#3422=ORIENTED_EDGE('',*,*,#4824,.T.);
#3423=ORIENTED_EDGE('',*,*,#4813,.F.);
#3424=ORIENTED_EDGE('',*,*,#5021,.F.);
#3425=ORIENTED_EDGE('',*,*,#4825,.F.);
#3426=ORIENTED_EDGE('',*,*,#5024,.F.);
#3427=ORIENTED_EDGE('',*,*,#5022,.T.);
#3428=ORIENTED_EDGE('',*,*,#4811,.T.);
#3429=ORIENTED_EDGE('',*,*,#5025,.T.);
#3430=ORIENTED_EDGE('',*,*,#5026,.T.);
#3431=ORIENTED_EDGE('',*,*,#5027,.T.);
#3432=ORIENTED_EDGE('',*,*,#5028,.T.);
#3433=ORIENTED_EDGE('',*,*,#5029,.T.);
#3434=ORIENTED_EDGE('',*,*,#4815,.T.);
#3435=ORIENTED_EDGE('',*,*,#5023,.T.);
#3436=ORIENTED_EDGE('',*,*,#4823,.T.);
#3437=ORIENTED_EDGE('',*,*,#5030,.T.);
#3438=ORIENTED_EDGE('',*,*,#5031,.T.);
#3439=ORIENTED_EDGE('',*,*,#5032,.T.);
#3440=ORIENTED_EDGE('',*,*,#5033,.T.);
#3441=ORIENTED_EDGE('',*,*,#5034,.T.);
#3442=ORIENTED_EDGE('',*,*,#4827,.T.);
#3443=ORIENTED_EDGE('',*,*,#5028,.F.);
#3444=ORIENTED_EDGE('',*,*,#5035,.T.);
#3445=ORIENTED_EDGE('',*,*,#4850,.T.);
#3446=ORIENTED_EDGE('',*,*,#5036,.F.);
#3447=ORIENTED_EDGE('',*,*,#5027,.F.);
#3448=ORIENTED_EDGE('',*,*,#5037,.T.);
#3449=ORIENTED_EDGE('',*,*,#4851,.T.);
#3450=ORIENTED_EDGE('',*,*,#5035,.F.);
#3451=ORIENTED_EDGE('',*,*,#5026,.F.);
#3452=ORIENTED_EDGE('',*,*,#5038,.T.);
#3453=ORIENTED_EDGE('',*,*,#4852,.T.);
#3454=ORIENTED_EDGE('',*,*,#5037,.F.);
#3455=ORIENTED_EDGE('',*,*,#5029,.F.);
#3456=ORIENTED_EDGE('',*,*,#5036,.T.);
#3457=ORIENTED_EDGE('',*,*,#4849,.T.);
#3458=ORIENTED_EDGE('',*,*,#4816,.F.);
#3459=ORIENTED_EDGE('',*,*,#4843,.T.);
#3460=ORIENTED_EDGE('',*,*,#5038,.F.);
#3461=ORIENTED_EDGE('',*,*,#5025,.F.);
#3462=ORIENTED_EDGE('',*,*,#4810,.F.);
#3463=ORIENTED_EDGE('',*,*,#5032,.F.);
#3464=ORIENTED_EDGE('',*,*,#5039,.T.);
#3465=ORIENTED_EDGE('',*,*,#4841,.T.);
#3466=ORIENTED_EDGE('',*,*,#5040,.F.);
#3467=ORIENTED_EDGE('',*,*,#5033,.F.);
#3468=ORIENTED_EDGE('',*,*,#5040,.T.);
#3469=ORIENTED_EDGE('',*,*,#4840,.T.);
#3470=ORIENTED_EDGE('',*,*,#5041,.F.);
#3471=ORIENTED_EDGE('',*,*,#5034,.F.);
#3472=ORIENTED_EDGE('',*,*,#5041,.T.);
#3473=ORIENTED_EDGE('',*,*,#4839,.T.);
#3474=ORIENTED_EDGE('',*,*,#4828,.F.);
#3475=ORIENTED_EDGE('',*,*,#4833,.T.);
#3476=ORIENTED_EDGE('',*,*,#5042,.F.);
#3477=ORIENTED_EDGE('',*,*,#5030,.F.);
#3478=ORIENTED_EDGE('',*,*,#4822,.F.);
#3479=ORIENTED_EDGE('',*,*,#5031,.F.);
#3480=ORIENTED_EDGE('',*,*,#5042,.T.);
#3481=ORIENTED_EDGE('',*,*,#4842,.T.);
#3482=ORIENTED_EDGE('',*,*,#5039,.F.);
#3483=ORIENTED_EDGE('',*,*,#5043,.T.);
#3484=ORIENTED_EDGE('',*,*,#4890,.T.);
#3485=ORIENTED_EDGE('',*,*,#5044,.T.);
#3486=ORIENTED_EDGE('',*,*,#5043,.F.);
#3487=ORIENTED_EDGE('',*,*,#5045,.T.);
#3488=ORIENTED_EDGE('',*,*,#5044,.F.);
#3489=ORIENTED_EDGE('',*,*,#5046,.T.);
#3490=ORIENTED_EDGE('',*,*,#5045,.F.);
#3491=ORIENTED_EDGE('',*,*,#5047,.T.);
#3492=ORIENTED_EDGE('',*,*,#5048,.T.);
#3493=ORIENTED_EDGE('',*,*,#5049,.T.);
#3494=ORIENTED_EDGE('',*,*,#5046,.F.);
#3495=ORIENTED_EDGE('',*,*,#5050,.T.);
#3496=ORIENTED_EDGE('',*,*,#5049,.F.);
#3497=ORIENTED_EDGE('',*,*,#5051,.T.);
#3498=ORIENTED_EDGE('',*,*,#5050,.F.);
#3499=ORIENTED_EDGE('',*,*,#5052,.T.);
#3500=ORIENTED_EDGE('',*,*,#5051,.F.);
#3501=ORIENTED_EDGE('',*,*,#4928,.F.);
#3502=ORIENTED_EDGE('',*,*,#5052,.F.);
#3503=ORIENTED_EDGE('',*,*,#5053,.T.);
#3504=ORIENTED_EDGE('',*,*,#4889,.T.);
#3505=ORIENTED_EDGE('',*,*,#5054,.T.);
#3506=ORIENTED_EDGE('',*,*,#5053,.F.);
#3507=ORIENTED_EDGE('',*,*,#5055,.T.);
#3508=ORIENTED_EDGE('',*,*,#5054,.F.);
#3509=ORIENTED_EDGE('',*,*,#5056,.T.);
#3510=ORIENTED_EDGE('',*,*,#5055,.F.);
#3511=ORIENTED_EDGE('',*,*,#5057,.T.);
#3512=ORIENTED_EDGE('',*,*,#5058,.T.);
#3513=ORIENTED_EDGE('',*,*,#5059,.T.);
#3514=ORIENTED_EDGE('',*,*,#5056,.F.);
#3515=ORIENTED_EDGE('',*,*,#5060,.T.);
#3516=ORIENTED_EDGE('',*,*,#5059,.F.);
#3517=ORIENTED_EDGE('',*,*,#5061,.T.);
#3518=ORIENTED_EDGE('',*,*,#5060,.F.);
#3519=ORIENTED_EDGE('',*,*,#5062,.T.);
#3520=ORIENTED_EDGE('',*,*,#5061,.F.);
#3521=ORIENTED_EDGE('',*,*,#4927,.F.);
#3522=ORIENTED_EDGE('',*,*,#5062,.F.);
#3523=ORIENTED_EDGE('',*,*,#5063,.T.);
#3524=ORIENTED_EDGE('',*,*,#5064,.T.);
#3525=ORIENTED_EDGE('',*,*,#5065,.T.);
#3526=ORIENTED_EDGE('',*,*,#5066,.T.);
#3527=ORIENTED_EDGE('',*,*,#4961,.F.);
#3528=ORIENTED_EDGE('',*,*,#5067,.F.);
#3529=ORIENTED_EDGE('',*,*,#5064,.F.);
#3530=ORIENTED_EDGE('',*,*,#4964,.F.);
#3531=ORIENTED_EDGE('',*,*,#5068,.F.);
#3532=ORIENTED_EDGE('',*,*,#5065,.F.);
#3533=ORIENTED_EDGE('',*,*,#5067,.T.);
#3534=ORIENTED_EDGE('',*,*,#4963,.F.);
#3535=ORIENTED_EDGE('',*,*,#5066,.F.);
#3536=ORIENTED_EDGE('',*,*,#5068,.T.);
#3537=ORIENTED_EDGE('',*,*,#4962,.F.);
#3538=ORIENTED_EDGE('',*,*,#5069,.F.);
#3539=ORIENTED_EDGE('',*,*,#5070,.T.);
#3540=ORIENTED_EDGE('',*,*,#4958,.F.);
#3541=ORIENTED_EDGE('',*,*,#5070,.F.);
#3542=ORIENTED_EDGE('',*,*,#5071,.F.);
#3543=ORIENTED_EDGE('',*,*,#5072,.T.);
#3544=ORIENTED_EDGE('',*,*,#4959,.F.);
#3545=ORIENTED_EDGE('',*,*,#5072,.F.);
#3546=ORIENTED_EDGE('',*,*,#5073,.F.);
#3547=ORIENTED_EDGE('',*,*,#4960,.F.);
#3548=ORIENTED_EDGE('',*,*,#5074,.T.);
#3549=ORIENTED_EDGE('',*,*,#5073,.T.);
#3550=ORIENTED_EDGE('',*,*,#5071,.T.);
#3551=ORIENTED_EDGE('',*,*,#5069,.T.);
#3552=ORIENTED_EDGE('',*,*,#4957,.F.);
#3553=ORIENTED_EDGE('',*,*,#5063,.F.);
#3554=ORIENTED_EDGE('',*,*,#5075,.F.);
#3555=ORIENTED_EDGE('',*,*,#5076,.T.);
#3556=ORIENTED_EDGE('',*,*,#5075,.T.);
#3557=ORIENTED_EDGE('',*,*,#5076,.F.);
#3558=ORIENTED_EDGE('',*,*,#5074,.F.);
#3559=ORIENTED_EDGE('',*,*,#5077,.F.);
#3560=ORIENTED_EDGE('',*,*,#5078,.T.);
#3561=ORIENTED_EDGE('',*,*,#5077,.T.);
#3562=ORIENTED_EDGE('',*,*,#5078,.F.);
#3563=ORIENTED_EDGE('',*,*,#5079,.T.);
#3564=ORIENTED_EDGE('',*,*,#5047,.F.);
#3565=ORIENTED_EDGE('',*,*,#5048,.F.);
#3566=ORIENTED_EDGE('',*,*,#5080,.T.);
#3567=ORIENTED_EDGE('',*,*,#5079,.F.);
#3568=ORIENTED_EDGE('',*,*,#5081,.T.);
#3569=ORIENTED_EDGE('',*,*,#5080,.F.);
#3570=ORIENTED_EDGE('',*,*,#5082,.T.);
#3571=ORIENTED_EDGE('',*,*,#5081,.F.);
#3572=ORIENTED_EDGE('',*,*,#4976,.F.);
#3573=ORIENTED_EDGE('',*,*,#5082,.F.);
#3574=ORIENTED_EDGE('',*,*,#5083,.T.);
#3575=ORIENTED_EDGE('',*,*,#5057,.F.);
#3576=ORIENTED_EDGE('',*,*,#5058,.F.);
#3577=ORIENTED_EDGE('',*,*,#5084,.T.);
#3578=ORIENTED_EDGE('',*,*,#5083,.F.);
#3579=ORIENTED_EDGE('',*,*,#5085,.T.);
#3580=ORIENTED_EDGE('',*,*,#5084,.F.);
#3581=ORIENTED_EDGE('',*,*,#5086,.T.);
#3582=ORIENTED_EDGE('',*,*,#5085,.F.);
#3583=ORIENTED_EDGE('',*,*,#4975,.F.);
#3584=ORIENTED_EDGE('',*,*,#5086,.F.);
#3585=ORIENTED_EDGE('',*,*,#5011,.T.);
#3586=ORIENTED_EDGE('',*,*,#5087,.T.);
#3587=ORIENTED_EDGE('',*,*,#5088,.T.);
#3588=ORIENTED_EDGE('',*,*,#5089,.F.);
#3589=ORIENTED_EDGE('',*,*,#5014,.T.);
#3590=ORIENTED_EDGE('',*,*,#5090,.T.);
#3591=ORIENTED_EDGE('',*,*,#5091,.T.);
#3592=ORIENTED_EDGE('',*,*,#5087,.F.);
#3593=ORIENTED_EDGE('',*,*,#5013,.T.);
#3594=ORIENTED_EDGE('',*,*,#5092,.T.);
#3595=ORIENTED_EDGE('',*,*,#5093,.T.);
#3596=ORIENTED_EDGE('',*,*,#5090,.F.);
#3597=ORIENTED_EDGE('',*,*,#5012,.T.);
#3598=ORIENTED_EDGE('',*,*,#5089,.T.);
#3599=ORIENTED_EDGE('',*,*,#5094,.T.);
#3600=ORIENTED_EDGE('',*,*,#5092,.F.);
#3601=ORIENTED_EDGE('',*,*,#5088,.F.);
#3602=ORIENTED_EDGE('',*,*,#5091,.F.);
#3603=ORIENTED_EDGE('',*,*,#5093,.F.);
#3604=ORIENTED_EDGE('',*,*,#5094,.F.);
#3605=ORIENTED_EDGE('',*,*,#5007,.T.);
#3606=ORIENTED_EDGE('',*,*,#5095,.T.);
#3607=ORIENTED_EDGE('',*,*,#5096,.T.);
#3608=ORIENTED_EDGE('',*,*,#5097,.F.);
#3609=ORIENTED_EDGE('',*,*,#5010,.T.);
#3610=ORIENTED_EDGE('',*,*,#5098,.T.);
#3611=ORIENTED_EDGE('',*,*,#5099,.T.);
#3612=ORIENTED_EDGE('',*,*,#5095,.F.);
#3613=ORIENTED_EDGE('',*,*,#5009,.T.);
#3614=ORIENTED_EDGE('',*,*,#5100,.T.);
#3615=ORIENTED_EDGE('',*,*,#5101,.T.);
#3616=ORIENTED_EDGE('',*,*,#5098,.F.);
#3617=ORIENTED_EDGE('',*,*,#5008,.T.);
#3618=ORIENTED_EDGE('',*,*,#5097,.T.);
#3619=ORIENTED_EDGE('',*,*,#5102,.T.);
#3620=ORIENTED_EDGE('',*,*,#5100,.F.);
#3621=ORIENTED_EDGE('',*,*,#5096,.F.);
#3622=ORIENTED_EDGE('',*,*,#5099,.F.);
#3623=ORIENTED_EDGE('',*,*,#5101,.F.);
#3624=ORIENTED_EDGE('',*,*,#5102,.F.);
#3625=ORIENTED_EDGE('',*,*,#5103,.F.);
#3626=ORIENTED_EDGE('',*,*,#5104,.T.);
#3627=ORIENTED_EDGE('',*,*,#5105,.T.);
#3628=ORIENTED_EDGE('',*,*,#5106,.F.);
#3629=ORIENTED_EDGE('',*,*,#5107,.F.);
#3630=ORIENTED_EDGE('',*,*,#5106,.T.);
#3631=ORIENTED_EDGE('',*,*,#5108,.T.);
#3632=ORIENTED_EDGE('',*,*,#5109,.F.);
#3633=ORIENTED_EDGE('',*,*,#5110,.F.);
#3634=ORIENTED_EDGE('',*,*,#5111,.T.);
#3635=ORIENTED_EDGE('',*,*,#5112,.T.);
#3636=ORIENTED_EDGE('',*,*,#5104,.F.);
#3637=ORIENTED_EDGE('',*,*,#5113,.F.);
#3638=ORIENTED_EDGE('',*,*,#5114,.T.);
#3639=ORIENTED_EDGE('',*,*,#5115,.F.);
#3640=ORIENTED_EDGE('',*,*,#5116,.T.);
#3641=ORIENTED_EDGE('',*,*,#5117,.F.);
#3642=ORIENTED_EDGE('',*,*,#5109,.T.);
#3643=ORIENTED_EDGE('',*,*,#5118,.T.);
#3644=ORIENTED_EDGE('',*,*,#5119,.F.);
#3645=ORIENTED_EDGE('',*,*,#5120,.T.);
#3646=ORIENTED_EDGE('',*,*,#5121,.F.);
#3647=ORIENTED_EDGE('',*,*,#5122,.F.);
#3648=ORIENTED_EDGE('',*,*,#5119,.T.);
#3649=ORIENTED_EDGE('',*,*,#5123,.T.);
#3650=ORIENTED_EDGE('',*,*,#5124,.T.);
#3651=ORIENTED_EDGE('',*,*,#5125,.F.);
#3652=ORIENTED_EDGE('',*,*,#5121,.T.);
#3653=ORIENTED_EDGE('',*,*,#5125,.T.);
#3654=ORIENTED_EDGE('',*,*,#5126,.T.);
#3655=ORIENTED_EDGE('',*,*,#5110,.T.);
#3656=ORIENTED_EDGE('',*,*,#5127,.T.);
#3657=ORIENTED_EDGE('',*,*,#5115,.T.);
#3658=ORIENTED_EDGE('',*,*,#5122,.T.);
#3659=ORIENTED_EDGE('',*,*,#5128,.F.);
#3660=ORIENTED_EDGE('',*,*,#5129,.F.);
#3661=ORIENTED_EDGE('',*,*,#5130,.F.);
#3662=ORIENTED_EDGE('',*,*,#5112,.F.);
#3663=ORIENTED_EDGE('',*,*,#5131,.T.);
#3664=ORIENTED_EDGE('',*,*,#5123,.F.);
#3665=ORIENTED_EDGE('',*,*,#5120,.F.);
#3666=ORIENTED_EDGE('',*,*,#5118,.F.);
#3667=ORIENTED_EDGE('',*,*,#5108,.F.);
#3668=ORIENTED_EDGE('',*,*,#5105,.F.);
#3669=ORIENTED_EDGE('',*,*,#5132,.F.);
#3670=ORIENTED_EDGE('',*,*,#5130,.T.);
#3671=ORIENTED_EDGE('',*,*,#5132,.T.);
#3672=ORIENTED_EDGE('',*,*,#5133,.F.);
#3673=ORIENTED_EDGE('',*,*,#5129,.T.);
#3674=ORIENTED_EDGE('',*,*,#5133,.T.);
#3675=ORIENTED_EDGE('',*,*,#5134,.F.);
#3676=ORIENTED_EDGE('',*,*,#5128,.T.);
#3677=ORIENTED_EDGE('',*,*,#5134,.T.);
#3678=ORIENTED_EDGE('',*,*,#5113,.T.);
#3679=ORIENTED_EDGE('',*,*,#5103,.T.);
#3680=ORIENTED_EDGE('',*,*,#5107,.T.);
#3681=ORIENTED_EDGE('',*,*,#5117,.T.);
#3682=ORIENTED_EDGE('',*,*,#5135,.F.);
#3683=ORIENTED_EDGE('',*,*,#5116,.F.);
#3684=ORIENTED_EDGE('',*,*,#5127,.F.);
#3685=ORIENTED_EDGE('',*,*,#5114,.F.);
#3686=ORIENTED_EDGE('',*,*,#5135,.T.);
#3687=ORIENTED_EDGE('',*,*,#5126,.F.);
#3688=ORIENTED_EDGE('',*,*,#5124,.F.);
#3689=ORIENTED_EDGE('',*,*,#5131,.F.);
#3690=ORIENTED_EDGE('',*,*,#5111,.F.);
#3691=ORIENTED_EDGE('',*,*,#5136,.T.);
#3692=ORIENTED_EDGE('',*,*,#5137,.T.);
#3693=ORIENTED_EDGE('',*,*,#5138,.F.);
#3694=ORIENTED_EDGE('',*,*,#5139,.T.);
#3695=ORIENTED_EDGE('',*,*,#5140,.F.);
#3696=ORIENTED_EDGE('',*,*,#5141,.F.);
#3697=ORIENTED_EDGE('',*,*,#5142,.F.);
#3698=ORIENTED_EDGE('',*,*,#5143,.F.);
#3699=ORIENTED_EDGE('',*,*,#5144,.T.);
#3700=ORIENTED_EDGE('',*,*,#5141,.T.);
#3701=ORIENTED_EDGE('',*,*,#5145,.F.);
#3702=ORIENTED_EDGE('',*,*,#5146,.F.);
#3703=ORIENTED_EDGE('',*,*,#5147,.T.);
#3704=ORIENTED_EDGE('',*,*,#5143,.T.);
#3705=ORIENTED_EDGE('',*,*,#5148,.F.);
#3706=ORIENTED_EDGE('',*,*,#5149,.T.);
#3707=ORIENTED_EDGE('',*,*,#5150,.F.);
#3708=ORIENTED_EDGE('',*,*,#5151,.F.);
#3709=ORIENTED_EDGE('',*,*,#5152,.T.);
#3710=ORIENTED_EDGE('',*,*,#5146,.T.);
#3711=ORIENTED_EDGE('',*,*,#5153,.T.);
#3712=ORIENTED_EDGE('',*,*,#5151,.T.);
#3713=ORIENTED_EDGE('',*,*,#5154,.F.);
#3714=ORIENTED_EDGE('',*,*,#5155,.F.);
#3715=ORIENTED_EDGE('',*,*,#5156,.F.);
#3716=ORIENTED_EDGE('',*,*,#5157,.T.);
#3717=ORIENTED_EDGE('',*,*,#5158,.T.);
#3718=ORIENTED_EDGE('',*,*,#5155,.T.);
#3719=ORIENTED_EDGE('',*,*,#5138,.T.);
#3720=ORIENTED_EDGE('',*,*,#5159,.T.);
#3721=ORIENTED_EDGE('',*,*,#5156,.T.);
#3722=ORIENTED_EDGE('',*,*,#5154,.T.);
#3723=ORIENTED_EDGE('',*,*,#5150,.T.);
#3724=ORIENTED_EDGE('',*,*,#5160,.T.);
#3725=ORIENTED_EDGE('',*,*,#5161,.F.);
#3726=ORIENTED_EDGE('',*,*,#5162,.F.);
#3727=ORIENTED_EDGE('',*,*,#5163,.F.);
#3728=ORIENTED_EDGE('',*,*,#5158,.F.);
#3729=ORIENTED_EDGE('',*,*,#5164,.T.);
#3730=ORIENTED_EDGE('',*,*,#5136,.F.);
#3731=ORIENTED_EDGE('',*,*,#5144,.F.);
#3732=ORIENTED_EDGE('',*,*,#5147,.F.);
#3733=ORIENTED_EDGE('',*,*,#5152,.F.);
#3734=ORIENTED_EDGE('',*,*,#5153,.F.);
#3735=ORIENTED_EDGE('',*,*,#5165,.F.);
#3736=ORIENTED_EDGE('',*,*,#5163,.T.);
#3737=ORIENTED_EDGE('',*,*,#5165,.T.);
#3738=ORIENTED_EDGE('',*,*,#5166,.F.);
#3739=ORIENTED_EDGE('',*,*,#5162,.T.);
#3740=ORIENTED_EDGE('',*,*,#5166,.T.);
#3741=ORIENTED_EDGE('',*,*,#5167,.F.);
#3742=ORIENTED_EDGE('',*,*,#5161,.T.);
#3743=ORIENTED_EDGE('',*,*,#5167,.T.);
#3744=ORIENTED_EDGE('',*,*,#5140,.T.);
#3745=ORIENTED_EDGE('',*,*,#5168,.T.);
#3746=ORIENTED_EDGE('',*,*,#5148,.T.);
#3747=ORIENTED_EDGE('',*,*,#5145,.T.);
#3748=ORIENTED_EDGE('',*,*,#5142,.T.);
#3749=ORIENTED_EDGE('',*,*,#5149,.F.);
#3750=ORIENTED_EDGE('',*,*,#5168,.F.);
#3751=ORIENTED_EDGE('',*,*,#5139,.F.);
#3752=ORIENTED_EDGE('',*,*,#5160,.F.);
#3753=ORIENTED_EDGE('',*,*,#5164,.F.);
#3754=ORIENTED_EDGE('',*,*,#5157,.F.);
#3755=ORIENTED_EDGE('',*,*,#5159,.F.);
#3756=ORIENTED_EDGE('',*,*,#5137,.F.);
#3757=ORIENTED_EDGE('',*,*,#5169,.T.);
#3758=ORIENTED_EDGE('',*,*,#5170,.F.);
#3759=ORIENTED_EDGE('',*,*,#5171,.F.);
#3760=ORIENTED_EDGE('',*,*,#5172,.T.);
#3761=ORIENTED_EDGE('',*,*,#5173,.T.);
#3762=ORIENTED_EDGE('',*,*,#5174,.F.);
#3763=ORIENTED_EDGE('',*,*,#5175,.F.);
#3764=ORIENTED_EDGE('',*,*,#5170,.T.);
#3765=ORIENTED_EDGE('',*,*,#5176,.T.);
#3766=ORIENTED_EDGE('',*,*,#5177,.F.);
#3767=ORIENTED_EDGE('',*,*,#5178,.F.);
#3768=ORIENTED_EDGE('',*,*,#5174,.T.);
#3769=ORIENTED_EDGE('',*,*,#5179,.T.);
#3770=ORIENTED_EDGE('',*,*,#5180,.F.);
#3771=ORIENTED_EDGE('',*,*,#5181,.F.);
#3772=ORIENTED_EDGE('',*,*,#5177,.T.);
#3773=ORIENTED_EDGE('',*,*,#5182,.T.);
#3774=ORIENTED_EDGE('',*,*,#5183,.F.);
#3775=ORIENTED_EDGE('',*,*,#5184,.F.);
#3776=ORIENTED_EDGE('',*,*,#5180,.T.);
#3777=ORIENTED_EDGE('',*,*,#5185,.T.);
#3778=ORIENTED_EDGE('',*,*,#5186,.F.);
#3779=ORIENTED_EDGE('',*,*,#5187,.F.);
#3780=ORIENTED_EDGE('',*,*,#5183,.T.);
#3781=ORIENTED_EDGE('',*,*,#5188,.T.);
#3782=ORIENTED_EDGE('',*,*,#5189,.F.);
#3783=ORIENTED_EDGE('',*,*,#5190,.F.);
#3784=ORIENTED_EDGE('',*,*,#5186,.T.);
#3785=ORIENTED_EDGE('',*,*,#5191,.T.);
#3786=ORIENTED_EDGE('',*,*,#5192,.F.);
#3787=ORIENTED_EDGE('',*,*,#5193,.F.);
#3788=ORIENTED_EDGE('',*,*,#5189,.T.);
#3789=ORIENTED_EDGE('',*,*,#5194,.T.);
#3790=ORIENTED_EDGE('',*,*,#5195,.F.);
#3791=ORIENTED_EDGE('',*,*,#5196,.F.);
#3792=ORIENTED_EDGE('',*,*,#5192,.T.);
#3793=ORIENTED_EDGE('',*,*,#5197,.T.);
#3794=ORIENTED_EDGE('',*,*,#5198,.F.);
#3795=ORIENTED_EDGE('',*,*,#5199,.F.);
#3796=ORIENTED_EDGE('',*,*,#5195,.T.);
#3797=ORIENTED_EDGE('',*,*,#5200,.T.);
#3798=ORIENTED_EDGE('',*,*,#5201,.F.);
#3799=ORIENTED_EDGE('',*,*,#5202,.F.);
#3800=ORIENTED_EDGE('',*,*,#5198,.T.);
#3801=ORIENTED_EDGE('',*,*,#5203,.T.);
#3802=ORIENTED_EDGE('',*,*,#5204,.F.);
#3803=ORIENTED_EDGE('',*,*,#5205,.F.);
#3804=ORIENTED_EDGE('',*,*,#5201,.T.);
#3805=ORIENTED_EDGE('',*,*,#5206,.T.);
#3806=ORIENTED_EDGE('',*,*,#5207,.F.);
#3807=ORIENTED_EDGE('',*,*,#5208,.F.);
#3808=ORIENTED_EDGE('',*,*,#5204,.T.);
#3809=ORIENTED_EDGE('',*,*,#5209,.T.);
#3810=ORIENTED_EDGE('',*,*,#5210,.F.);
#3811=ORIENTED_EDGE('',*,*,#5211,.F.);
#3812=ORIENTED_EDGE('',*,*,#5207,.T.);
#3813=ORIENTED_EDGE('',*,*,#5212,.T.);
#3814=ORIENTED_EDGE('',*,*,#5213,.F.);
#3815=ORIENTED_EDGE('',*,*,#5214,.F.);
#3816=ORIENTED_EDGE('',*,*,#5210,.T.);
#3817=ORIENTED_EDGE('',*,*,#5215,.T.);
#3818=ORIENTED_EDGE('',*,*,#5216,.F.);
#3819=ORIENTED_EDGE('',*,*,#5217,.F.);
#3820=ORIENTED_EDGE('',*,*,#5213,.T.);
#3821=ORIENTED_EDGE('',*,*,#5218,.T.);
#3822=ORIENTED_EDGE('',*,*,#5219,.F.);
#3823=ORIENTED_EDGE('',*,*,#5220,.F.);
#3824=ORIENTED_EDGE('',*,*,#5216,.T.);
#3825=ORIENTED_EDGE('',*,*,#5221,.T.);
#3826=ORIENTED_EDGE('',*,*,#5222,.F.);
#3827=ORIENTED_EDGE('',*,*,#5223,.F.);
#3828=ORIENTED_EDGE('',*,*,#5219,.T.);
#3829=ORIENTED_EDGE('',*,*,#5224,.T.);
#3830=ORIENTED_EDGE('',*,*,#5225,.F.);
#3831=ORIENTED_EDGE('',*,*,#5226,.F.);
#3832=ORIENTED_EDGE('',*,*,#5222,.T.);
#3833=ORIENTED_EDGE('',*,*,#5227,.T.);
#3834=ORIENTED_EDGE('',*,*,#5228,.F.);
#3835=ORIENTED_EDGE('',*,*,#5229,.F.);
#3836=ORIENTED_EDGE('',*,*,#5225,.T.);
#3837=ORIENTED_EDGE('',*,*,#5230,.T.);
#3838=ORIENTED_EDGE('',*,*,#5231,.F.);
#3839=ORIENTED_EDGE('',*,*,#5232,.F.);
#3840=ORIENTED_EDGE('',*,*,#5228,.T.);
#3841=ORIENTED_EDGE('',*,*,#5233,.T.);
#3842=ORIENTED_EDGE('',*,*,#5234,.F.);
#3843=ORIENTED_EDGE('',*,*,#5235,.F.);
#3844=ORIENTED_EDGE('',*,*,#5231,.T.);
#3845=ORIENTED_EDGE('',*,*,#5236,.T.);
#3846=ORIENTED_EDGE('',*,*,#5237,.F.);
#3847=ORIENTED_EDGE('',*,*,#5238,.F.);
#3848=ORIENTED_EDGE('',*,*,#5234,.T.);
#3849=ORIENTED_EDGE('',*,*,#5239,.T.);
#3850=ORIENTED_EDGE('',*,*,#5172,.F.);
#3851=ORIENTED_EDGE('',*,*,#5240,.F.);
#3852=ORIENTED_EDGE('',*,*,#5237,.T.);
#3853=ORIENTED_EDGE('',*,*,#5171,.T.);
#3854=ORIENTED_EDGE('',*,*,#5175,.T.);
#3855=ORIENTED_EDGE('',*,*,#5178,.T.);
#3856=ORIENTED_EDGE('',*,*,#5181,.T.);
#3857=ORIENTED_EDGE('',*,*,#5184,.T.);
#3858=ORIENTED_EDGE('',*,*,#5187,.T.);
#3859=ORIENTED_EDGE('',*,*,#5190,.T.);
#3860=ORIENTED_EDGE('',*,*,#5193,.T.);
#3861=ORIENTED_EDGE('',*,*,#5196,.T.);
#3862=ORIENTED_EDGE('',*,*,#5199,.T.);
#3863=ORIENTED_EDGE('',*,*,#5202,.T.);
#3864=ORIENTED_EDGE('',*,*,#5205,.T.);
#3865=ORIENTED_EDGE('',*,*,#5208,.T.);
#3866=ORIENTED_EDGE('',*,*,#5211,.T.);
#3867=ORIENTED_EDGE('',*,*,#5214,.T.);
#3868=ORIENTED_EDGE('',*,*,#5217,.T.);
#3869=ORIENTED_EDGE('',*,*,#5220,.T.);
#3870=ORIENTED_EDGE('',*,*,#5223,.T.);
#3871=ORIENTED_EDGE('',*,*,#5226,.T.);
#3872=ORIENTED_EDGE('',*,*,#5229,.T.);
#3873=ORIENTED_EDGE('',*,*,#5232,.T.);
#3874=ORIENTED_EDGE('',*,*,#5235,.T.);
#3875=ORIENTED_EDGE('',*,*,#5238,.T.);
#3876=ORIENTED_EDGE('',*,*,#5240,.T.);
#3877=ORIENTED_EDGE('',*,*,#5169,.F.);
#3878=ORIENTED_EDGE('',*,*,#5239,.F.);
#3879=ORIENTED_EDGE('',*,*,#5236,.F.);
#3880=ORIENTED_EDGE('',*,*,#5233,.F.);
#3881=ORIENTED_EDGE('',*,*,#5230,.F.);
#3882=ORIENTED_EDGE('',*,*,#5227,.F.);
#3883=ORIENTED_EDGE('',*,*,#5224,.F.);
#3884=ORIENTED_EDGE('',*,*,#5221,.F.);
#3885=ORIENTED_EDGE('',*,*,#5218,.F.);
#3886=ORIENTED_EDGE('',*,*,#5215,.F.);
#3887=ORIENTED_EDGE('',*,*,#5212,.F.);
#3888=ORIENTED_EDGE('',*,*,#5209,.F.);
#3889=ORIENTED_EDGE('',*,*,#5206,.F.);
#3890=ORIENTED_EDGE('',*,*,#5203,.F.);
#3891=ORIENTED_EDGE('',*,*,#5200,.F.);
#3892=ORIENTED_EDGE('',*,*,#5197,.F.);
#3893=ORIENTED_EDGE('',*,*,#5194,.F.);
#3894=ORIENTED_EDGE('',*,*,#5191,.F.);
#3895=ORIENTED_EDGE('',*,*,#5188,.F.);
#3896=ORIENTED_EDGE('',*,*,#5185,.F.);
#3897=ORIENTED_EDGE('',*,*,#5182,.F.);
#3898=ORIENTED_EDGE('',*,*,#5179,.F.);
#3899=ORIENTED_EDGE('',*,*,#5176,.F.);
#3900=ORIENTED_EDGE('',*,*,#5173,.F.);
#3901=ORIENTED_EDGE('',*,*,#5241,.F.);
#3902=ORIENTED_EDGE('',*,*,#5242,.F.);
#3903=ORIENTED_EDGE('',*,*,#5243,.F.);
#3904=ORIENTED_EDGE('',*,*,#5244,.F.);
#3905=ORIENTED_EDGE('',*,*,#5245,.F.);
#3906=ORIENTED_EDGE('',*,*,#5246,.F.);
#3907=ORIENTED_EDGE('',*,*,#5247,.F.);
#3908=ORIENTED_EDGE('',*,*,#5248,.F.);
#3909=ORIENTED_EDGE('',*,*,#5249,.F.);
#3910=ORIENTED_EDGE('',*,*,#5250,.F.);
#3911=ORIENTED_EDGE('',*,*,#5251,.F.);
#3912=ORIENTED_EDGE('',*,*,#5252,.F.);
#3913=ORIENTED_EDGE('',*,*,#5253,.T.);
#3914=ORIENTED_EDGE('',*,*,#5254,.T.);
#3915=ORIENTED_EDGE('',*,*,#5252,.T.);
#3916=ORIENTED_EDGE('',*,*,#5255,.F.);
#3917=ORIENTED_EDGE('',*,*,#5256,.F.);
#3918=ORIENTED_EDGE('',*,*,#5257,.T.);
#3919=ORIENTED_EDGE('',*,*,#5258,.T.);
#3920=ORIENTED_EDGE('',*,*,#5248,.T.);
#3921=ORIENTED_EDGE('',*,*,#5259,.F.);
#3922=ORIENTED_EDGE('',*,*,#5260,.F.);
#3923=ORIENTED_EDGE('',*,*,#5261,.T.);
#3924=ORIENTED_EDGE('',*,*,#5262,.T.);
#3925=ORIENTED_EDGE('',*,*,#5263,.T.);
#3926=ORIENTED_EDGE('',*,*,#5264,.T.);
#3927=ORIENTED_EDGE('',*,*,#5265,.T.);
#3928=ORIENTED_EDGE('',*,*,#5247,.T.);
#3929=ORIENTED_EDGE('',*,*,#5266,.F.);
#3930=ORIENTED_EDGE('',*,*,#5267,.F.);
#3931=ORIENTED_EDGE('',*,*,#5259,.T.);
#3932=ORIENTED_EDGE('',*,*,#5246,.T.);
#3933=ORIENTED_EDGE('',*,*,#5268,.F.);
#3934=ORIENTED_EDGE('',*,*,#5269,.F.);
#3935=ORIENTED_EDGE('',*,*,#5266,.T.);
#3936=ORIENTED_EDGE('',*,*,#5245,.T.);
#3937=ORIENTED_EDGE('',*,*,#5270,.F.);
#3938=ORIENTED_EDGE('',*,*,#5271,.F.);
#3939=ORIENTED_EDGE('',*,*,#5268,.T.);
#3940=ORIENTED_EDGE('',*,*,#5244,.T.);
#3941=ORIENTED_EDGE('',*,*,#5272,.F.);
#3942=ORIENTED_EDGE('',*,*,#5273,.F.);
#3943=ORIENTED_EDGE('',*,*,#5270,.T.);
#3944=ORIENTED_EDGE('',*,*,#5243,.T.);
#3945=ORIENTED_EDGE('',*,*,#5274,.F.);
#3946=ORIENTED_EDGE('',*,*,#5275,.F.);
#3947=ORIENTED_EDGE('',*,*,#5272,.T.);
#3948=ORIENTED_EDGE('',*,*,#5276,.F.);
#3949=ORIENTED_EDGE('',*,*,#5277,.F.);
#3950=ORIENTED_EDGE('',*,*,#5278,.F.);
#3951=ORIENTED_EDGE('',*,*,#5279,.F.);
#3952=ORIENTED_EDGE('',*,*,#5280,.F.);
#3953=ORIENTED_EDGE('',*,*,#5274,.T.);
#3954=ORIENTED_EDGE('',*,*,#5242,.T.);
#3955=ORIENTED_EDGE('',*,*,#5279,.T.);
#3956=ORIENTED_EDGE('',*,*,#5281,.T.);
#3957=ORIENTED_EDGE('',*,*,#5257,.F.);
#3958=ORIENTED_EDGE('',*,*,#5282,.F.);
#3959=ORIENTED_EDGE('',*,*,#5251,.T.);
#3960=ORIENTED_EDGE('',*,*,#5283,.F.);
#3961=ORIENTED_EDGE('',*,*,#5284,.F.);
#3962=ORIENTED_EDGE('',*,*,#5255,.T.);
#3963=ORIENTED_EDGE('',*,*,#5250,.T.);
#3964=ORIENTED_EDGE('',*,*,#5285,.F.);
#3965=ORIENTED_EDGE('',*,*,#5286,.F.);
#3966=ORIENTED_EDGE('',*,*,#5283,.T.);
#3967=ORIENTED_EDGE('',*,*,#5249,.T.);
#3968=ORIENTED_EDGE('',*,*,#5261,.F.);
#3969=ORIENTED_EDGE('',*,*,#5287,.F.);
#3970=ORIENTED_EDGE('',*,*,#5285,.T.);
#3971=ORIENTED_EDGE('',*,*,#5288,.F.);
#3972=ORIENTED_EDGE('',*,*,#5289,.F.);
#3973=ORIENTED_EDGE('',*,*,#5290,.T.);
#3974=ORIENTED_EDGE('',*,*,#5260,.T.);
#3975=ORIENTED_EDGE('',*,*,#5267,.T.);
#3976=ORIENTED_EDGE('',*,*,#5269,.T.);
#3977=ORIENTED_EDGE('',*,*,#5271,.T.);
#3978=ORIENTED_EDGE('',*,*,#5273,.T.);
#3979=ORIENTED_EDGE('',*,*,#5275,.T.);
#3980=ORIENTED_EDGE('',*,*,#5280,.T.);
#3981=ORIENTED_EDGE('',*,*,#5282,.T.);
#3982=ORIENTED_EDGE('',*,*,#5256,.T.);
#3983=ORIENTED_EDGE('',*,*,#5284,.T.);
#3984=ORIENTED_EDGE('',*,*,#5286,.T.);
#3985=ORIENTED_EDGE('',*,*,#5287,.T.);
#3986=ORIENTED_EDGE('',*,*,#5254,.F.);
#3987=ORIENTED_EDGE('',*,*,#5291,.T.);
#3988=ORIENTED_EDGE('',*,*,#5276,.T.);
#3989=ORIENTED_EDGE('',*,*,#5241,.T.);
#3990=ORIENTED_EDGE('',*,*,#5292,.T.);
#3991=ORIENTED_EDGE('',*,*,#5293,.T.);
#3992=ORIENTED_EDGE('',*,*,#5294,.F.);
#3993=ORIENTED_EDGE('',*,*,#5258,.F.);
#3994=ORIENTED_EDGE('',*,*,#5281,.F.);
#3995=ORIENTED_EDGE('',*,*,#5278,.T.);
#3996=ORIENTED_EDGE('',*,*,#5295,.F.);
#3997=ORIENTED_EDGE('',*,*,#5253,.F.);
#3998=ORIENTED_EDGE('',*,*,#5295,.T.);
#3999=ORIENTED_EDGE('',*,*,#5277,.T.);
#4000=ORIENTED_EDGE('',*,*,#5291,.F.);
#4001=ORIENTED_EDGE('',*,*,#5296,.T.);
#4002=ORIENTED_EDGE('',*,*,#5297,.T.);
#4003=ORIENTED_EDGE('',*,*,#5297,.F.);
#4004=ORIENTED_EDGE('',*,*,#5290,.F.);
#4005=ORIENTED_EDGE('',*,*,#5294,.T.);
#4006=ORIENTED_EDGE('',*,*,#5296,.F.);
#4007=ORIENTED_EDGE('',*,*,#5298,.T.);
#4008=ORIENTED_EDGE('',*,*,#5289,.T.);
#4009=ORIENTED_EDGE('',*,*,#5299,.T.);
#4010=ORIENTED_EDGE('',*,*,#5298,.F.);
#4011=ORIENTED_EDGE('',*,*,#5300,.T.);
#4012=ORIENTED_EDGE('',*,*,#5299,.F.);
#4013=ORIENTED_EDGE('',*,*,#5293,.F.);
#4014=ORIENTED_EDGE('',*,*,#5300,.F.);
#4015=ORIENTED_EDGE('',*,*,#5301,.T.);
#4016=ORIENTED_EDGE('',*,*,#5288,.T.);
#4017=ORIENTED_EDGE('',*,*,#5302,.T.);
#4018=ORIENTED_EDGE('',*,*,#5301,.F.);
#4019=ORIENTED_EDGE('',*,*,#5303,.T.);
#4020=ORIENTED_EDGE('',*,*,#5302,.F.);
#4021=ORIENTED_EDGE('',*,*,#5292,.F.);
#4022=ORIENTED_EDGE('',*,*,#5303,.F.);
#4023=ORIENTED_EDGE('',*,*,#5263,.F.);
#4024=ORIENTED_EDGE('',*,*,#5304,.F.);
#4025=ORIENTED_EDGE('',*,*,#5305,.T.);
#4026=ORIENTED_EDGE('',*,*,#5306,.T.);
#4027=ORIENTED_EDGE('',*,*,#5264,.F.);
#4028=ORIENTED_EDGE('',*,*,#5306,.F.);
#4029=ORIENTED_EDGE('',*,*,#5307,.T.);
#4030=ORIENTED_EDGE('',*,*,#5308,.T.);
#4031=ORIENTED_EDGE('',*,*,#5265,.F.);
#4032=ORIENTED_EDGE('',*,*,#5308,.F.);
#4033=ORIENTED_EDGE('',*,*,#5309,.T.);
#4034=ORIENTED_EDGE('',*,*,#5310,.T.);
#4035=ORIENTED_EDGE('',*,*,#5262,.F.);
#4036=ORIENTED_EDGE('',*,*,#5310,.F.);
#4037=ORIENTED_EDGE('',*,*,#5311,.T.);
#4038=ORIENTED_EDGE('',*,*,#5304,.T.);
#4039=ORIENTED_EDGE('',*,*,#5305,.F.);
#4040=ORIENTED_EDGE('',*,*,#5311,.F.);
#4041=ORIENTED_EDGE('',*,*,#5309,.F.);
#4042=ORIENTED_EDGE('',*,*,#5307,.F.);
#4043=ORIENTED_EDGE('',*,*,#5312,.T.);
#4044=ORIENTED_EDGE('',*,*,#5313,.F.);
#4045=ORIENTED_EDGE('',*,*,#5314,.T.);
#4046=ORIENTED_EDGE('',*,*,#5312,.F.);
#4047=ORIENTED_EDGE('',*,*,#5315,.T.);
#4048=ORIENTED_EDGE('',*,*,#5314,.F.);
#4049=ORIENTED_EDGE('',*,*,#5316,.T.);
#4050=ORIENTED_EDGE('',*,*,#5315,.F.);
#4051=ORIENTED_EDGE('',*,*,#5317,.T.);
#4052=ORIENTED_EDGE('',*,*,#5316,.F.);
#4053=ORIENTED_EDGE('',*,*,#5313,.T.);
#4054=ORIENTED_EDGE('',*,*,#5317,.F.);
#4055=ORIENTED_EDGE('',*,*,#5318,.F.);
#4056=ORIENTED_EDGE('',*,*,#5319,.T.);
#4057=ORIENTED_EDGE('',*,*,#5318,.T.);
#4058=ORIENTED_EDGE('',*,*,#5319,.F.);
#4059=ORIENTED_EDGE('',*,*,#5320,.F.);
#4060=ORIENTED_EDGE('',*,*,#5321,.T.);
#4061=ORIENTED_EDGE('',*,*,#5320,.T.);
#4062=ORIENTED_EDGE('',*,*,#5321,.F.);
#4063=ORIENTED_EDGE('',*,*,#5322,.T.);
#4064=ORIENTED_EDGE('',*,*,#5323,.F.);
#4065=ORIENTED_EDGE('',*,*,#5322,.F.);
#4066=ORIENTED_EDGE('',*,*,#5323,.T.);
#4067=ORIENTED_EDGE('',*,*,#5324,.F.);
#4068=ORIENTED_EDGE('',*,*,#5325,.T.);
#4069=ORIENTED_EDGE('',*,*,#5324,.T.);
#4070=ORIENTED_EDGE('',*,*,#5325,.F.);
#4071=ORIENTED_EDGE('',*,*,#5326,.F.);
#4072=ORIENTED_EDGE('',*,*,#5327,.T.);
#4073=ORIENTED_EDGE('',*,*,#5326,.T.);
#4074=ORIENTED_EDGE('',*,*,#5327,.F.);
#4075=ORIENTED_EDGE('',*,*,#5328,.F.);
#4076=ORIENTED_EDGE('',*,*,#5329,.T.);
#4077=ORIENTED_EDGE('',*,*,#5328,.T.);
#4078=ORIENTED_EDGE('',*,*,#5329,.F.);
#4079=ORIENTED_EDGE('',*,*,#5330,.T.);
#4080=ORIENTED_EDGE('',*,*,#5331,.F.);
#4081=ORIENTED_EDGE('',*,*,#5330,.F.);
#4082=ORIENTED_EDGE('',*,*,#5331,.T.);
#4083=ORIENTED_EDGE('',*,*,#5332,.F.);
#4084=ORIENTED_EDGE('',*,*,#5333,.T.);
#4085=ORIENTED_EDGE('',*,*,#5332,.T.);
#4086=ORIENTED_EDGE('',*,*,#5333,.F.);
#4087=ORIENTED_EDGE('',*,*,#5334,.T.);
#4088=ORIENTED_EDGE('',*,*,#5335,.F.);
#4089=ORIENTED_EDGE('',*,*,#5336,.T.);
#4090=ORIENTED_EDGE('',*,*,#5334,.F.);
#4091=ORIENTED_EDGE('',*,*,#5337,.T.);
#4092=ORIENTED_EDGE('',*,*,#5336,.F.);
#4093=ORIENTED_EDGE('',*,*,#5338,.T.);
#4094=ORIENTED_EDGE('',*,*,#5337,.F.);
#4095=ORIENTED_EDGE('',*,*,#5339,.T.);
#4096=ORIENTED_EDGE('',*,*,#5338,.F.);
#4097=ORIENTED_EDGE('',*,*,#5335,.T.);
#4098=ORIENTED_EDGE('',*,*,#5339,.F.);
#4099=ORIENTED_EDGE('',*,*,#5340,.F.);
#4100=ORIENTED_EDGE('',*,*,#5341,.T.);
#4101=ORIENTED_EDGE('',*,*,#5340,.T.);
#4102=ORIENTED_EDGE('',*,*,#5341,.F.);
#4103=ORIENTED_EDGE('',*,*,#5342,.F.);
#4104=ORIENTED_EDGE('',*,*,#5343,.T.);
#4105=ORIENTED_EDGE('',*,*,#5342,.T.);
#4106=ORIENTED_EDGE('',*,*,#5343,.F.);
#4107=ORIENTED_EDGE('',*,*,#5344,.T.);
#4108=ORIENTED_EDGE('',*,*,#5345,.F.);
#4109=ORIENTED_EDGE('',*,*,#5346,.F.);
#4110=ORIENTED_EDGE('',*,*,#5347,.F.);
#4111=ORIENTED_EDGE('',*,*,#5348,.T.);
#4112=ORIENTED_EDGE('',*,*,#5344,.F.);
#4113=ORIENTED_EDGE('',*,*,#5349,.T.);
#4114=ORIENTED_EDGE('',*,*,#5349,.F.);
#4115=ORIENTED_EDGE('',*,*,#5350,.T.);
#4116=ORIENTED_EDGE('',*,*,#5345,.T.);
#4117=ORIENTED_EDGE('',*,*,#5350,.F.);
#4118=ORIENTED_EDGE('',*,*,#5351,.T.);
#4119=ORIENTED_EDGE('',*,*,#5346,.T.);
#4120=ORIENTED_EDGE('',*,*,#5351,.F.);
#4121=ORIENTED_EDGE('',*,*,#5352,.T.);
#4122=ORIENTED_EDGE('',*,*,#5347,.T.);
#4123=ORIENTED_EDGE('',*,*,#5352,.F.);
#4124=ORIENTED_EDGE('',*,*,#5353,.F.);
#4125=ORIENTED_EDGE('',*,*,#5348,.F.);
#4126=ORIENTED_EDGE('',*,*,#5353,.T.);
#4127=ORIENTED_EDGE('',*,*,#5354,.F.);
#4128=ORIENTED_EDGE('',*,*,#5355,.T.);
#4129=ORIENTED_EDGE('',*,*,#5354,.T.);
#4130=ORIENTED_EDGE('',*,*,#5355,.F.);
#4131=ORIENTED_EDGE('',*,*,#5356,.F.);
#4132=ORIENTED_EDGE('',*,*,#5357,.T.);
#4133=ORIENTED_EDGE('',*,*,#5356,.T.);
#4134=ORIENTED_EDGE('',*,*,#5357,.F.);
#4135=ORIENTED_EDGE('',*,*,#5358,.F.);
#4136=ORIENTED_EDGE('',*,*,#5359,.T.);
#4137=ORIENTED_EDGE('',*,*,#5358,.T.);
#4138=ORIENTED_EDGE('',*,*,#5359,.F.);
#4139=ORIENTED_EDGE('',*,*,#5360,.F.);
#4140=ORIENTED_EDGE('',*,*,#5361,.T.);
#4141=ORIENTED_EDGE('',*,*,#5360,.T.);
#4142=ORIENTED_EDGE('',*,*,#5361,.F.);
#4143=ORIENTED_EDGE('',*,*,#5362,.F.);
#4144=ORIENTED_EDGE('',*,*,#5363,.F.);
#4145=ORIENTED_EDGE('',*,*,#5364,.F.);
#4146=ORIENTED_EDGE('',*,*,#5365,.F.);
#4147=ORIENTED_EDGE('',*,*,#5366,.F.);
#4148=ORIENTED_EDGE('',*,*,#5367,.F.);
#4149=ORIENTED_EDGE('',*,*,#5368,.F.);
#4150=ORIENTED_EDGE('',*,*,#5369,.F.);
#4151=ORIENTED_EDGE('',*,*,#5370,.F.);
#4152=ORIENTED_EDGE('',*,*,#5371,.F.);
#4153=ORIENTED_EDGE('',*,*,#5372,.F.);
#4154=ORIENTED_EDGE('',*,*,#5373,.F.);
#4155=ORIENTED_EDGE('',*,*,#5374,.T.);
#4156=ORIENTED_EDGE('',*,*,#5375,.T.);
#4157=ORIENTED_EDGE('',*,*,#5373,.T.);
#4158=ORIENTED_EDGE('',*,*,#5376,.F.);
#4159=ORIENTED_EDGE('',*,*,#5377,.F.);
#4160=ORIENTED_EDGE('',*,*,#5378,.T.);
#4161=ORIENTED_EDGE('',*,*,#5379,.T.);
#4162=ORIENTED_EDGE('',*,*,#5369,.T.);
#4163=ORIENTED_EDGE('',*,*,#5380,.F.);
#4164=ORIENTED_EDGE('',*,*,#5381,.F.);
#4165=ORIENTED_EDGE('',*,*,#5382,.T.);
#4166=ORIENTED_EDGE('',*,*,#5383,.T.);
#4167=ORIENTED_EDGE('',*,*,#5384,.T.);
#4168=ORIENTED_EDGE('',*,*,#5385,.T.);
#4169=ORIENTED_EDGE('',*,*,#5386,.T.);
#4170=ORIENTED_EDGE('',*,*,#5368,.T.);
#4171=ORIENTED_EDGE('',*,*,#5387,.F.);
#4172=ORIENTED_EDGE('',*,*,#5388,.F.);
#4173=ORIENTED_EDGE('',*,*,#5380,.T.);
#4174=ORIENTED_EDGE('',*,*,#5367,.T.);
#4175=ORIENTED_EDGE('',*,*,#5389,.F.);
#4176=ORIENTED_EDGE('',*,*,#5390,.F.);
#4177=ORIENTED_EDGE('',*,*,#5387,.T.);
#4178=ORIENTED_EDGE('',*,*,#5366,.T.);
#4179=ORIENTED_EDGE('',*,*,#5391,.F.);
#4180=ORIENTED_EDGE('',*,*,#5392,.F.);
#4181=ORIENTED_EDGE('',*,*,#5389,.T.);
#4182=ORIENTED_EDGE('',*,*,#5365,.T.);
#4183=ORIENTED_EDGE('',*,*,#5393,.F.);
#4184=ORIENTED_EDGE('',*,*,#5394,.F.);
#4185=ORIENTED_EDGE('',*,*,#5391,.T.);
#4186=ORIENTED_EDGE('',*,*,#5364,.T.);
#4187=ORIENTED_EDGE('',*,*,#5395,.F.);
#4188=ORIENTED_EDGE('',*,*,#5396,.F.);
#4189=ORIENTED_EDGE('',*,*,#5393,.T.);
#4190=ORIENTED_EDGE('',*,*,#5397,.F.);
#4191=ORIENTED_EDGE('',*,*,#5398,.F.);
#4192=ORIENTED_EDGE('',*,*,#5399,.F.);
#4193=ORIENTED_EDGE('',*,*,#5400,.F.);
#4194=ORIENTED_EDGE('',*,*,#5401,.F.);
#4195=ORIENTED_EDGE('',*,*,#5395,.T.);
#4196=ORIENTED_EDGE('',*,*,#5363,.T.);
#4197=ORIENTED_EDGE('',*,*,#5400,.T.);
#4198=ORIENTED_EDGE('',*,*,#5402,.T.);
#4199=ORIENTED_EDGE('',*,*,#5378,.F.);
#4200=ORIENTED_EDGE('',*,*,#5403,.F.);
#4201=ORIENTED_EDGE('',*,*,#5372,.T.);
#4202=ORIENTED_EDGE('',*,*,#5404,.F.);
#4203=ORIENTED_EDGE('',*,*,#5405,.F.);
#4204=ORIENTED_EDGE('',*,*,#5376,.T.);
#4205=ORIENTED_EDGE('',*,*,#5371,.T.);
#4206=ORIENTED_EDGE('',*,*,#5406,.F.);
#4207=ORIENTED_EDGE('',*,*,#5407,.F.);
#4208=ORIENTED_EDGE('',*,*,#5404,.T.);
#4209=ORIENTED_EDGE('',*,*,#5370,.T.);
#4210=ORIENTED_EDGE('',*,*,#5382,.F.);
#4211=ORIENTED_EDGE('',*,*,#5408,.F.);
#4212=ORIENTED_EDGE('',*,*,#5406,.T.);
#4213=ORIENTED_EDGE('',*,*,#5409,.F.);
#4214=ORIENTED_EDGE('',*,*,#5410,.F.);
#4215=ORIENTED_EDGE('',*,*,#5411,.T.);
#4216=ORIENTED_EDGE('',*,*,#5381,.T.);
#4217=ORIENTED_EDGE('',*,*,#5388,.T.);
#4218=ORIENTED_EDGE('',*,*,#5390,.T.);
#4219=ORIENTED_EDGE('',*,*,#5392,.T.);
#4220=ORIENTED_EDGE('',*,*,#5394,.T.);
#4221=ORIENTED_EDGE('',*,*,#5396,.T.);
#4222=ORIENTED_EDGE('',*,*,#5401,.T.);
#4223=ORIENTED_EDGE('',*,*,#5403,.T.);
#4224=ORIENTED_EDGE('',*,*,#5377,.T.);
#4225=ORIENTED_EDGE('',*,*,#5405,.T.);
#4226=ORIENTED_EDGE('',*,*,#5407,.T.);
#4227=ORIENTED_EDGE('',*,*,#5408,.T.);
#4228=ORIENTED_EDGE('',*,*,#5375,.F.);
#4229=ORIENTED_EDGE('',*,*,#5412,.T.);
#4230=ORIENTED_EDGE('',*,*,#5397,.T.);
#4231=ORIENTED_EDGE('',*,*,#5362,.T.);
#4232=ORIENTED_EDGE('',*,*,#5413,.T.);
#4233=ORIENTED_EDGE('',*,*,#5414,.T.);
#4234=ORIENTED_EDGE('',*,*,#5415,.F.);
#4235=ORIENTED_EDGE('',*,*,#5379,.F.);
#4236=ORIENTED_EDGE('',*,*,#5402,.F.);
#4237=ORIENTED_EDGE('',*,*,#5399,.T.);
#4238=ORIENTED_EDGE('',*,*,#5416,.F.);
#4239=ORIENTED_EDGE('',*,*,#5374,.F.);
#4240=ORIENTED_EDGE('',*,*,#5416,.T.);
#4241=ORIENTED_EDGE('',*,*,#5398,.T.);
#4242=ORIENTED_EDGE('',*,*,#5412,.F.);
#4243=ORIENTED_EDGE('',*,*,#5417,.T.);
#4244=ORIENTED_EDGE('',*,*,#5418,.T.);
#4245=ORIENTED_EDGE('',*,*,#5418,.F.);
#4246=ORIENTED_EDGE('',*,*,#5411,.F.);
#4247=ORIENTED_EDGE('',*,*,#5415,.T.);
#4248=ORIENTED_EDGE('',*,*,#5417,.F.);
#4249=ORIENTED_EDGE('',*,*,#5419,.T.);
#4250=ORIENTED_EDGE('',*,*,#5410,.T.);
#4251=ORIENTED_EDGE('',*,*,#5420,.T.);
#4252=ORIENTED_EDGE('',*,*,#5419,.F.);
#4253=ORIENTED_EDGE('',*,*,#5421,.T.);
#4254=ORIENTED_EDGE('',*,*,#5420,.F.);
#4255=ORIENTED_EDGE('',*,*,#5414,.F.);
#4256=ORIENTED_EDGE('',*,*,#5421,.F.);
#4257=ORIENTED_EDGE('',*,*,#5422,.T.);
#4258=ORIENTED_EDGE('',*,*,#5409,.T.);
#4259=ORIENTED_EDGE('',*,*,#5423,.T.);
#4260=ORIENTED_EDGE('',*,*,#5422,.F.);
#4261=ORIENTED_EDGE('',*,*,#5424,.T.);
#4262=ORIENTED_EDGE('',*,*,#5423,.F.);
#4263=ORIENTED_EDGE('',*,*,#5413,.F.);
#4264=ORIENTED_EDGE('',*,*,#5424,.F.);
#4265=ORIENTED_EDGE('',*,*,#5384,.F.);
#4266=ORIENTED_EDGE('',*,*,#5425,.F.);
#4267=ORIENTED_EDGE('',*,*,#5426,.T.);
#4268=ORIENTED_EDGE('',*,*,#5427,.T.);
#4269=ORIENTED_EDGE('',*,*,#5385,.F.);
#4270=ORIENTED_EDGE('',*,*,#5427,.F.);
#4271=ORIENTED_EDGE('',*,*,#5428,.T.);
#4272=ORIENTED_EDGE('',*,*,#5429,.T.);
#4273=ORIENTED_EDGE('',*,*,#5386,.F.);
#4274=ORIENTED_EDGE('',*,*,#5429,.F.);
#4275=ORIENTED_EDGE('',*,*,#5430,.T.);
#4276=ORIENTED_EDGE('',*,*,#5431,.T.);
#4277=ORIENTED_EDGE('',*,*,#5383,.F.);
#4278=ORIENTED_EDGE('',*,*,#5431,.F.);
#4279=ORIENTED_EDGE('',*,*,#5432,.T.);
#4280=ORIENTED_EDGE('',*,*,#5425,.T.);
#4281=ORIENTED_EDGE('',*,*,#5426,.F.);
#4282=ORIENTED_EDGE('',*,*,#5432,.F.);
#4283=ORIENTED_EDGE('',*,*,#5430,.F.);
#4284=ORIENTED_EDGE('',*,*,#5428,.F.);
#4285=ORIENTED_EDGE('',*,*,#5433,.T.);
#4286=ORIENTED_EDGE('',*,*,#5434,.F.);
#4287=ORIENTED_EDGE('',*,*,#5435,.T.);
#4288=ORIENTED_EDGE('',*,*,#5433,.F.);
#4289=ORIENTED_EDGE('',*,*,#5436,.T.);
#4290=ORIENTED_EDGE('',*,*,#5435,.F.);
#4291=ORIENTED_EDGE('',*,*,#5437,.T.);
#4292=ORIENTED_EDGE('',*,*,#5436,.F.);
#4293=ORIENTED_EDGE('',*,*,#5438,.T.);
#4294=ORIENTED_EDGE('',*,*,#5437,.F.);
#4295=ORIENTED_EDGE('',*,*,#5434,.T.);
#4296=ORIENTED_EDGE('',*,*,#5438,.F.);
#4297=ORIENTED_EDGE('',*,*,#5439,.T.);
#4298=ORIENTED_EDGE('',*,*,#5440,.F.);
#4299=ORIENTED_EDGE('',*,*,#5441,.T.);
#4300=ORIENTED_EDGE('',*,*,#5439,.F.);
#4301=ORIENTED_EDGE('',*,*,#5442,.T.);
#4302=ORIENTED_EDGE('',*,*,#5441,.F.);
#4303=ORIENTED_EDGE('',*,*,#5443,.T.);
#4304=ORIENTED_EDGE('',*,*,#5442,.F.);
#4305=ORIENTED_EDGE('',*,*,#5444,.T.);
#4306=ORIENTED_EDGE('',*,*,#5443,.F.);
#4307=ORIENTED_EDGE('',*,*,#5440,.T.);
#4308=ORIENTED_EDGE('',*,*,#5444,.F.);
#4309=ORIENTED_EDGE('',*,*,#5445,.T.);
#4310=ORIENTED_EDGE('',*,*,#5446,.F.);
#4311=ORIENTED_EDGE('',*,*,#5447,.T.);
#4312=ORIENTED_EDGE('',*,*,#5445,.F.);
#4313=ORIENTED_EDGE('',*,*,#5448,.T.);
#4314=ORIENTED_EDGE('',*,*,#5447,.F.);
#4315=ORIENTED_EDGE('',*,*,#5449,.T.);
#4316=ORIENTED_EDGE('',*,*,#5448,.F.);
#4317=ORIENTED_EDGE('',*,*,#5450,.T.);
#4318=ORIENTED_EDGE('',*,*,#5449,.F.);
#4319=ORIENTED_EDGE('',*,*,#5446,.T.);
#4320=ORIENTED_EDGE('',*,*,#5450,.F.);
#4321=VERTEX_POINT('',#7972);
#4322=VERTEX_POINT('',#7974);
#4323=VERTEX_POINT('',#7977);
#4324=VERTEX_POINT('',#7980);
#4325=VERTEX_POINT('',#7983);
#4326=VERTEX_POINT('',#7986);
#4327=VERTEX_POINT('',#7990);
#4328=VERTEX_POINT('',#7991);
#4329=VERTEX_POINT('',#7993);
#4330=VERTEX_POINT('',#7995);
#4331=VERTEX_POINT('',#7997);
#4332=VERTEX_POINT('',#7999);
#4333=VERTEX_POINT('',#8001);
#4334=VERTEX_POINT('',#8003);
#4335=VERTEX_POINT('',#8005);
#4336=VERTEX_POINT('',#8007);
#4337=VERTEX_POINT('',#8009);
#4338=VERTEX_POINT('',#8011);
#4339=VERTEX_POINT('',#8015);
#4340=VERTEX_POINT('',#8016);
#4341=VERTEX_POINT('',#8018);
#4342=VERTEX_POINT('',#8020);
#4343=VERTEX_POINT('',#8022);
#4344=VERTEX_POINT('',#8024);
#4345=VERTEX_POINT('',#8026);
#4346=VERTEX_POINT('',#8028);
#4347=VERTEX_POINT('',#8030);
#4348=VERTEX_POINT('',#8032);
#4349=VERTEX_POINT('',#8034);
#4350=VERTEX_POINT('',#8036);
#4351=VERTEX_POINT('',#8040);
#4352=VERTEX_POINT('',#8042);
#4353=VERTEX_POINT('',#8044);
#4354=VERTEX_POINT('',#8046);
#4355=VERTEX_POINT('',#8048);
#4356=VERTEX_POINT('',#8051);
#4357=VERTEX_POINT('',#8053);
#4358=VERTEX_POINT('',#8055);
#4359=VERTEX_POINT('',#8059);
#4360=VERTEX_POINT('',#8061);
#4361=VERTEX_POINT('',#8063);
#4362=VERTEX_POINT('',#8065);
#4363=VERTEX_POINT('',#8067);
#4364=VERTEX_POINT('',#8070);
#4365=VERTEX_POINT('',#8072);
#4366=VERTEX_POINT('',#8074);
#4367=VERTEX_POINT('',#8078);
#4368=VERTEX_POINT('',#8080);
#4369=VERTEX_POINT('',#8082);
#4370=VERTEX_POINT('',#8084);
#4371=VERTEX_POINT('',#8086);
#4372=VERTEX_POINT('',#8088);
#4373=VERTEX_POINT('',#8090);
#4374=VERTEX_POINT('',#8092);
#4375=VERTEX_POINT('',#8095);
#4376=VERTEX_POINT('',#8097);
#4377=VERTEX_POINT('',#8101);
#4378=VERTEX_POINT('',#8103);
#4379=VERTEX_POINT('',#8106);
#4380=VERTEX_POINT('',#8108);
#4381=VERTEX_POINT('',#8110);
#4382=VERTEX_POINT('',#8112);
#4383=VERTEX_POINT('',#8114);
#4384=VERTEX_POINT('',#8116);
#4385=VERTEX_POINT('',#8118);
#4386=VERTEX_POINT('',#8120);
#4387=VERTEX_POINT('',#8124);
#4388=VERTEX_POINT('',#8125);
#4389=VERTEX_POINT('',#8127);
#4390=VERTEX_POINT('',#8129);
#4391=VERTEX_POINT('',#8131);
#4392=VERTEX_POINT('',#8133);
#4393=VERTEX_POINT('',#8135);
#4394=VERTEX_POINT('',#8137);
#4395=VERTEX_POINT('',#8139);
#4396=VERTEX_POINT('',#8141);
#4397=VERTEX_POINT('',#8143);
#4398=VERTEX_POINT('',#8145);
#4399=VERTEX_POINT('',#8149);
#4400=VERTEX_POINT('',#8151);
#4401=VERTEX_POINT('',#8153);
#4402=VERTEX_POINT('',#8154);
#4403=VERTEX_POINT('',#8156);
#4404=VERTEX_POINT('',#8158);
#4405=VERTEX_POINT('',#8162);
#4406=VERTEX_POINT('',#8164);
#4407=VERTEX_POINT('',#8168);
#4408=VERTEX_POINT('',#8170);
#4409=VERTEX_POINT('',#8174);
#4410=VERTEX_POINT('',#8176);
#4411=VERTEX_POINT('',#8178);
#4412=VERTEX_POINT('',#8182);
#4413=VERTEX_POINT('',#8184);
#4414=VERTEX_POINT('',#8188);
#4415=VERTEX_POINT('',#8190);
#4416=VERTEX_POINT('',#8194);
#4417=VERTEX_POINT('',#8196);
#4418=VERTEX_POINT('',#8200);
#4419=VERTEX_POINT('',#8202);
#4420=VERTEX_POINT('',#8206);
#4421=VERTEX_POINT('',#8208);
#4422=VERTEX_POINT('',#8212);
#4423=VERTEX_POINT('',#8217);
#4424=VERTEX_POINT('',#8221);
#4425=VERTEX_POINT('',#8225);
#4426=VERTEX_POINT('',#8227);
#4427=VERTEX_POINT('',#8229);
#4428=VERTEX_POINT('',#8233);
#4429=VERTEX_POINT('',#8237);
#4430=VERTEX_POINT('',#8241);
#4431=VERTEX_POINT('',#8243);
#4432=VERTEX_POINT('',#8247);
#4433=VERTEX_POINT('',#8249);
#4434=VERTEX_POINT('',#8253);
#4435=VERTEX_POINT('',#8255);
#4436=VERTEX_POINT('',#8259);
#4437=VERTEX_POINT('',#8261);
#4438=VERTEX_POINT('',#8265);
#4439=VERTEX_POINT('',#8267);
#4440=VERTEX_POINT('',#8271);
#4441=VERTEX_POINT('',#8273);
#4442=VERTEX_POINT('',#8277);
#4443=VERTEX_POINT('',#8279);
#4444=VERTEX_POINT('',#8281);
#4445=VERTEX_POINT('',#8285);
#4446=VERTEX_POINT('',#8286);
#4447=VERTEX_POINT('',#8288);
#4448=VERTEX_POINT('',#8320);
#4449=VERTEX_POINT('',#8323);
#4450=VERTEX_POINT('',#8324);
#4451=VERTEX_POINT('',#8326);
#4452=VERTEX_POINT('',#8358);
#4453=VERTEX_POINT('',#8361);
#4454=VERTEX_POINT('',#8363);
#4455=VERTEX_POINT('',#8370);
#4456=VERTEX_POINT('',#8372);
#4457=VERTEX_POINT('',#8374);
#4458=VERTEX_POINT('',#8376);
#4459=VERTEX_POINT('',#8380);
#4460=VERTEX_POINT('',#8382);
#4461=VERTEX_POINT('',#8389);
#4462=VERTEX_POINT('',#8390);
#4463=VERTEX_POINT('',#8395);
#4464=VERTEX_POINT('',#8399);
#4465=VERTEX_POINT('',#8403);
#4466=VERTEX_POINT('',#8407);
#4467=VERTEX_POINT('',#8411);
#4468=VERTEX_POINT('',#8415);
#4469=VERTEX_POINT('',#8421);
#4470=VERTEX_POINT('',#8422);
#4471=VERTEX_POINT('',#8429);
#4472=VERTEX_POINT('',#8433);
#4473=VERTEX_POINT('',#8445);
#4474=VERTEX_POINT('',#8446);
#4475=VERTEX_POINT('',#8448);
#4476=VERTEX_POINT('',#8450);
#4477=VERTEX_POINT('',#8453);
#4478=VERTEX_POINT('',#8454);
#4479=VERTEX_POINT('',#8456);
#4480=VERTEX_POINT('',#8458);
#4481=VERTEX_POINT('',#8482);
#4482=VERTEX_POINT('',#8484);
#4483=VERTEX_POINT('',#8486);
#4484=VERTEX_POINT('',#8488);
#4485=VERTEX_POINT('',#8491);
#4486=VERTEX_POINT('',#8493);
#4487=VERTEX_POINT('',#8495);
#4488=VERTEX_POINT('',#8497);
#4489=VERTEX_POINT('',#8519);
#4490=VERTEX_POINT('',#8522);
#4491=VERTEX_POINT('',#8525);
#4492=VERTEX_POINT('',#8528);
#4493=VERTEX_POINT('',#8531);
#4494=VERTEX_POINT('',#8532);
#4495=VERTEX_POINT('',#8535);
#4496=VERTEX_POINT('',#8538);
#4497=VERTEX_POINT('',#8541);
#4498=VERTEX_POINT('',#8544);
#4499=VERTEX_POINT('',#8548);
#4500=VERTEX_POINT('',#8551);
#4501=VERTEX_POINT('',#8554);
#4502=VERTEX_POINT('',#8557);
#4503=VERTEX_POINT('',#8560);
#4504=VERTEX_POINT('',#8561);
#4505=VERTEX_POINT('',#8564);
#4506=VERTEX_POINT('',#8567);
#4507=VERTEX_POINT('',#8570);
#4508=VERTEX_POINT('',#8573);
#4509=VERTEX_POINT('',#8577);
#4510=VERTEX_POINT('',#8579);
#4511=VERTEX_POINT('',#8581);
#4512=VERTEX_POINT('',#8590);
#4513=VERTEX_POINT('',#8594);
#4514=VERTEX_POINT('',#8600);
#4515=VERTEX_POINT('',#8603);
#4516=VERTEX_POINT('',#8606);
#4517=VERTEX_POINT('',#8610);
#4518=VERTEX_POINT('',#8613);
#4519=VERTEX_POINT('',#8617);
#4520=VERTEX_POINT('',#8620);
#4521=VERTEX_POINT('',#8623);
#4522=VERTEX_POINT('',#8626);
#4523=VERTEX_POINT('',#8630);
#4524=VERTEX_POINT('',#8633);
#4525=VERTEX_POINT('',#8636);
#4526=VERTEX_POINT('',#8639);
#4527=VERTEX_POINT('',#8643);
#4528=VERTEX_POINT('',#8645);
#4529=VERTEX_POINT('',#8649);
#4530=VERTEX_POINT('',#8653);
#4531=VERTEX_POINT('',#8660);
#4532=VERTEX_POINT('',#8662);
#4533=VERTEX_POINT('',#8666);
#4534=VERTEX_POINT('',#8670);
#4535=VERTEX_POINT('',#8677);
#4536=VERTEX_POINT('',#8678);
#4537=VERTEX_POINT('',#8680);
#4538=VERTEX_POINT('',#8682);
#4539=VERTEX_POINT('',#8686);
#4540=VERTEX_POINT('',#8688);
#4541=VERTEX_POINT('',#8692);
#4542=VERTEX_POINT('',#8693);
#4543=VERTEX_POINT('',#8698);
#4544=VERTEX_POINT('',#8701);
#4545=VERTEX_POINT('',#8705);
#4546=VERTEX_POINT('',#8706);
#4547=VERTEX_POINT('',#8708);
#4548=VERTEX_POINT('',#8711);
#4549=VERTEX_POINT('',#8715);
#4550=VERTEX_POINT('',#8717);
#4551=VERTEX_POINT('',#8721);
#4552=VERTEX_POINT('',#8726);
#4553=VERTEX_POINT('',#8746);
#4554=VERTEX_POINT('',#8748);
#4555=VERTEX_POINT('',#8750);
#4556=VERTEX_POINT('',#8767);
#4557=VERTEX_POINT('',#8771);
#4558=VERTEX_POINT('',#8775);
#4559=VERTEX_POINT('',#8794);
#4560=VERTEX_POINT('',#8795);
#4561=VERTEX_POINT('',#8800);
#4562=VERTEX_POINT('',#8802);
#4563=VERTEX_POINT('',#8804);
#4564=VERTEX_POINT('',#8806);
#4565=VERTEX_POINT('',#8810);
#4566=VERTEX_POINT('',#8812);
#4567=VERTEX_POINT('',#8816);
#4568=VERTEX_POINT('',#8818);
#4569=VERTEX_POINT('',#8822);
#4570=VERTEX_POINT('',#8824);
#4571=VERTEX_POINT('',#8826);
#4572=VERTEX_POINT('',#8828);
#4573=VERTEX_POINT('',#8832);
#4574=VERTEX_POINT('',#8834);
#4575=VERTEX_POINT('',#8838);
#4576=VERTEX_POINT('',#8843);
#4577=VERTEX_POINT('',#8863);
#4578=VERTEX_POINT('',#8865);
#4579=VERTEX_POINT('',#8867);
#4580=VERTEX_POINT('',#8884);
#4581=VERTEX_POINT('',#8888);
#4582=VERTEX_POINT('',#8892);
#4583=VERTEX_POINT('',#8911);
#4584=VERTEX_POINT('',#8912);
#4585=VERTEX_POINT('',#8914);
#4586=VERTEX_POINT('',#8916);
#4587=VERTEX_POINT('',#8920);
#4588=VERTEX_POINT('',#8922);
#4589=VERTEX_POINT('',#8926);
#4590=VERTEX_POINT('',#8928);
#4591=VERTEX_POINT('',#8932);
#4592=VERTEX_POINT('',#8934);
#4593=VERTEX_POINT('',#8938);
#4594=VERTEX_POINT('',#8940);
#4595=VERTEX_POINT('',#8944);
#4596=VERTEX_POINT('',#8946);
#4597=VERTEX_POINT('',#8950);
#4598=VERTEX_POINT('',#8952);
#4599=VERTEX_POINT('',#8956);
#4600=VERTEX_POINT('',#8958);
#4601=VERTEX_POINT('',#8962);
#4602=VERTEX_POINT('',#8964);
#4603=VERTEX_POINT('',#8968);
#4604=VERTEX_POINT('',#8970);
#4605=VERTEX_POINT('',#8974);
#4606=VERTEX_POINT('',#8976);
#4607=VERTEX_POINT('',#8980);
#4608=VERTEX_POINT('',#8982);
#4609=VERTEX_POINT('',#8986);
#4610=VERTEX_POINT('',#8988);
#4611=VERTEX_POINT('',#8992);
#4612=VERTEX_POINT('',#8994);
#4613=VERTEX_POINT('',#8998);
#4614=VERTEX_POINT('',#9000);
#4615=VERTEX_POINT('',#9004);
#4616=VERTEX_POINT('',#9006);
#4617=VERTEX_POINT('',#9010);
#4618=VERTEX_POINT('',#9012);
#4619=VERTEX_POINT('',#9016);
#4620=VERTEX_POINT('',#9018);
#4621=VERTEX_POINT('',#9022);
#4622=VERTEX_POINT('',#9024);
#4623=VERTEX_POINT('',#9028);
#4624=VERTEX_POINT('',#9030);
#4625=VERTEX_POINT('',#9034);
#4626=VERTEX_POINT('',#9036);
#4627=VERTEX_POINT('',#9040);
#4628=VERTEX_POINT('',#9042);
#4629=VERTEX_POINT('',#9046);
#4630=VERTEX_POINT('',#9048);
#4631=VERTEX_POINT('',#9057);
#4632=VERTEX_POINT('',#9058);
#4633=VERTEX_POINT('',#9060);
#4634=VERTEX_POINT('',#9062);
#4635=VERTEX_POINT('',#9064);
#4636=VERTEX_POINT('',#9066);
#4637=VERTEX_POINT('',#9068);
#4638=VERTEX_POINT('',#9070);
#4639=VERTEX_POINT('',#9072);
#4640=VERTEX_POINT('',#9074);
#4641=VERTEX_POINT('',#9076);
#4642=VERTEX_POINT('',#9078);
#4643=VERTEX_POINT('',#9082);
#4644=VERTEX_POINT('',#9083);
#4645=VERTEX_POINT('',#9086);
#4646=VERTEX_POINT('',#9088);
#4647=VERTEX_POINT('',#9090);
#4648=VERTEX_POINT('',#9094);
#4649=VERTEX_POINT('',#9096);
#4650=VERTEX_POINT('',#9100);
#4651=VERTEX_POINT('',#9101);
#4652=VERTEX_POINT('',#9103);
#4653=VERTEX_POINT('',#9105);
#4654=VERTEX_POINT('',#9108);
#4655=VERTEX_POINT('',#9112);
#4656=VERTEX_POINT('',#9116);
#4657=VERTEX_POINT('',#9120);
#4658=VERTEX_POINT('',#9124);
#4659=VERTEX_POINT('',#9128);
#4660=VERTEX_POINT('',#9130);
#4661=VERTEX_POINT('',#9132);
#4662=VERTEX_POINT('',#9134);
#4663=VERTEX_POINT('',#9141);
#4664=VERTEX_POINT('',#9145);
#4665=VERTEX_POINT('',#9151);
#4666=VERTEX_POINT('',#9153);
#4667=VERTEX_POINT('',#9155);
#4668=VERTEX_POINT('',#9160);
#4669=VERTEX_POINT('',#9162);
#4670=VERTEX_POINT('',#9164);
#4671=VERTEX_POINT('',#9169);
#4672=VERTEX_POINT('',#9171);
#4673=VERTEX_POINT('',#9176);
#4674=VERTEX_POINT('',#9179);
#4675=VERTEX_POINT('',#9182);
#4676=VERTEX_POINT('',#9186);
#4677=VERTEX_POINT('',#9189);
#4678=VERTEX_POINT('',#9192);
#4679=VERTEX_POINT('',#9196);
#4680=VERTEX_POINT('',#9198);
#4681=VERTEX_POINT('',#9202);
#4682=VERTEX_POINT('',#9206);
#4683=VERTEX_POINT('',#9213);
#4684=VERTEX_POINT('',#9215);
#4685=VERTEX_POINT('',#9218);
#4686=VERTEX_POINT('',#9221);
#4687=VERTEX_POINT('',#9224);
#4688=VERTEX_POINT('',#9227);
#4689=VERTEX_POINT('',#9231);
#4690=VERTEX_POINT('',#9233);
#4691=VERTEX_POINT('',#9238);
#4692=VERTEX_POINT('',#9240);
#4693=VERTEX_POINT('',#9245);
#4694=VERTEX_POINT('',#9247);
#4695=VERTEX_POINT('',#9252);
#4696=VERTEX_POINT('',#9254);
#4697=VERTEX_POINT('',#9259);
#4698=VERTEX_POINT('',#9261);
#4699=VERTEX_POINT('',#9266);
#4700=VERTEX_POINT('',#9268);
#4701=VERTEX_POINT('',#9273);
#4702=VERTEX_POINT('',#9275);
#4703=VERTEX_POINT('',#9280);
#4704=VERTEX_POINT('',#9282);
#4705=VERTEX_POINT('',#9287);
#4706=VERTEX_POINT('',#9289);
#4707=VERTEX_POINT('',#9292);
#4708=VERTEX_POINT('',#9295);
#4709=VERTEX_POINT('',#9298);
#4710=VERTEX_POINT('',#9301);
#4711=VERTEX_POINT('',#9305);
#4712=VERTEX_POINT('',#9307);
#4713=VERTEX_POINT('',#9312);
#4714=VERTEX_POINT('',#9314);
#4715=VERTEX_POINT('',#9319);
#4716=VERTEX_POINT('',#9321);
#4717=VERTEX_POINT('',#9323);
#4718=VERTEX_POINT('',#9325);
#4719=VERTEX_POINT('',#9327);
#4720=VERTEX_POINT('',#9330);
#4721=VERTEX_POINT('',#9334);
#4722=VERTEX_POINT('',#9338);
#4723=VERTEX_POINT('',#9342);
#4724=VERTEX_POINT('',#9346);
#4725=VERTEX_POINT('',#9350);
#4726=VERTEX_POINT('',#9352);
#4727=VERTEX_POINT('',#9357);
#4728=VERTEX_POINT('',#9359);
#4729=VERTEX_POINT('',#9364);
#4730=VERTEX_POINT('',#9366);
#4731=VERTEX_POINT('',#9371);
#4732=VERTEX_POINT('',#9373);
#4733=VERTEX_POINT('',#9378);
#4734=VERTEX_POINT('',#9379);
#4735=VERTEX_POINT('',#9381);
#4736=VERTEX_POINT('',#9383);
#4737=VERTEX_POINT('',#9385);
#4738=VERTEX_POINT('',#9387);
#4739=VERTEX_POINT('',#9389);
#4740=VERTEX_POINT('',#9391);
#4741=VERTEX_POINT('',#9393);
#4742=VERTEX_POINT('',#9395);
#4743=VERTEX_POINT('',#9397);
#4744=VERTEX_POINT('',#9399);
#4745=VERTEX_POINT('',#9403);
#4746=VERTEX_POINT('',#9404);
#4747=VERTEX_POINT('',#9407);
#4748=VERTEX_POINT('',#9409);
#4749=VERTEX_POINT('',#9411);
#4750=VERTEX_POINT('',#9415);
#4751=VERTEX_POINT('',#9417);
#4752=VERTEX_POINT('',#9421);
#4753=VERTEX_POINT('',#9422);
#4754=VERTEX_POINT('',#9424);
#4755=VERTEX_POINT('',#9426);
#4756=VERTEX_POINT('',#9429);
#4757=VERTEX_POINT('',#9433);
#4758=VERTEX_POINT('',#9437);
#4759=VERTEX_POINT('',#9441);
#4760=VERTEX_POINT('',#9445);
#4761=VERTEX_POINT('',#9449);
#4762=VERTEX_POINT('',#9451);
#4763=VERTEX_POINT('',#9453);
#4764=VERTEX_POINT('',#9455);
#4765=VERTEX_POINT('',#9462);
#4766=VERTEX_POINT('',#9466);
#4767=VERTEX_POINT('',#9472);
#4768=VERTEX_POINT('',#9474);
#4769=VERTEX_POINT('',#9476);
#4770=VERTEX_POINT('',#9481);
#4771=VERTEX_POINT('',#9483);
#4772=VERTEX_POINT('',#9485);
#4773=VERTEX_POINT('',#9490);
#4774=VERTEX_POINT('',#9492);
#4775=VERTEX_POINT('',#9497);
#4776=VERTEX_POINT('',#9500);
#4777=VERTEX_POINT('',#9503);
#4778=VERTEX_POINT('',#9507);
#4779=VERTEX_POINT('',#9510);
#4780=VERTEX_POINT('',#9513);
#4781=VERTEX_POINT('',#9517);
#4782=VERTEX_POINT('',#9519);
#4783=VERTEX_POINT('',#9523);
#4784=VERTEX_POINT('',#9527);
#4785=VERTEX_POINT('',#9534);
#4786=VERTEX_POINT('',#9536);
#4787=VERTEX_POINT('',#9539);
#4788=VERTEX_POINT('',#9542);
#4789=VERTEX_POINT('',#9545);
#4790=VERTEX_POINT('',#9548);
#4791=VERTEX_POINT('',#9552);
#4792=VERTEX_POINT('',#9554);
#4793=VERTEX_POINT('',#9557);
#4794=VERTEX_POINT('',#9560);
#4795=VERTEX_POINT('',#9563);
#4796=VERTEX_POINT('',#9566);
#4797=VERTEX_POINT('',#9570);
#4798=VERTEX_POINT('',#9572);
#4799=VERTEX_POINT('',#9575);
#4800=VERTEX_POINT('',#9578);
#4801=VERTEX_POINT('',#9581);
#4802=VERTEX_POINT('',#9584);
#4803=EDGE_CURVE('',#4321,#4321,#5451,.T.);
#4804=EDGE_CURVE('',#4322,#4322,#5452,.T.);
#4805=EDGE_CURVE('',#4323,#4323,#5453,.T.);
#4806=EDGE_CURVE('',#4324,#4324,#5454,.T.);
#4807=EDGE_CURVE('',#4325,#4325,#5455,.T.);
#4808=EDGE_CURVE('',#4326,#4326,#5456,.T.);
#4809=EDGE_CURVE('',#4327,#4328,#315,.T.);
#4810=EDGE_CURVE('',#4328,#4329,#316,.T.);
#4811=EDGE_CURVE('',#4330,#4329,#317,.T.);
#4812=EDGE_CURVE('',#4331,#4330,#318,.T.);
#4813=EDGE_CURVE('',#4331,#4332,#319,.T.);
#4814=EDGE_CURVE('',#4333,#4332,#320,.T.);
#4815=EDGE_CURVE('',#4334,#4333,#321,.T.);
#4816=EDGE_CURVE('',#4334,#4335,#322,.T.);
#4817=EDGE_CURVE('',#4335,#4336,#323,.T.);
#4818=EDGE_CURVE('',#4336,#4337,#324,.T.);
#4819=EDGE_CURVE('',#4337,#4338,#325,.T.);
#4820=EDGE_CURVE('',#4338,#4327,#326,.T.);
#4821=EDGE_CURVE('',#4339,#4340,#327,.T.);
#4822=EDGE_CURVE('',#4339,#4341,#328,.T.);
#4823=EDGE_CURVE('',#4342,#4341,#329,.T.);
#4824=EDGE_CURVE('',#4343,#4342,#330,.T.);
#4825=EDGE_CURVE('',#4343,#4344,#331,.T.);
#4826=EDGE_CURVE('',#4345,#4344,#332,.T.);
#4827=EDGE_CURVE('',#4346,#4345,#333,.T.);
#4828=EDGE_CURVE('',#4346,#4347,#334,.T.);
#4829=EDGE_CURVE('',#4348,#4347,#335,.T.);
#4830=EDGE_CURVE('',#4348,#4349,#336,.T.);
#4831=EDGE_CURVE('',#4350,#4349,#337,.T.);
#4832=EDGE_CURVE('',#4350,#4340,#338,.T.);
#4833=EDGE_CURVE('',#4339,#4351,#339,.T.);
#4834=EDGE_CURVE('',#4340,#4352,#5457,.T.);
#4835=EDGE_CURVE('',#4352,#4353,#5458,.T.);
#4836=EDGE_CURVE('',#4353,#4354,#340,.T.);
#4837=EDGE_CURVE('',#4354,#4355,#5459,.T.);
#4838=EDGE_CURVE('',#4355,#4348,#5460,.T.);
#4839=EDGE_CURVE('',#4356,#4347,#341,.T.);
#4840=EDGE_CURVE('',#4357,#4356,#5461,.T.);
#4841=EDGE_CURVE('',#4358,#4357,#342,.T.);
#4842=EDGE_CURVE('',#4351,#4358,#5462,.T.);
#4843=EDGE_CURVE('',#4328,#4359,#343,.T.);
#4844=EDGE_CURVE('',#4327,#4360,#5463,.T.);
#4845=EDGE_CURVE('',#4360,#4361,#5464,.T.);
#4846=EDGE_CURVE('',#4361,#4362,#344,.T.);
#4847=EDGE_CURVE('',#4362,#4363,#5465,.T.);
#4848=EDGE_CURVE('',#4363,#4336,#5466,.T.);
#4849=EDGE_CURVE('',#4364,#4335,#345,.T.);
#4850=EDGE_CURVE('',#4365,#4364,#5467,.T.);
#4851=EDGE_CURVE('',#4366,#4365,#346,.T.);
#4852=EDGE_CURVE('',#4359,#4366,#5468,.T.);
#4853=EDGE_CURVE('',#4367,#4338,#5469,.T.);
#4854=EDGE_CURVE('',#4368,#4367,#347,.T.);
#4855=EDGE_CURVE('',#4369,#4368,#5470,.T.);
#4856=EDGE_CURVE('',#4370,#4369,#348,.T.);
#4857=EDGE_CURVE('',#4371,#4370,#5471,.T.);
#4858=EDGE_CURVE('',#4372,#4371,#349,.T.);
#4859=EDGE_CURVE('',#4373,#4372,#5472,.T.);
#4860=EDGE_CURVE('',#4374,#4373,#350,.T.);
#4861=EDGE_CURVE('',#4349,#4374,#5473,.T.);
#4862=EDGE_CURVE('',#4355,#4375,#351,.T.);
#4863=EDGE_CURVE('',#4375,#4376,#5474,.T.);
#4864=EDGE_CURVE('',#4360,#4376,#352,.T.);
#4865=EDGE_CURVE('',#4363,#4377,#353,.T.);
#4866=EDGE_CURVE('',#4377,#4378,#5475,.T.);
#4867=EDGE_CURVE('',#4352,#4378,#354,.T.);
#4868=EDGE_CURVE('',#4379,#4350,#5476,.T.);
#4869=EDGE_CURVE('',#4380,#4379,#355,.T.);
#4870=EDGE_CURVE('',#4381,#4380,#5477,.T.);
#4871=EDGE_CURVE('',#4382,#4381,#356,.T.);
#4872=EDGE_CURVE('',#4383,#4382,#5478,.T.);
#4873=EDGE_CURVE('',#4384,#4383,#357,.T.);
#4874=EDGE_CURVE('',#4385,#4384,#5479,.T.);
#4875=EDGE_CURVE('',#4386,#4385,#358,.T.);
#4876=EDGE_CURVE('',#4337,#4386,#5480,.T.);
#4877=EDGE_CURVE('',#4387,#4388,#5481,.T.);
#4878=EDGE_CURVE('',#4389,#4387,#5482,.T.);
#4879=EDGE_CURVE('',#4390,#4389,#359,.T.);
#4880=EDGE_CURVE('',#4391,#4390,#5483,.T.);
#4881=EDGE_CURVE('',#4392,#4391,#5484,.T.);
#4882=EDGE_CURVE('',#4392,#4393,#360,.T.);
#4883=EDGE_CURVE('',#4393,#4394,#5485,.T.);
#4884=EDGE_CURVE('',#4394,#4395,#5486,.T.);
#4885=EDGE_CURVE('',#4395,#4396,#361,.T.);
#4886=EDGE_CURVE('',#4396,#4397,#5487,.T.);
#4887=EDGE_CURVE('',#4397,#4398,#5488,.T.);
#4888=EDGE_CURVE('',#4398,#4388,#362,.T.);
#4889=EDGE_CURVE('',#4399,#4399,#5489,.T.);
#4890=EDGE_CURVE('',#4400,#4400,#5490,.T.);
#4891=EDGE_CURVE('',#4401,#4402,#363,.T.);
#4892=EDGE_CURVE('',#4403,#4402,#364,.T.);
#4893=EDGE_CURVE('',#4404,#4403,#365,.T.);
#4894=EDGE_CURVE('',#4404,#4401,#366,.T.);
#4895=EDGE_CURVE('',#4402,#4405,#5491,.T.);
#4896=EDGE_CURVE('',#4406,#4405,#367,.T.);
#4897=EDGE_CURVE('',#4403,#4406,#5492,.T.);
#4898=EDGE_CURVE('',#4405,#4407,#5493,.T.);
#4899=EDGE_CURVE('',#4408,#4407,#368,.T.);
#4900=EDGE_CURVE('',#4406,#4408,#5494,.T.);
#4901=EDGE_CURVE('',#4407,#4409,#369,.T.);
#4902=EDGE_CURVE('',#4410,#4409,#370,.T.);
#4903=EDGE_CURVE('',#4411,#4410,#371,.T.);
#4904=EDGE_CURVE('',#4408,#4411,#372,.T.);
#4905=EDGE_CURVE('',#4409,#4412,#373,.T.);
#4906=EDGE_CURVE('',#4413,#4412,#374,.T.);
#4907=EDGE_CURVE('',#4410,#4413,#375,.T.);
#4908=EDGE_CURVE('',#4412,#4414,#376,.T.);
#4909=EDGE_CURVE('',#4415,#4414,#377,.T.);
#4910=EDGE_CURVE('',#4413,#4415,#378,.T.);
#4911=EDGE_CURVE('',#4414,#4416,#379,.T.);
#4912=EDGE_CURVE('',#4417,#4416,#380,.T.);
#4913=EDGE_CURVE('',#4415,#4417,#381,.T.);
#4914=EDGE_CURVE('',#4416,#4418,#382,.T.);
#4915=EDGE_CURVE('',#4419,#4418,#383,.T.);
#4916=EDGE_CURVE('',#4417,#4419,#384,.T.);
#4917=EDGE_CURVE('',#4418,#4420,#385,.T.);
#4918=EDGE_CURVE('',#4421,#4420,#386,.T.);
#4919=EDGE_CURVE('',#4419,#4421,#387,.T.);
#4920=EDGE_CURVE('',#4420,#4422,#388,.T.);
#4921=EDGE_CURVE('',#4393,#4422,#389,.T.);
#4922=EDGE_CURVE('',#4421,#4392,#390,.T.);
#4923=EDGE_CURVE('',#4422,#4423,#5495,.T.);
#4924=EDGE_CURVE('',#4394,#4423,#391,.T.);
#4925=EDGE_CURVE('',#4423,#4424,#5496,.T.);
#4926=EDGE_CURVE('',#4395,#4424,#392,.T.);
#4927=EDGE_CURVE('',#4425,#4425,#5497,.T.);
#4928=EDGE_CURVE('',#4426,#4426,#5498,.T.);
#4929=EDGE_CURVE('',#4424,#4427,#393,.T.);
#4930=EDGE_CURVE('',#4396,#4427,#394,.T.);
#4931=EDGE_CURVE('',#4427,#4428,#5499,.T.);
#4932=EDGE_CURVE('',#4397,#4428,#395,.T.);
#4933=EDGE_CURVE('',#4428,#4429,#5500,.T.);
#4934=EDGE_CURVE('',#4398,#4429,#396,.T.);
#4935=EDGE_CURVE('',#4429,#4430,#397,.T.);
#4936=EDGE_CURVE('',#4431,#4430,#398,.T.);
#4937=EDGE_CURVE('',#4388,#4431,#399,.T.);
#4938=EDGE_CURVE('',#4430,#4432,#400,.T.);
#4939=EDGE_CURVE('',#4433,#4432,#401,.T.);
#4940=EDGE_CURVE('',#4431,#4433,#402,.T.);
#4941=EDGE_CURVE('',#4432,#4434,#403,.T.);
#4942=EDGE_CURVE('',#4435,#4434,#404,.T.);
#4943=EDGE_CURVE('',#4433,#4435,#405,.T.);
#4944=EDGE_CURVE('',#4434,#4436,#406,.T.);
#4945=EDGE_CURVE('',#4437,#4436,#407,.T.);
#4946=EDGE_CURVE('',#4435,#4437,#408,.T.);
#4947=EDGE_CURVE('',#4436,#4438,#409,.T.);
#4948=EDGE_CURVE('',#4439,#4438,#410,.T.);
#4949=EDGE_CURVE('',#4437,#4439,#411,.T.);
#4950=EDGE_CURVE('',#4438,#4440,#412,.T.);
#4951=EDGE_CURVE('',#4441,#4440,#413,.T.);
#4952=EDGE_CURVE('',#4439,#4441,#414,.T.);
#4953=EDGE_CURVE('',#4440,#4442,#415,.T.);
#4954=EDGE_CURVE('',#4443,#4442,#416,.T.);
#4955=EDGE_CURVE('',#4444,#4443,#417,.T.);
#4956=EDGE_CURVE('',#4441,#4444,#418,.T.);
#4957=EDGE_CURVE('',#4445,#4446,#419,.T.);
#4958=EDGE_CURVE('',#4446,#4447,#5501,.T.);
#4959=EDGE_CURVE('',#4447,#4448,#97,.T.);
#4960=EDGE_CURVE('',#4448,#4445,#5502,.T.);
#4961=EDGE_CURVE('',#4449,#4450,#420,.T.);
#4962=EDGE_CURVE('',#4450,#4451,#5503,.T.);
#4963=EDGE_CURVE('',#4451,#4452,#98,.T.);
#4964=EDGE_CURVE('',#4452,#4449,#5504,.T.);
#4965=EDGE_CURVE('',#4442,#4453,#5505,.T.);
#4966=EDGE_CURVE('',#4454,#4453,#421,.T.);
#4967=EDGE_CURVE('',#4443,#4454,#5506,.T.);
#4968=EDGE_CURVE('',#4453,#4401,#5507,.T.);
#4969=EDGE_CURVE('',#4454,#4404,#5508,.T.);
#4970=EDGE_CURVE('',#4444,#4455,#5509,.T.);
#4971=EDGE_CURVE('',#4456,#4411,#5510,.T.);
#4972=EDGE_CURVE('',#4457,#4456,#5511,.T.);
#4973=EDGE_CURVE('',#4458,#4457,#422,.T.);
#4974=EDGE_CURVE('',#4455,#4458,#5512,.T.);
#4975=EDGE_CURVE('',#4459,#4459,#5513,.T.);
#4976=EDGE_CURVE('',#4460,#4460,#5514,.T.);
#4977=EDGE_CURVE('',#4411,#4392,#5515,.T.);
#4978=EDGE_CURVE('',#4388,#4444,#5516,.T.);
#4979=EDGE_CURVE('',#4461,#4462,#423,.T.);
#4980=EDGE_CURVE('',#4458,#4461,#424,.T.);
#4981=EDGE_CURVE('',#4457,#4462,#425,.T.);
#4982=EDGE_CURVE('',#4462,#4463,#5517,.T.);
#4983=EDGE_CURVE('',#4456,#4463,#426,.T.);
#4984=EDGE_CURVE('',#4463,#4464,#5518,.T.);
#4985=EDGE_CURVE('',#4391,#4464,#427,.T.);
#4986=EDGE_CURVE('',#4464,#4465,#5519,.T.);
#4987=EDGE_CURVE('',#4390,#4465,#428,.T.);
#4988=EDGE_CURVE('',#4465,#4466,#429,.T.);
#4989=EDGE_CURVE('',#4389,#4466,#430,.T.);
#4990=EDGE_CURVE('',#4466,#4467,#5520,.T.);
#4991=EDGE_CURVE('',#4387,#4467,#431,.T.);
#4992=EDGE_CURVE('',#4467,#4468,#5521,.T.);
#4993=EDGE_CURVE('',#4455,#4468,#432,.T.);
#4994=EDGE_CURVE('',#4468,#4461,#5522,.T.);
#4995=EDGE_CURVE('',#4469,#4470,#433,.T.);
#4996=EDGE_CURVE('',#4354,#4470,#434,.T.);
#4997=EDGE_CURVE('',#4353,#4469,#435,.T.);
#4998=EDGE_CURVE('',#4470,#4375,#5523,.T.);
#4999=EDGE_CURVE('',#4376,#4471,#5524,.T.);
#5000=EDGE_CURVE('',#4361,#4471,#436,.T.);
#5001=EDGE_CURVE('',#4471,#4472,#437,.T.);
#5002=EDGE_CURVE('',#4362,#4472,#438,.T.);
#5003=EDGE_CURVE('',#4472,#4377,#5525,.T.);
#5004=EDGE_CURVE('',#4378,#4469,#5526,.T.);
#5005=EDGE_CURVE('',#4382,#4371,#439,.T.);
#5006=EDGE_CURVE('',#4381,#4372,#440,.T.);
#5007=EDGE_CURVE('',#4473,#4474,#441,.T.);
#5008=EDGE_CURVE('',#4475,#4473,#442,.T.);
#5009=EDGE_CURVE('',#4476,#4475,#443,.T.);
#5010=EDGE_CURVE('',#4474,#4476,#444,.T.);
#5011=EDGE_CURVE('',#4477,#4478,#445,.T.);
#5012=EDGE_CURVE('',#4479,#4477,#446,.T.);
#5013=EDGE_CURVE('',#4480,#4479,#447,.T.);
#5014=EDGE_CURVE('',#4478,#4480,#448,.T.);
#5015=EDGE_CURVE('',#4383,#4370,#449,.T.);
#5016=EDGE_CURVE('',#4384,#4369,#450,.T.);
#5017=EDGE_CURVE('',#4385,#4368,#451,.T.);
#5018=EDGE_CURVE('',#4386,#4367,#452,.T.);
#5019=EDGE_CURVE('',#4379,#4374,#453,.T.);
#5020=EDGE_CURVE('',#4380,#4373,#454,.T.);
#5021=EDGE_CURVE('',#4344,#4331,#455,.T.);
#5022=EDGE_CURVE('',#4345,#4330,#456,.T.);
#5023=EDGE_CURVE('',#4333,#4342,#457,.T.);
#5024=EDGE_CURVE('',#4332,#4343,#458,.T.);
#5025=EDGE_CURVE('',#4329,#4481,#459,.T.);
#5026=EDGE_CURVE('',#4481,#4482,#5527,.T.);
#5027=EDGE_CURVE('',#4482,#4483,#460,.T.);
#5028=EDGE_CURVE('',#4483,#4484,#5528,.T.);
#5029=EDGE_CURVE('',#4484,#4334,#461,.T.);
#5030=EDGE_CURVE('',#4341,#4485,#462,.T.);
#5031=EDGE_CURVE('',#4485,#4486,#5529,.T.);
#5032=EDGE_CURVE('',#4486,#4487,#463,.T.);
#5033=EDGE_CURVE('',#4487,#4488,#5530,.T.);
#5034=EDGE_CURVE('',#4488,#4346,#464,.T.);
#5035=EDGE_CURVE('',#4483,#4365,#465,.T.);
#5036=EDGE_CURVE('',#4484,#4364,#466,.T.);
#5037=EDGE_CURVE('',#4482,#4366,#467,.T.);
#5038=EDGE_CURVE('',#4481,#4359,#468,.T.);
#5039=EDGE_CURVE('',#4486,#4358,#469,.T.);
#5040=EDGE_CURVE('',#4487,#4357,#470,.T.);
#5041=EDGE_CURVE('',#4488,#4356,#471,.T.);
#5042=EDGE_CURVE('',#4485,#4351,#472,.T.);
#5043=EDGE_CURVE('',#4489,#4489,#5531,.T.);
#5044=EDGE_CURVE('',#4490,#4490,#5532,.T.);
#5045=EDGE_CURVE('',#4491,#4491,#5533,.T.);
#5046=EDGE_CURVE('',#4492,#4492,#5534,.T.);
#5047=EDGE_CURVE('',#4493,#4494,#93,.T.);
#5048=EDGE_CURVE('',#4494,#4493,#94,.T.);
#5049=EDGE_CURVE('',#4495,#4495,#5535,.T.);
#5050=EDGE_CURVE('',#4496,#4496,#5536,.T.);
#5051=EDGE_CURVE('',#4497,#4497,#5537,.T.);
#5052=EDGE_CURVE('',#4498,#4498,#5538,.T.);
#5053=EDGE_CURVE('',#4499,#4499,#5539,.T.);
#5054=EDGE_CURVE('',#4500,#4500,#5540,.T.);
#5055=EDGE_CURVE('',#4501,#4501,#5541,.T.);
#5056=EDGE_CURVE('',#4502,#4502,#5542,.T.);
#5057=EDGE_CURVE('',#4503,#4504,#95,.T.);
#5058=EDGE_CURVE('',#4504,#4503,#96,.T.);
#5059=EDGE_CURVE('',#4505,#4505,#5543,.T.);
#5060=EDGE_CURVE('',#4506,#4506,#5544,.T.);
#5061=EDGE_CURVE('',#4507,#4507,#5545,.T.);
#5062=EDGE_CURVE('',#4508,#4508,#5546,.T.);
#5063=EDGE_CURVE('',#4509,#4509,#5547,.T.);
#5064=EDGE_CURVE('',#4449,#4510,#473,.T.);
#5065=EDGE_CURVE('',#4510,#4511,#5548,.T.);
#5066=EDGE_CURVE('',#4511,#4450,#474,.T.);
#5067=EDGE_CURVE('',#4510,#4452,#475,.T.);
#5068=EDGE_CURVE('',#4511,#4451,#476,.T.);
#5069=EDGE_CURVE('',#4512,#4446,#477,.T.);
#5070=EDGE_CURVE('',#4512,#4447,#478,.T.);
#5071=EDGE_CURVE('',#4513,#4512,#5549,.T.);
#5072=EDGE_CURVE('',#4513,#4448,#479,.T.);
#5073=EDGE_CURVE('',#4445,#4513,#480,.T.);
#5074=EDGE_CURVE('',#4514,#4514,#5550,.T.);
#5075=EDGE_CURVE('',#4515,#4515,#5551,.T.);
#5076=EDGE_CURVE('',#4516,#4516,#5552,.T.);
#5077=EDGE_CURVE('',#4517,#4517,#5553,.T.);
#5078=EDGE_CURVE('',#4518,#4518,#5554,.T.);
#5079=EDGE_CURVE('',#4519,#4519,#5555,.T.);
#5080=EDGE_CURVE('',#4520,#4520,#5556,.T.);
#5081=EDGE_CURVE('',#4521,#4521,#5557,.T.);
#5082=EDGE_CURVE('',#4522,#4522,#5558,.T.);
#5083=EDGE_CURVE('',#4523,#4523,#5559,.T.);
#5084=EDGE_CURVE('',#4524,#4524,#5560,.T.);
#5085=EDGE_CURVE('',#4525,#4525,#5561,.T.);
#5086=EDGE_CURVE('',#4526,#4526,#5562,.T.);
#5087=EDGE_CURVE('',#4478,#4527,#481,.T.);
#5088=EDGE_CURVE('',#4527,#4528,#482,.T.);
#5089=EDGE_CURVE('',#4477,#4528,#483,.T.);
#5090=EDGE_CURVE('',#4480,#4529,#484,.T.);
#5091=EDGE_CURVE('',#4529,#4527,#485,.T.);
#5092=EDGE_CURVE('',#4479,#4530,#486,.T.);
#5093=EDGE_CURVE('',#4530,#4529,#487,.T.);
#5094=EDGE_CURVE('',#4528,#4530,#488,.T.);
#5095=EDGE_CURVE('',#4474,#4531,#489,.T.);
#5096=EDGE_CURVE('',#4531,#4532,#490,.T.);
#5097=EDGE_CURVE('',#4473,#4532,#491,.T.);
#5098=EDGE_CURVE('',#4476,#4533,#492,.T.);
#5099=EDGE_CURVE('',#4533,#4531,#493,.T.);
#5100=EDGE_CURVE('',#4475,#4534,#494,.T.);
#5101=EDGE_CURVE('',#4534,#4533,#495,.T.);
#5102=EDGE_CURVE('',#4532,#4534,#496,.T.);
#5103=EDGE_CURVE('',#4535,#4536,#497,.T.);
#5104=EDGE_CURVE('',#4535,#4537,#498,.T.);
#5105=EDGE_CURVE('',#4537,#4538,#499,.T.);
#5106=EDGE_CURVE('',#4536,#4538,#500,.T.);
#5107=EDGE_CURVE('',#4536,#4539,#501,.T.);
#5108=EDGE_CURVE('',#4538,#4540,#502,.T.);
#5109=EDGE_CURVE('',#4539,#4540,#503,.T.);
#5110=EDGE_CURVE('',#4541,#4542,#504,.T.);
#5111=EDGE_CURVE('',#4541,#4543,#99,.T.);
#5112=EDGE_CURVE('',#4543,#4537,#505,.T.);
#5113=EDGE_CURVE('',#4544,#4535,#506,.T.);
#5114=EDGE_CURVE('',#4544,#4542,#507,.T.);
#5115=EDGE_CURVE('',#4545,#4546,#508,.T.);
#5116=EDGE_CURVE('',#4545,#4547,#509,.T.);
#5117=EDGE_CURVE('',#4539,#4547,#510,.T.);
#5118=EDGE_CURVE('',#4540,#4548,#511,.T.);
#5119=EDGE_CURVE('',#4546,#4548,#512,.T.);
#5120=EDGE_CURVE('',#4548,#4549,#513,.T.);
#5121=EDGE_CURVE('',#4550,#4549,#514,.T.);
#5122=EDGE_CURVE('',#4546,#4550,#515,.T.);
#5123=EDGE_CURVE('',#4549,#4551,#516,.T.);
#5124=EDGE_CURVE('',#4551,#4552,#100,.T.);
#5125=EDGE_CURVE('',#4550,#4552,#517,.T.);
#5126=EDGE_CURVE('',#4552,#4541,#101,.T.);
#5127=EDGE_CURVE('',#4542,#4545,#518,.T.);
#5128=EDGE_CURVE('',#4553,#4553,#5563,.T.);
#5129=EDGE_CURVE('',#4554,#4554,#5564,.T.);
#5130=EDGE_CURVE('',#4555,#4555,#5565,.T.);
#5131=EDGE_CURVE('',#4543,#4551,#102,.T.);
#5132=EDGE_CURVE('',#4556,#4556,#5566,.T.);
#5133=EDGE_CURVE('',#4557,#4557,#5567,.T.);
#5134=EDGE_CURVE('',#4558,#4558,#5568,.T.);
#5135=EDGE_CURVE('',#4544,#4547,#519,.T.);
#5136=EDGE_CURVE('',#4559,#4560,#520,.T.);
#5137=EDGE_CURVE('',#4560,#4561,#103,.T.);
#5138=EDGE_CURVE('',#4562,#4561,#521,.T.);
#5139=EDGE_CURVE('',#4562,#4563,#522,.T.);
#5140=EDGE_CURVE('',#4564,#4563,#523,.T.);
#5141=EDGE_CURVE('',#4559,#4564,#524,.T.);
#5142=EDGE_CURVE('',#4565,#4564,#525,.T.);
#5143=EDGE_CURVE('',#4566,#4565,#526,.T.);
#5144=EDGE_CURVE('',#4566,#4559,#527,.T.);
#5145=EDGE_CURVE('',#4567,#4565,#528,.T.);
#5146=EDGE_CURVE('',#4568,#4567,#529,.T.);
#5147=EDGE_CURVE('',#4568,#4566,#530,.T.);
#5148=EDGE_CURVE('',#4569,#4567,#531,.T.);
#5149=EDGE_CURVE('',#4569,#4570,#532,.T.);
#5150=EDGE_CURVE('',#4571,#4570,#533,.T.);
#5151=EDGE_CURVE('',#4572,#4571,#534,.T.);
#5152=EDGE_CURVE('',#4572,#4568,#535,.T.);
#5153=EDGE_CURVE('',#4573,#4572,#536,.T.);
#5154=EDGE_CURVE('',#4574,#4571,#537,.T.);
#5155=EDGE_CURVE('',#4573,#4574,#538,.T.);
#5156=EDGE_CURVE('',#4575,#4574,#539,.T.);
#5157=EDGE_CURVE('',#4575,#4576,#104,.T.);
#5158=EDGE_CURVE('',#4576,#4573,#540,.T.);
#5159=EDGE_CURVE('',#4561,#4575,#105,.T.);
#5160=EDGE_CURVE('',#4570,#4562,#541,.T.);
#5161=EDGE_CURVE('',#4577,#4577,#5569,.T.);
#5162=EDGE_CURVE('',#4578,#4578,#5570,.T.);
#5163=EDGE_CURVE('',#4579,#4579,#5571,.T.);
#5164=EDGE_CURVE('',#4576,#4560,#106,.T.);
#5165=EDGE_CURVE('',#4580,#4580,#5572,.T.);
#5166=EDGE_CURVE('',#4581,#4581,#5573,.T.);
#5167=EDGE_CURVE('',#4582,#4582,#5574,.T.);
#5168=EDGE_CURVE('',#4563,#4569,#542,.T.);
#5169=EDGE_CURVE('',#4583,#4584,#5575,.T.);
#5170=EDGE_CURVE('',#4585,#4584,#543,.T.);
#5171=EDGE_CURVE('',#4586,#4585,#5576,.T.);
#5172=EDGE_CURVE('',#4586,#4583,#544,.T.);
#5173=EDGE_CURVE('',#4584,#4587,#545,.T.);
#5174=EDGE_CURVE('',#4588,#4587,#546,.T.);
#5175=EDGE_CURVE('',#4585,#4588,#547,.T.);
#5176=EDGE_CURVE('',#4587,#4589,#548,.T.);
#5177=EDGE_CURVE('',#4590,#4589,#549,.T.);
#5178=EDGE_CURVE('',#4588,#4590,#550,.T.);
#5179=EDGE_CURVE('',#4589,#4591,#551,.T.);
#5180=EDGE_CURVE('',#4592,#4591,#552,.T.);
#5181=EDGE_CURVE('',#4590,#4592,#553,.T.);
#5182=EDGE_CURVE('',#4591,#4593,#554,.T.);
#5183=EDGE_CURVE('',#4594,#4593,#555,.T.);
#5184=EDGE_CURVE('',#4592,#4594,#556,.T.);
#5185=EDGE_CURVE('',#4593,#4595,#557,.T.);
#5186=EDGE_CURVE('',#4596,#4595,#558,.T.);
#5187=EDGE_CURVE('',#4594,#4596,#559,.T.);
#5188=EDGE_CURVE('',#4595,#4597,#560,.T.);
#5189=EDGE_CURVE('',#4598,#4597,#561,.T.);
#5190=EDGE_CURVE('',#4596,#4598,#562,.T.);
#5191=EDGE_CURVE('',#4597,#4599,#563,.T.);
#5192=EDGE_CURVE('',#4600,#4599,#564,.T.);
#5193=EDGE_CURVE('',#4598,#4600,#565,.T.);
#5194=EDGE_CURVE('',#4599,#4601,#5577,.T.);
#5195=EDGE_CURVE('',#4602,#4601,#566,.T.);
#5196=EDGE_CURVE('',#4600,#4602,#5578,.T.);
#5197=EDGE_CURVE('',#4601,#4603,#5579,.T.);
#5198=EDGE_CURVE('',#4604,#4603,#567,.T.);
#5199=EDGE_CURVE('',#4602,#4604,#5580,.T.);
#5200=EDGE_CURVE('',#4603,#4605,#568,.T.);
#5201=EDGE_CURVE('',#4606,#4605,#569,.T.);
#5202=EDGE_CURVE('',#4604,#4606,#570,.T.);
#5203=EDGE_CURVE('',#4605,#4607,#5581,.T.);
#5204=EDGE_CURVE('',#4608,#4607,#571,.T.);
#5205=EDGE_CURVE('',#4606,#4608,#5582,.T.);
#5206=EDGE_CURVE('',#4607,#4609,#5583,.T.);
#5207=EDGE_CURVE('',#4610,#4609,#572,.T.);
#5208=EDGE_CURVE('',#4608,#4610,#5584,.T.);
#5209=EDGE_CURVE('',#4609,#4611,#573,.T.);
#5210=EDGE_CURVE('',#4612,#4611,#574,.T.);
#5211=EDGE_CURVE('',#4610,#4612,#575,.T.);
#5212=EDGE_CURVE('',#4611,#4613,#576,.T.);
#5213=EDGE_CURVE('',#4614,#4613,#577,.T.);
#5214=EDGE_CURVE('',#4612,#4614,#578,.T.);
#5215=EDGE_CURVE('',#4613,#4615,#579,.T.);
#5216=EDGE_CURVE('',#4616,#4615,#580,.T.);
#5217=EDGE_CURVE('',#4614,#4616,#581,.T.);
#5218=EDGE_CURVE('',#4615,#4617,#582,.T.);
#5219=EDGE_CURVE('',#4618,#4617,#583,.T.);
#5220=EDGE_CURVE('',#4616,#4618,#584,.T.);
#5221=EDGE_CURVE('',#4617,#4619,#585,.T.);
#5222=EDGE_CURVE('',#4620,#4619,#586,.T.);
#5223=EDGE_CURVE('',#4618,#4620,#587,.T.);
#5224=EDGE_CURVE('',#4619,#4621,#588,.T.);
#5225=EDGE_CURVE('',#4622,#4621,#589,.T.);
#5226=EDGE_CURVE('',#4620,#4622,#590,.T.);
#5227=EDGE_CURVE('',#4621,#4623,#591,.T.);
#5228=EDGE_CURVE('',#4624,#4623,#592,.T.);
#5229=EDGE_CURVE('',#4622,#4624,#593,.T.);
#5230=EDGE_CURVE('',#4623,#4625,#5585,.T.);
#5231=EDGE_CURVE('',#4626,#4625,#594,.T.);
#5232=EDGE_CURVE('',#4624,#4626,#5586,.T.);
#5233=EDGE_CURVE('',#4625,#4627,#5587,.T.);
#5234=EDGE_CURVE('',#4628,#4627,#595,.T.);
#5235=EDGE_CURVE('',#4626,#4628,#5588,.T.);
#5236=EDGE_CURVE('',#4627,#4629,#596,.T.);
#5237=EDGE_CURVE('',#4630,#4629,#597,.T.);
#5238=EDGE_CURVE('',#4628,#4630,#598,.T.);
#5239=EDGE_CURVE('',#4629,#4583,#5589,.T.);
#5240=EDGE_CURVE('',#4630,#4586,#5590,.T.);
#5241=EDGE_CURVE('',#4631,#4632,#599,.T.);
#5242=EDGE_CURVE('',#4633,#4631,#600,.T.);
#5243=EDGE_CURVE('',#4634,#4633,#601,.T.);
#5244=EDGE_CURVE('',#4635,#4634,#602,.T.);
#5245=EDGE_CURVE('',#4636,#4635,#603,.T.);
#5246=EDGE_CURVE('',#4637,#4636,#604,.T.);
#5247=EDGE_CURVE('',#4638,#4637,#605,.T.);
#5248=EDGE_CURVE('',#4639,#4638,#606,.T.);
#5249=EDGE_CURVE('',#4640,#4639,#607,.T.);
#5250=EDGE_CURVE('',#4641,#4640,#608,.T.);
#5251=EDGE_CURVE('',#4642,#4641,#609,.T.);
#5252=EDGE_CURVE('',#4632,#4642,#610,.T.);
#5253=EDGE_CURVE('',#4643,#4644,#5591,.T.);
#5254=EDGE_CURVE('',#4644,#4632,#611,.T.);
#5255=EDGE_CURVE('',#4645,#4642,#612,.T.);
#5256=EDGE_CURVE('',#4646,#4645,#613,.T.);
#5257=EDGE_CURVE('',#4646,#4647,#614,.T.);
#5258=EDGE_CURVE('',#4647,#4643,#615,.T.);
#5259=EDGE_CURVE('',#4648,#4638,#616,.T.);
#5260=EDGE_CURVE('',#4649,#4648,#617,.T.);
#5261=EDGE_CURVE('',#4649,#4639,#618,.T.);
#5262=EDGE_CURVE('',#4650,#4651,#619,.T.);
#5263=EDGE_CURVE('',#4651,#4652,#620,.T.);
#5264=EDGE_CURVE('',#4652,#4653,#621,.T.);
#5265=EDGE_CURVE('',#4653,#4650,#622,.T.);
#5266=EDGE_CURVE('',#4654,#4637,#623,.T.);
#5267=EDGE_CURVE('',#4648,#4654,#624,.T.);
#5268=EDGE_CURVE('',#4655,#4636,#625,.T.);
#5269=EDGE_CURVE('',#4654,#4655,#626,.T.);
#5270=EDGE_CURVE('',#4656,#4635,#627,.T.);
#5271=EDGE_CURVE('',#4655,#4656,#628,.T.);
#5272=EDGE_CURVE('',#4657,#4634,#629,.T.);
#5273=EDGE_CURVE('',#4656,#4657,#630,.T.);
#5274=EDGE_CURVE('',#4658,#4633,#631,.T.);
#5275=EDGE_CURVE('',#4657,#4658,#632,.T.);
#5276=EDGE_CURVE('',#4659,#4631,#633,.T.);
#5277=EDGE_CURVE('',#4660,#4659,#5592,.T.);
#5278=EDGE_CURVE('',#4661,#4660,#634,.T.);
#5279=EDGE_CURVE('',#4662,#4661,#635,.T.);
#5280=EDGE_CURVE('',#4658,#4662,#636,.T.);
#5281=EDGE_CURVE('',#4661,#4647,#637,.T.);
#5282=EDGE_CURVE('',#4662,#4646,#638,.T.);
#5283=EDGE_CURVE('',#4663,#4641,#639,.T.);
#5284=EDGE_CURVE('',#4645,#4663,#640,.T.);
#5285=EDGE_CURVE('',#4664,#4640,#641,.T.);
#5286=EDGE_CURVE('',#4663,#4664,#642,.T.);
#5287=EDGE_CURVE('',#4664,#4649,#643,.T.);
#5288=EDGE_CURVE('',#4665,#4665,#5593,.T.);
#5289=EDGE_CURVE('',#4666,#4666,#5594,.T.);
#5290=EDGE_CURVE('',#4667,#4667,#5595,.T.);
#5291=EDGE_CURVE('',#4644,#4659,#644,.T.);
#5292=EDGE_CURVE('',#4668,#4668,#5596,.T.);
#5293=EDGE_CURVE('',#4669,#4669,#5597,.T.);
#5294=EDGE_CURVE('',#4670,#4670,#5598,.T.);
#5295=EDGE_CURVE('',#4643,#4660,#645,.T.);
#5296=EDGE_CURVE('',#4671,#4671,#5599,.T.);
#5297=EDGE_CURVE('',#4672,#4672,#5600,.T.);
#5298=EDGE_CURVE('',#4673,#4673,#5601,.T.);
#5299=EDGE_CURVE('',#4674,#4674,#5602,.T.);
#5300=EDGE_CURVE('',#4675,#4675,#5603,.T.);
#5301=EDGE_CURVE('',#4676,#4676,#5604,.T.);
#5302=EDGE_CURVE('',#4677,#4677,#5605,.T.);
#5303=EDGE_CURVE('',#4678,#4678,#5606,.T.);
#5304=EDGE_CURVE('',#4679,#4651,#646,.T.);
#5305=EDGE_CURVE('',#4679,#4680,#647,.T.);
#5306=EDGE_CURVE('',#4680,#4652,#648,.T.);
#5307=EDGE_CURVE('',#4680,#4681,#649,.T.);
#5308=EDGE_CURVE('',#4681,#4653,#650,.T.);
#5309=EDGE_CURVE('',#4681,#4682,#651,.T.);
#5310=EDGE_CURVE('',#4682,#4650,#652,.T.);
#5311=EDGE_CURVE('',#4682,#4679,#653,.T.);
#5312=EDGE_CURVE('',#4683,#4683,#5607,.T.);
#5313=EDGE_CURVE('',#4684,#4684,#5608,.T.);
#5314=EDGE_CURVE('',#4685,#4685,#5609,.T.);
#5315=EDGE_CURVE('',#4686,#4686,#5610,.T.);
#5316=EDGE_CURVE('',#4687,#4687,#5611,.T.);
#5317=EDGE_CURVE('',#4688,#4688,#5612,.T.);
#5318=EDGE_CURVE('',#4689,#4689,#5613,.T.);
#5319=EDGE_CURVE('',#4690,#4690,#5614,.T.);
#5320=EDGE_CURVE('',#4691,#4691,#5615,.T.);
#5321=EDGE_CURVE('',#4692,#4692,#5616,.T.);
#5322=EDGE_CURVE('',#4693,#4693,#5617,.T.);
#5323=EDGE_CURVE('',#4694,#4694,#5618,.T.);
#5324=EDGE_CURVE('',#4695,#4695,#5619,.T.);
#5325=EDGE_CURVE('',#4696,#4696,#5620,.T.);
#5326=EDGE_CURVE('',#4697,#4697,#5621,.T.);
#5327=EDGE_CURVE('',#4698,#4698,#5622,.T.);
#5328=EDGE_CURVE('',#4699,#4699,#5623,.T.);
#5329=EDGE_CURVE('',#4700,#4700,#5624,.T.);
#5330=EDGE_CURVE('',#4701,#4701,#5625,.T.);
#5331=EDGE_CURVE('',#4702,#4702,#5626,.T.);
#5332=EDGE_CURVE('',#4703,#4703,#5627,.T.);
#5333=EDGE_CURVE('',#4704,#4704,#5628,.T.);
#5334=EDGE_CURVE('',#4705,#4705,#5629,.T.);
#5335=EDGE_CURVE('',#4706,#4706,#5630,.T.);
#5336=EDGE_CURVE('',#4707,#4707,#5631,.T.);
#5337=EDGE_CURVE('',#4708,#4708,#5632,.T.);
#5338=EDGE_CURVE('',#4709,#4709,#5633,.T.);
#5339=EDGE_CURVE('',#4710,#4710,#5634,.T.);
#5340=EDGE_CURVE('',#4711,#4711,#5635,.T.);
#5341=EDGE_CURVE('',#4712,#4712,#5636,.T.);
#5342=EDGE_CURVE('',#4713,#4713,#5637,.T.);
#5343=EDGE_CURVE('',#4714,#4714,#5638,.T.);
#5344=EDGE_CURVE('',#4715,#4715,#5639,.T.);
#5345=EDGE_CURVE('',#4716,#4716,#5640,.T.);
#5346=EDGE_CURVE('',#4717,#4717,#5641,.T.);
#5347=EDGE_CURVE('',#4718,#4718,#5642,.T.);
#5348=EDGE_CURVE('',#4719,#4719,#5643,.T.);
#5349=EDGE_CURVE('',#4720,#4720,#5644,.T.);
#5350=EDGE_CURVE('',#4721,#4721,#5645,.T.);
#5351=EDGE_CURVE('',#4722,#4722,#5646,.T.);
#5352=EDGE_CURVE('',#4723,#4723,#5647,.T.);
#5353=EDGE_CURVE('',#4724,#4724,#5648,.T.);
#5354=EDGE_CURVE('',#4725,#4725,#5649,.T.);
#5355=EDGE_CURVE('',#4726,#4726,#5650,.T.);
#5356=EDGE_CURVE('',#4727,#4727,#5651,.T.);
#5357=EDGE_CURVE('',#4728,#4728,#5652,.T.);
#5358=EDGE_CURVE('',#4729,#4729,#5653,.T.);
#5359=EDGE_CURVE('',#4730,#4730,#5654,.T.);
#5360=EDGE_CURVE('',#4731,#4731,#5655,.T.);
#5361=EDGE_CURVE('',#4732,#4732,#5656,.T.);
#5362=EDGE_CURVE('',#4733,#4734,#654,.T.);
#5363=EDGE_CURVE('',#4735,#4733,#655,.T.);
#5364=EDGE_CURVE('',#4736,#4735,#656,.T.);
#5365=EDGE_CURVE('',#4737,#4736,#657,.T.);
#5366=EDGE_CURVE('',#4738,#4737,#658,.T.);
#5367=EDGE_CURVE('',#4739,#4738,#659,.T.);
#5368=EDGE_CURVE('',#4740,#4739,#660,.T.);
#5369=EDGE_CURVE('',#4741,#4740,#661,.T.);
#5370=EDGE_CURVE('',#4742,#4741,#662,.T.);
#5371=EDGE_CURVE('',#4743,#4742,#663,.T.);
#5372=EDGE_CURVE('',#4744,#4743,#664,.T.);
#5373=EDGE_CURVE('',#4734,#4744,#665,.T.);
#5374=EDGE_CURVE('',#4745,#4746,#5657,.T.);
#5375=EDGE_CURVE('',#4746,#4734,#666,.T.);
#5376=EDGE_CURVE('',#4747,#4744,#667,.T.);
#5377=EDGE_CURVE('',#4748,#4747,#668,.T.);
#5378=EDGE_CURVE('',#4748,#4749,#669,.T.);
#5379=EDGE_CURVE('',#4749,#4745,#670,.T.);
#5380=EDGE_CURVE('',#4750,#4740,#671,.T.);
#5381=EDGE_CURVE('',#4751,#4750,#672,.T.);
#5382=EDGE_CURVE('',#4751,#4741,#673,.T.);
#5383=EDGE_CURVE('',#4752,#4753,#674,.T.);
#5384=EDGE_CURVE('',#4753,#4754,#675,.T.);
#5385=EDGE_CURVE('',#4754,#4755,#676,.T.);
#5386=EDGE_CURVE('',#4755,#4752,#677,.T.);
#5387=EDGE_CURVE('',#4756,#4739,#678,.T.);
#5388=EDGE_CURVE('',#4750,#4756,#679,.T.);
#5389=EDGE_CURVE('',#4757,#4738,#680,.T.);
#5390=EDGE_CURVE('',#4756,#4757,#681,.T.);
#5391=EDGE_CURVE('',#4758,#4737,#682,.T.);
#5392=EDGE_CURVE('',#4757,#4758,#683,.T.);
#5393=EDGE_CURVE('',#4759,#4736,#684,.T.);
#5394=EDGE_CURVE('',#4758,#4759,#685,.T.);
#5395=EDGE_CURVE('',#4760,#4735,#686,.T.);
#5396=EDGE_CURVE('',#4759,#4760,#687,.T.);
#5397=EDGE_CURVE('',#4761,#4733,#688,.T.);
#5398=EDGE_CURVE('',#4762,#4761,#5658,.T.);
#5399=EDGE_CURVE('',#4763,#4762,#689,.T.);
#5400=EDGE_CURVE('',#4764,#4763,#690,.T.);
#5401=EDGE_CURVE('',#4760,#4764,#691,.T.);
#5402=EDGE_CURVE('',#4763,#4749,#692,.T.);
#5403=EDGE_CURVE('',#4764,#4748,#693,.T.);
#5404=EDGE_CURVE('',#4765,#4743,#694,.T.);
#5405=EDGE_CURVE('',#4747,#4765,#695,.T.);
#5406=EDGE_CURVE('',#4766,#4742,#696,.T.);
#5407=EDGE_CURVE('',#4765,#4766,#697,.T.);
#5408=EDGE_CURVE('',#4766,#4751,#698,.T.);
#5409=EDGE_CURVE('',#4767,#4767,#5659,.T.);
#5410=EDGE_CURVE('',#4768,#4768,#5660,.T.);
#5411=EDGE_CURVE('',#4769,#4769,#5661,.T.);
#5412=EDGE_CURVE('',#4746,#4761,#699,.T.);
#5413=EDGE_CURVE('',#4770,#4770,#5662,.T.);
#5414=EDGE_CURVE('',#4771,#4771,#5663,.T.);
#5415=EDGE_CURVE('',#4772,#4772,#5664,.T.);
#5416=EDGE_CURVE('',#4745,#4762,#700,.T.);
#5417=EDGE_CURVE('',#4773,#4773,#5665,.T.);
#5418=EDGE_CURVE('',#4774,#4774,#5666,.T.);
#5419=EDGE_CURVE('',#4775,#4775,#5667,.T.);
#5420=EDGE_CURVE('',#4776,#4776,#5668,.T.);
#5421=EDGE_CURVE('',#4777,#4777,#5669,.T.);
#5422=EDGE_CURVE('',#4778,#4778,#5670,.T.);
#5423=EDGE_CURVE('',#4779,#4779,#5671,.T.);
#5424=EDGE_CURVE('',#4780,#4780,#5672,.T.);
#5425=EDGE_CURVE('',#4781,#4753,#701,.T.);
#5426=EDGE_CURVE('',#4781,#4782,#702,.T.);
#5427=EDGE_CURVE('',#4782,#4754,#703,.T.);
#5428=EDGE_CURVE('',#4782,#4783,#704,.T.);
#5429=EDGE_CURVE('',#4783,#4755,#705,.T.);
#5430=EDGE_CURVE('',#4783,#4784,#706,.T.);
#5431=EDGE_CURVE('',#4784,#4752,#707,.T.);
#5432=EDGE_CURVE('',#4784,#4781,#708,.T.);
#5433=EDGE_CURVE('',#4785,#4785,#5673,.T.);
#5434=EDGE_CURVE('',#4786,#4786,#5674,.T.);
#5435=EDGE_CURVE('',#4787,#4787,#5675,.T.);
#5436=EDGE_CURVE('',#4788,#4788,#5676,.T.);
#5437=EDGE_CURVE('',#4789,#4789,#5677,.T.);
#5438=EDGE_CURVE('',#4790,#4790,#5678,.T.);
#5439=EDGE_CURVE('',#4791,#4791,#5679,.T.);
#5440=EDGE_CURVE('',#4792,#4792,#5680,.T.);
#5441=EDGE_CURVE('',#4793,#4793,#5681,.T.);
#5442=EDGE_CURVE('',#4794,#4794,#5682,.T.);
#5443=EDGE_CURVE('',#4795,#4795,#5683,.T.);
#5444=EDGE_CURVE('',#4796,#4796,#5684,.T.);
#5445=EDGE_CURVE('',#4797,#4797,#5685,.T.);
#5446=EDGE_CURVE('',#4798,#4798,#5686,.T.);
#5447=EDGE_CURVE('',#4799,#4799,#5687,.T.);
#5448=EDGE_CURVE('',#4800,#4800,#5688,.T.);
#5449=EDGE_CURVE('',#4801,#4801,#5689,.T.);
#5450=EDGE_CURVE('',#4802,#4802,#5690,.T.);
#5451=CIRCLE('',#5823,2.65);
#5452=CIRCLE('',#5824,3.3267949192431);
#5453=CIRCLE('',#5826,2.65);
#5454=CIRCLE('',#5828,3.3267949192431);
#5455=CIRCLE('',#5830,3.5);
#5456=CIRCLE('',#5832,3.5);
#5457=CIRCLE('',#5837,65.9999999999856);
#5458=CIRCLE('',#5838,0.400000000001442);
#5459=CIRCLE('',#5839,0.40000000000145);
#5460=CIRCLE('',#5840,65.9999999999856);
#5461=CIRCLE('',#5841,1.10000000000001);
#5462=CIRCLE('',#5842,1.10000000000001);
#5463=CIRCLE('',#5844,65.9999999999856);
#5464=CIRCLE('',#5845,0.400000000001442);
#5465=CIRCLE('',#5846,0.40000000000145);
#5466=CIRCLE('',#5847,65.9999999999856);
#5467=CIRCLE('',#5848,1.10000000000001);
#5468=CIRCLE('',#5849,1.10000000000001);
#5469=CIRCLE('',#5851,65.9999999999856);
#5470=CIRCLE('',#5852,65.9999999999856);
#5471=CIRCLE('',#5853,65.9999999999856);
#5472=CIRCLE('',#5854,65.9999999999856);
#5473=CIRCLE('',#5855,65.9999999999856);
#5474=CIRCLE('',#5856,65.9999999999856);
#5475=CIRCLE('',#5858,65.9999999999856);
#5476=CIRCLE('',#5859,65.9999999999856);
#5477=CIRCLE('',#5860,65.9999999999856);
#5478=CIRCLE('',#5861,65.9999999999856);
#5479=CIRCLE('',#5862,65.9999999999856);
#5480=CIRCLE('',#5863,65.9999999999856);
#5481=CIRCLE('',#5865,65.8999999999933);
#5482=CIRCLE('',#5866,0.40000000000024);
#5483=CIRCLE('',#5867,0.400000000000234);
#5484=CIRCLE('',#5868,65.8999999999933);
#5485=CIRCLE('',#5869,65.9999999999483);
#5486=CIRCLE('',#5870,0.400000000001442);
#5487=CIRCLE('',#5871,0.40000000000145);
#5488=CIRCLE('',#5872,65.9999999999642);
#5489=CIRCLE('',#5874,3.7);
#5490=CIRCLE('',#5875,3.7);
#5491=CIRCLE('',#5877,0.40000000000145);
#5492=CIRCLE('',#5878,0.40000000000145);
#5493=CIRCLE('',#5880,65.9999999999642);
#5494=CIRCLE('',#5881,65.9999999999642);
#5495=CIRCLE('',#5890,65.9999999999483);
#5496=CIRCLE('',#5892,0.400000000001442);
#5497=CIRCLE('',#5894,3.7);
#5498=CIRCLE('',#5895,3.7);
#5499=CIRCLE('',#5897,0.40000000000145);
#5500=CIRCLE('',#5899,65.9999999999642);
#5501=CIRCLE('',#5908,65.9999999999483);
#5502=CIRCLE('',#5909,65.9999999999483);
#5503=CIRCLE('',#5910,65.9999999999483);
#5504=CIRCLE('',#5911,65.9999999999483);
#5505=CIRCLE('',#5912,65.9999999999483);
#5506=CIRCLE('',#5913,65.9999999999483);
#5507=CIRCLE('',#5915,0.400000000001442);
#5508=CIRCLE('',#5916,0.400000000001442);
#5509=CIRCLE('',#5918,65.8999999999933);
#5510=CIRCLE('',#5919,65.8999999999933);
#5511=CIRCLE('',#5920,0.40000000000024);
#5512=CIRCLE('',#5921,0.400000000000234);
#5513=CIRCLE('',#5923,3.7);
#5514=CIRCLE('',#5924,3.7);
#5515=CIRCLE('',#5926,65.8999999999933);
#5516=CIRCLE('',#5928,65.8999999999933);
#5517=CIRCLE('',#5931,0.40000000000024);
#5518=CIRCLE('',#5933,65.8999999999933);
#5519=CIRCLE('',#5935,0.400000000000234);
#5520=CIRCLE('',#5938,0.40000000000024);
#5521=CIRCLE('',#5940,65.8999999999933);
#5522=CIRCLE('',#5942,0.400000000000234);
#5523=CIRCLE('',#5945,0.40000000000145);
#5524=CIRCLE('',#5947,0.400000000001442);
#5525=CIRCLE('',#5950,0.40000000000145);
#5526=CIRCLE('',#5952,0.400000000001442);
#5527=CIRCLE('',#5967,1.10000000000001);
#5528=CIRCLE('',#5968,1.10000000000001);
#5529=CIRCLE('',#5969,1.10000000000001);
#5530=CIRCLE('',#5970,1.10000000000001);
#5531=CIRCLE('',#5982,3.5);
#5532=CIRCLE('',#5984,3.5);
#5533=CIRCLE('',#5986,2.);
#5534=CIRCLE('',#5988,1.621);
#5535=CIRCLE('',#5992,1.621);
#5536=CIRCLE('',#5994,2.);
#5537=CIRCLE('',#5996,3.5);
#5538=CIRCLE('',#5998,3.5);
#5539=CIRCLE('',#6001,3.5);
#5540=CIRCLE('',#6003,3.5);
#5541=CIRCLE('',#6005,2.);
#5542=CIRCLE('',#6007,1.621);
#5543=CIRCLE('',#6011,1.621);
#5544=CIRCLE('',#6013,2.);
#5545=CIRCLE('',#6015,3.5);
#5546=CIRCLE('',#6017,3.5);
#5547=CIRCLE('',#6020,1.5);
#5548=CIRCLE('',#6021,3.5);
#5549=CIRCLE('',#6027,3.5);
#5550=CIRCLE('',#6030,1.5);
#5551=CIRCLE('',#6032,1.2345);
#5552=CIRCLE('',#6034,1.2345);
#5553=CIRCLE('',#6037,1.2345);
#5554=CIRCLE('',#6039,1.2345);
#5555=CIRCLE('',#6042,1.621);
#5556=CIRCLE('',#6044,2.);
#5557=CIRCLE('',#6046,3.5);
#5558=CIRCLE('',#6048,3.5);
#5559=CIRCLE('',#6051,1.621);
#5560=CIRCLE('',#6053,2.);
#5561=CIRCLE('',#6055,3.5);
#5562=CIRCLE('',#6057,3.5);
#5563=CIRCLE('',#6077,1.62);
#5564=CIRCLE('',#6078,1.62);
#5565=CIRCLE('',#6079,1.485);
#5566=CIRCLE('',#6081,1.485);
#5567=CIRCLE('',#6084,1.62);
#5568=CIRCLE('',#6087,1.62);
#5569=CIRCLE('',#6099,1.62);
#5570=CIRCLE('',#6100,1.62);
#5571=CIRCLE('',#6101,1.485);
#5572=CIRCLE('',#6103,1.485);
#5573=CIRCLE('',#6106,1.62);
#5574=CIRCLE('',#6109,1.62);
#5575=CIRCLE('',#6114,65.9999999999483);
#5576=CIRCLE('',#6115,65.9999999999483);
#5577=CIRCLE('',#6124,65.9999999999642);
#5578=CIRCLE('',#6125,65.9999999999642);
#5579=CIRCLE('',#6127,0.40000000000145);
#5580=CIRCLE('',#6128,0.40000000000145);
#5581=CIRCLE('',#6131,0.400000000001442);
#5582=CIRCLE('',#6132,0.400000000001442);
#5583=CIRCLE('',#6134,65.9999999999483);
#5584=CIRCLE('',#6135,65.9999999999483);
#5585=CIRCLE('',#6144,65.9999999999642);
#5586=CIRCLE('',#6145,65.9999999999642);
#5587=CIRCLE('',#6147,0.40000000000145);
#5588=CIRCLE('',#6148,0.40000000000145);
#5589=CIRCLE('',#6151,0.400000000001442);
#5590=CIRCLE('',#6152,0.400000000001442);
#5591=CIRCLE('',#6157,0.999999999999311);
#5592=CIRCLE('',#6165,0.999999999999311);
#5593=CIRCLE('',#6171,3.7);
#5594=CIRCLE('',#6172,3.7);
#5595=CIRCLE('',#6173,1.7);
#5596=CIRCLE('',#6176,1.621);
#5597=CIRCLE('',#6177,1.621);
#5598=CIRCLE('',#6178,1.7);
#5599=CIRCLE('',#6181,1.5);
#5600=CIRCLE('',#6182,1.5);
#5601=CIRCLE('',#6186,3.5);
#5602=CIRCLE('',#6188,3.5);
#5603=CIRCLE('',#6190,1.621);
#5604=CIRCLE('',#6193,3.5);
#5605=CIRCLE('',#6195,3.5);
#5606=CIRCLE('',#6197,1.621);
#5607=CIRCLE('',#6205,2.65);
#5608=CIRCLE('',#6206,3.3267949192431);
#5609=CIRCLE('',#6208,2.65);
#5610=CIRCLE('',#6210,3.3267949192431);
#5611=CIRCLE('',#6212,3.5);
#5612=CIRCLE('',#6214,3.5);
#5613=CIRCLE('',#6217,3.5);
#5614=CIRCLE('',#6218,3.5);
#5615=CIRCLE('',#6222,2.5);
#5616=CIRCLE('',#6223,2.5);
#5617=CIRCLE('',#6227,3.5);
#5618=CIRCLE('',#6228,3.5);
#5619=CIRCLE('',#6232,1.5);
#5620=CIRCLE('',#6233,1.5);
#5621=CIRCLE('',#6237,2.5);
#5622=CIRCLE('',#6238,2.5);
#5623=CIRCLE('',#6242,2.5);
#5624=CIRCLE('',#6243,2.5);
#5625=CIRCLE('',#6247,1.5);
#5626=CIRCLE('',#6248,1.5);
#5627=CIRCLE('',#6252,2.5);
#5628=CIRCLE('',#6253,2.5);
#5629=CIRCLE('',#6257,2.65);
#5630=CIRCLE('',#6258,3.3267949192431);
#5631=CIRCLE('',#6260,2.65);
#5632=CIRCLE('',#6262,3.3267949192431);
#5633=CIRCLE('',#6264,3.5);
#5634=CIRCLE('',#6266,3.5);
#5635=CIRCLE('',#6269,2.1);
#5636=CIRCLE('',#6270,2.1);
#5637=CIRCLE('',#6274,10.);
#5638=CIRCLE('',#6275,10.);
#5639=CIRCLE('',#6279,20.);
#5640=CIRCLE('',#6280,2.5);
#5641=CIRCLE('',#6281,2.5);
#5642=CIRCLE('',#6282,2.5);
#5643=CIRCLE('',#6283,2.5);
#5644=CIRCLE('',#6285,20.);
#5645=CIRCLE('',#6288,2.5);
#5646=CIRCLE('',#6291,2.5);
#5647=CIRCLE('',#6294,2.5);
#5648=CIRCLE('',#6297,2.5);
#5649=CIRCLE('',#6300,2.1);
#5650=CIRCLE('',#6301,2.1);
#5651=CIRCLE('',#6305,2.1);
#5652=CIRCLE('',#6306,2.1);
#5653=CIRCLE('',#6310,2.5);
#5654=CIRCLE('',#6311,2.5);
#5655=CIRCLE('',#6315,2.1);
#5656=CIRCLE('',#6316,2.1);
#5657=CIRCLE('',#6321,0.999999999999311);
#5658=CIRCLE('',#6329,0.999999999999311);
#5659=CIRCLE('',#6335,3.7);
#5660=CIRCLE('',#6336,3.7);
#5661=CIRCLE('',#6337,1.7);
#5662=CIRCLE('',#6340,1.621);
#5663=CIRCLE('',#6341,1.621);
#5664=CIRCLE('',#6342,1.7);
#5665=CIRCLE('',#6345,1.5);
#5666=CIRCLE('',#6346,1.5);
#5667=CIRCLE('',#6350,3.5);
#5668=CIRCLE('',#6352,3.5);
#5669=CIRCLE('',#6354,1.621);
#5670=CIRCLE('',#6357,3.5);
#5671=CIRCLE('',#6359,3.5);
#5672=CIRCLE('',#6361,1.621);
#5673=CIRCLE('',#6369,2.65);
#5674=CIRCLE('',#6370,3.3267949192431);
#5675=CIRCLE('',#6372,2.65);
#5676=CIRCLE('',#6374,3.3267949192431);
#5677=CIRCLE('',#6376,3.5);
#5678=CIRCLE('',#6378,3.5);
#5679=CIRCLE('',#6381,2.65);
#5680=CIRCLE('',#6382,3.3267949192431);
#5681=CIRCLE('',#6384,2.65);
#5682=CIRCLE('',#6386,3.3267949192431);
#5683=CIRCLE('',#6388,3.5);
#5684=CIRCLE('',#6390,3.5);
#5685=CIRCLE('',#6393,2.65);
#5686=CIRCLE('',#6394,3.3267949192431);
#5687=CIRCLE('',#6396,2.65);
#5688=CIRCLE('',#6398,3.3267949192431);
#5689=CIRCLE('',#6400,3.5);
#5690=CIRCLE('',#6402,3.5);
#5691=CURVE_STYLE('',#5692,POSITIVE_LENGTH_MEASURE(0.7),#5815);
#5692=DRAUGHTING_PRE_DEFINED_CURVE_FONT('continuous');
#5693=PRESENTATION_LAYER_ASSIGNMENT('61','Layer 61',(#7968,#5822));
#5694=PRESENTATION_LAYER_ASSIGNMENT('1','Layer 1',(#7969,#1515,#1516,#1517,
#1520,#1521,#1522,#1523,#1524,#1525,#1526,#1527,#1529,#1530,#1531,#1532,
#1533,#1534,#1535));
#5695=PRESENTATION_LAYER_ASSIGNMENT('27','Layer 27',(#1513,#1514,#1518,
#1519,#1528,#1536,#1537,#1538,#1539));
#5696=STYLED_ITEM('',(#5726),#7968);
#5697=STYLED_ITEM('',(#5727),#7969);
#5698=STYLED_ITEM('',(#5728),#5822);
#5699=STYLED_ITEM('',(#5729),#1513);
#5700=STYLED_ITEM('',(#5730),#1514);
#5701=STYLED_ITEM('',(#5786),#1515);
#5702=STYLED_ITEM('',(#5787),#1516);
#5703=STYLED_ITEM('',(#5788),#1517);
#5704=STYLED_ITEM('',(#5789),#1518);
#5705=STYLED_ITEM('',(#5790),#1519);
#5706=STYLED_ITEM('',(#5791),#1520);
#5707=STYLED_ITEM('',(#5792),#1521);
#5708=STYLED_ITEM('',(#5793),#1522);
#5709=STYLED_ITEM('',(#5794),#1523);
#5710=STYLED_ITEM('',(#5795),#1524);
#5711=STYLED_ITEM('',(#5796),#1525);
#5712=STYLED_ITEM('',(#5797),#1526);
#5713=STYLED_ITEM('',(#5798),#1527);
#5714=STYLED_ITEM('',(#5799),#1528);
#5715=STYLED_ITEM('',(#5800),#1529);
#5716=STYLED_ITEM('',(#5801),#1530);
#5717=STYLED_ITEM('',(#5802),#1531);
#5718=STYLED_ITEM('',(#5803),#1532);
#5719=STYLED_ITEM('',(#5804),#1533);
#5720=STYLED_ITEM('',(#5805),#1534);
#5721=STYLED_ITEM('',(#5806),#1535);
#5722=STYLED_ITEM('',(#5807),#1536);
#5723=STYLED_ITEM('',(#5808),#1537);
#5724=STYLED_ITEM('',(#5809),#1538);
#5725=STYLED_ITEM('',(#5810),#1539);
#5726=PRESENTATION_STYLE_ASSIGNMENT((#5811));
#5727=PRESENTATION_STYLE_ASSIGNMENT((#5812));
#5728=PRESENTATION_STYLE_ASSIGNMENT((#5691));
#5729=PRESENTATION_STYLE_ASSIGNMENT((#1103));
#5730=PRESENTATION_STYLE_ASSIGNMENT((#1104));
#5731=PRESENTATION_STYLE_ASSIGNMENT((#1105));
#5732=PRESENTATION_STYLE_ASSIGNMENT((#1106));
#5733=PRESENTATION_STYLE_ASSIGNMENT((#1107));
#5734=PRESENTATION_STYLE_ASSIGNMENT((#1108));
#5735=PRESENTATION_STYLE_ASSIGNMENT((#1109));
#5736=PRESENTATION_STYLE_ASSIGNMENT((#1110));
#5737=PRESENTATION_STYLE_ASSIGNMENT((#1111));
#5738=PRESENTATION_STYLE_ASSIGNMENT((#1112));
#5739=PRESENTATION_STYLE_ASSIGNMENT((#1113));
#5740=PRESENTATION_STYLE_ASSIGNMENT((#1114));
#5741=PRESENTATION_STYLE_ASSIGNMENT((#1115));
#5742=PRESENTATION_STYLE_ASSIGNMENT((#1116));
#5743=PRESENTATION_STYLE_ASSIGNMENT((#1117));
#5744=PRESENTATION_STYLE_ASSIGNMENT((#1118));
#5745=PRESENTATION_STYLE_ASSIGNMENT((#1119));
#5746=PRESENTATION_STYLE_ASSIGNMENT((#1120));
#5747=PRESENTATION_STYLE_ASSIGNMENT((#1121));
#5748=PRESENTATION_STYLE_ASSIGNMENT((#1122));
#5749=PRESENTATION_STYLE_ASSIGNMENT((#1123));
#5750=PRESENTATION_STYLE_ASSIGNMENT((#1124));
#5751=PRESENTATION_STYLE_ASSIGNMENT((#1125));
#5752=PRESENTATION_STYLE_ASSIGNMENT((#1126));
#5753=PRESENTATION_STYLE_ASSIGNMENT((#1127));
#5754=PRESENTATION_STYLE_ASSIGNMENT((#1128));
#5755=PRESENTATION_STYLE_ASSIGNMENT((#1129));
#5756=PRESENTATION_STYLE_ASSIGNMENT((#1130));
#5757=PRESENTATION_STYLE_ASSIGNMENT((#1131));
#5758=PRESENTATION_STYLE_ASSIGNMENT((#1132));
#5759=PRESENTATION_STYLE_ASSIGNMENT((#1133));
#5760=PRESENTATION_STYLE_ASSIGNMENT((#1134));
#5761=PRESENTATION_STYLE_ASSIGNMENT((#1135));
#5762=PRESENTATION_STYLE_ASSIGNMENT((#1136));
#5763=PRESENTATION_STYLE_ASSIGNMENT((#1137));
#5764=PRESENTATION_STYLE_ASSIGNMENT((#1138));
#5765=PRESENTATION_STYLE_ASSIGNMENT((#1139));
#5766=PRESENTATION_STYLE_ASSIGNMENT((#1140));
#5767=PRESENTATION_STYLE_ASSIGNMENT((#1141));
#5768=PRESENTATION_STYLE_ASSIGNMENT((#1142));
#5769=PRESENTATION_STYLE_ASSIGNMENT((#1143));
#5770=PRESENTATION_STYLE_ASSIGNMENT((#1144));
#5771=PRESENTATION_STYLE_ASSIGNMENT((#1145));
#5772=PRESENTATION_STYLE_ASSIGNMENT((#1146));
#5773=PRESENTATION_STYLE_ASSIGNMENT((#1147));
#5774=PRESENTATION_STYLE_ASSIGNMENT((#1148));
#5775=PRESENTATION_STYLE_ASSIGNMENT((#1149));
#5776=PRESENTATION_STYLE_ASSIGNMENT((#1150));
#5777=PRESENTATION_STYLE_ASSIGNMENT((#1151));
#5778=PRESENTATION_STYLE_ASSIGNMENT((#1152));
#5779=PRESENTATION_STYLE_ASSIGNMENT((#1153));
#5780=PRESENTATION_STYLE_ASSIGNMENT((#1154));
#5781=PRESENTATION_STYLE_ASSIGNMENT((#1155));
#5782=PRESENTATION_STYLE_ASSIGNMENT((#1156));
#5783=PRESENTATION_STYLE_ASSIGNMENT((#1157));
#5784=PRESENTATION_STYLE_ASSIGNMENT((#1158));
#5785=PRESENTATION_STYLE_ASSIGNMENT((#1159));
#5786=PRESENTATION_STYLE_ASSIGNMENT((#1160));
#5787=PRESENTATION_STYLE_ASSIGNMENT((#1161));
#5788=PRESENTATION_STYLE_ASSIGNMENT((#1162));
#5789=PRESENTATION_STYLE_ASSIGNMENT((#1163));
#5790=PRESENTATION_STYLE_ASSIGNMENT((#1164));
#5791=PRESENTATION_STYLE_ASSIGNMENT((#1165));
#5792=PRESENTATION_STYLE_ASSIGNMENT((#1166));
#5793=PRESENTATION_STYLE_ASSIGNMENT((#1167));
#5794=PRESENTATION_STYLE_ASSIGNMENT((#1168));
#5795=PRESENTATION_STYLE_ASSIGNMENT((#1169));
#5796=PRESENTATION_STYLE_ASSIGNMENT((#1170));
#5797=PRESENTATION_STYLE_ASSIGNMENT((#1171));
#5798=PRESENTATION_STYLE_ASSIGNMENT((#1172));
#5799=PRESENTATION_STYLE_ASSIGNMENT((#1173));
#5800=PRESENTATION_STYLE_ASSIGNMENT((#1174));
#5801=PRESENTATION_STYLE_ASSIGNMENT((#1175));
#5802=PRESENTATION_STYLE_ASSIGNMENT((#1176));
#5803=PRESENTATION_STYLE_ASSIGNMENT((#1177));
#5804=PRESENTATION_STYLE_ASSIGNMENT((#1178));
#5805=PRESENTATION_STYLE_ASSIGNMENT((#1179));
#5806=PRESENTATION_STYLE_ASSIGNMENT((#1180));
#5807=PRESENTATION_STYLE_ASSIGNMENT((#1181));
#5808=PRESENTATION_STYLE_ASSIGNMENT((#1182));
#5809=PRESENTATION_STYLE_ASSIGNMENT((#1183));
#5810=PRESENTATION_STYLE_ASSIGNMENT((#1184));
#5811=POINT_STYLE('',#5813,POSITIVE_LENGTH_MEASURE(3.),#5815);
#5812=POINT_STYLE('',#5814,POSITIVE_LENGTH_MEASURE(3.),#5816);
#5813=PRE_DEFINED_POINT_MARKER_SYMBOL('plus');
#5814=PRE_DEFINED_POINT_MARKER_SYMBOL('plus');
#5815=COLOUR_RGB('Medium Maroon',0.6,0.4,0.4);
#5816=COLOUR_RGB('Medium Royal',0.301960784313725,0.427450980392157,0.701960784313725);
#5817=COLOUR_RGB('smoke gray',0.694117647058824,0.694117647058824,0.694117647058824);
#5818=COLOUR_RGB('deep umber',0.16078431372549,0.141176470588235,0.133333333333333);
#5819=COLOUR_RGB('cornflower',0.,0.6,1.);
#5820=COLOUR_RGB('medium steel',0.611764705882353,0.658823529411765,0.670588235294118);
#5821=AXIS2_PLACEMENT_3D('',#7967,#6405,#6406);
#5822=AXIS2_PLACEMENT_3D('',#7970,#6407,#6408);
#5823=AXIS2_PLACEMENT_3D('',#7971,#6409,#6410);
#5824=AXIS2_PLACEMENT_3D('',#7973,#6411,#6412);
#5825=AXIS2_PLACEMENT_3D('',#7975,#6413,#6414);
#5826=AXIS2_PLACEMENT_3D('',#7976,#6415,#6416);
#5827=AXIS2_PLACEMENT_3D('',#7978,#6417,#6418);
#5828=AXIS2_PLACEMENT_3D('',#7979,#6419,#6420);
#5829=AXIS2_PLACEMENT_3D('',#7981,#6421,#6422);
#5830=AXIS2_PLACEMENT_3D('',#7982,#6423,#6424);
#5831=AXIS2_PLACEMENT_3D('',#7984,#6425,#6426);
#5832=AXIS2_PLACEMENT_3D('',#7985,#6427,#6428);
#5833=AXIS2_PLACEMENT_3D('',#7987,#6429,#6430);
#5834=AXIS2_PLACEMENT_3D('',#7988,#6431,#6432);
#5835=AXIS2_PLACEMENT_3D('',#8013,#6445,#6446);
#5836=AXIS2_PLACEMENT_3D('',#8038,#6459,#6460);
#5837=AXIS2_PLACEMENT_3D('',#8041,#6462,#6463);
#5838=AXIS2_PLACEMENT_3D('',#8043,#6464,#6465);
#5839=AXIS2_PLACEMENT_3D('',#8047,#6467,#6468);
#5840=AXIS2_PLACEMENT_3D('',#8049,#6469,#6470);
#5841=AXIS2_PLACEMENT_3D('',#8052,#6472,#6473);
#5842=AXIS2_PLACEMENT_3D('',#8056,#6475,#6476);
#5843=AXIS2_PLACEMENT_3D('',#8057,#6477,#6478);
#5844=AXIS2_PLACEMENT_3D('',#8060,#6480,#6481);
#5845=AXIS2_PLACEMENT_3D('',#8062,#6482,#6483);
#5846=AXIS2_PLACEMENT_3D('',#8066,#6485,#6486);
#5847=AXIS2_PLACEMENT_3D('',#8068,#6487,#6488);
#5848=AXIS2_PLACEMENT_3D('',#8071,#6490,#6491);
#5849=AXIS2_PLACEMENT_3D('',#8075,#6493,#6494);
#5850=AXIS2_PLACEMENT_3D('',#8076,#6495,#6496);
#5851=AXIS2_PLACEMENT_3D('',#8077,#6497,#6498);
#5852=AXIS2_PLACEMENT_3D('',#8081,#6500,#6501);
#5853=AXIS2_PLACEMENT_3D('',#8085,#6503,#6504);
#5854=AXIS2_PLACEMENT_3D('',#8089,#6506,#6507);
#5855=AXIS2_PLACEMENT_3D('',#8093,#6509,#6510);
#5856=AXIS2_PLACEMENT_3D('',#8096,#6512,#6513);
#5857=AXIS2_PLACEMENT_3D('',#8099,#6515,#6516);
#5858=AXIS2_PLACEMENT_3D('',#8102,#6518,#6519);
#5859=AXIS2_PLACEMENT_3D('',#8105,#6521,#6522);
#5860=AXIS2_PLACEMENT_3D('',#8109,#6524,#6525);
#5861=AXIS2_PLACEMENT_3D('',#8113,#6527,#6528);
#5862=AXIS2_PLACEMENT_3D('',#8117,#6530,#6531);
#5863=AXIS2_PLACEMENT_3D('',#8121,#6533,#6534);
#5864=AXIS2_PLACEMENT_3D('',#8122,#6535,#6536);
#5865=AXIS2_PLACEMENT_3D('',#8123,#6537,#6538);
#5866=AXIS2_PLACEMENT_3D('',#8126,#6539,#6540);
#5867=AXIS2_PLACEMENT_3D('',#8130,#6542,#6543);
#5868=AXIS2_PLACEMENT_3D('',#8132,#6544,#6545);
#5869=AXIS2_PLACEMENT_3D('',#8136,#6547,#6548);
#5870=AXIS2_PLACEMENT_3D('',#8138,#6549,#6550);
#5871=AXIS2_PLACEMENT_3D('',#8142,#6552,#6553);
#5872=AXIS2_PLACEMENT_3D('',#8144,#6554,#6555);
#5873=AXIS2_PLACEMENT_3D('',#8147,#6557,#6558);
#5874=AXIS2_PLACEMENT_3D('',#8148,#6559,#6560);
#5875=AXIS2_PLACEMENT_3D('',#8150,#6561,#6562);
#5876=AXIS2_PLACEMENT_3D('',#8160,#6567,#6568);
#5877=AXIS2_PLACEMENT_3D('',#8161,#6569,#6570);
#5878=AXIS2_PLACEMENT_3D('',#8165,#6572,#6573);
#5879=AXIS2_PLACEMENT_3D('',#8166,#6574,#6575);
#5880=AXIS2_PLACEMENT_3D('',#8167,#6576,#6577);
#5881=AXIS2_PLACEMENT_3D('',#8171,#6579,#6580);
#5882=AXIS2_PLACEMENT_3D('',#8172,#6581,#6582);
#5883=AXIS2_PLACEMENT_3D('',#8180,#6587,#6588);
#5884=AXIS2_PLACEMENT_3D('',#8186,#6592,#6593);
#5885=AXIS2_PLACEMENT_3D('',#8192,#6597,#6598);
#5886=AXIS2_PLACEMENT_3D('',#8198,#6602,#6603);
#5887=AXIS2_PLACEMENT_3D('',#8204,#6607,#6608);
#5888=AXIS2_PLACEMENT_3D('',#8210,#6612,#6613);
#5889=AXIS2_PLACEMENT_3D('',#8215,#6617,#6618);
#5890=AXIS2_PLACEMENT_3D('',#8216,#6619,#6620);
#5891=AXIS2_PLACEMENT_3D('',#8219,#6622,#6623);
#5892=AXIS2_PLACEMENT_3D('',#8220,#6624,#6625);
#5893=AXIS2_PLACEMENT_3D('',#8223,#6627,#6628);
#5894=AXIS2_PLACEMENT_3D('',#8224,#6629,#6630);
#5895=AXIS2_PLACEMENT_3D('',#8226,#6631,#6632);
#5896=AXIS2_PLACEMENT_3D('',#8231,#6635,#6636);
#5897=AXIS2_PLACEMENT_3D('',#8232,#6637,#6638);
#5898=AXIS2_PLACEMENT_3D('',#8235,#6640,#6641);
#5899=AXIS2_PLACEMENT_3D('',#8236,#6642,#6643);
#5900=AXIS2_PLACEMENT_3D('',#8239,#6645,#6646);
#5901=AXIS2_PLACEMENT_3D('',#8245,#6650,#6651);
#5902=AXIS2_PLACEMENT_3D('',#8251,#6655,#6656);
#5903=AXIS2_PLACEMENT_3D('',#8257,#6660,#6661);
#5904=AXIS2_PLACEMENT_3D('',#8263,#6665,#6666);
#5905=AXIS2_PLACEMENT_3D('',#8269,#6670,#6671);
#5906=AXIS2_PLACEMENT_3D('',#8275,#6675,#6676);
#5907=AXIS2_PLACEMENT_3D('',#8283,#6681,#6682);
#5908=AXIS2_PLACEMENT_3D('',#8287,#6684,#6685);
#5909=AXIS2_PLACEMENT_3D('',#8321,#6686,#6687);
#5910=AXIS2_PLACEMENT_3D('',#8325,#6689,#6690);
#5911=AXIS2_PLACEMENT_3D('',#8359,#6691,#6692);
#5912=AXIS2_PLACEMENT_3D('',#8360,#6693,#6694);
#5913=AXIS2_PLACEMENT_3D('',#8364,#6696,#6697);
#5914=AXIS2_PLACEMENT_3D('',#8365,#6698,#6699);
#5915=AXIS2_PLACEMENT_3D('',#8366,#6700,#6701);
#5916=AXIS2_PLACEMENT_3D('',#8367,#6702,#6703);
#5917=AXIS2_PLACEMENT_3D('',#8368,#6704,#6705);
#5918=AXIS2_PLACEMENT_3D('',#8369,#6706,#6707);
#5919=AXIS2_PLACEMENT_3D('',#8371,#6708,#6709);
#5920=AXIS2_PLACEMENT_3D('',#8373,#6710,#6711);
#5921=AXIS2_PLACEMENT_3D('',#8377,#6713,#6714);
#5922=AXIS2_PLACEMENT_3D('',#8378,#6715,#6716);
#5923=AXIS2_PLACEMENT_3D('',#8379,#6717,#6718);
#5924=AXIS2_PLACEMENT_3D('',#8381,#6719,#6720);
#5925=AXIS2_PLACEMENT_3D('',#8383,#6721,#6722);
#5926=AXIS2_PLACEMENT_3D('',#8384,#6723,#6724);
#5927=AXIS2_PLACEMENT_3D('',#8385,#6725,#6726);
#5928=AXIS2_PLACEMENT_3D('',#8386,#6727,#6728);
#5929=AXIS2_PLACEMENT_3D('',#8387,#6729,#6730);
#5930=AXIS2_PLACEMENT_3D('',#8393,#6734,#6735);
#5931=AXIS2_PLACEMENT_3D('',#8394,#6736,#6737);
#5932=AXIS2_PLACEMENT_3D('',#8397,#6739,#6740);
#5933=AXIS2_PLACEMENT_3D('',#8398,#6741,#6742);
#5934=AXIS2_PLACEMENT_3D('',#8401,#6744,#6745);
#5935=AXIS2_PLACEMENT_3D('',#8402,#6746,#6747);
#5936=AXIS2_PLACEMENT_3D('',#8405,#6749,#6750);
#5937=AXIS2_PLACEMENT_3D('',#8409,#6753,#6754);
#5938=AXIS2_PLACEMENT_3D('',#8410,#6755,#6756);
#5939=AXIS2_PLACEMENT_3D('',#8413,#6758,#6759);
#5940=AXIS2_PLACEMENT_3D('',#8414,#6760,#6761);
#5941=AXIS2_PLACEMENT_3D('',#8417,#6763,#6764);
#5942=AXIS2_PLACEMENT_3D('',#8418,#6765,#6766);
#5943=AXIS2_PLACEMENT_3D('',#8419,#6767,#6768);
#5944=AXIS2_PLACEMENT_3D('',#8425,#6772,#6773);
#5945=AXIS2_PLACEMENT_3D('',#8426,#6774,#6775);
#5946=AXIS2_PLACEMENT_3D('',#8427,#6776,#6777);
#5947=AXIS2_PLACEMENT_3D('',#8428,#6778,#6779);
#5948=AXIS2_PLACEMENT_3D('',#8431,#6781,#6782);
#5949=AXIS2_PLACEMENT_3D('',#8435,#6785,#6786);
#5950=AXIS2_PLACEMENT_3D('',#8436,#6787,#6788);
#5951=AXIS2_PLACEMENT_3D('',#8437,#6789,#6790);
#5952=AXIS2_PLACEMENT_3D('',#8438,#6791,#6792);
#5953=AXIS2_PLACEMENT_3D('',#8439,#6793,#6794);
#5954=AXIS2_PLACEMENT_3D('',#8440,#6795,#6796);
#5955=AXIS2_PLACEMENT_3D('',#8443,#6799,#6800);
#5956=AXIS2_PLACEMENT_3D('',#8461,#6810,#6811);
#5957=AXIS2_PLACEMENT_3D('',#8463,#6813,#6814);
#5958=AXIS2_PLACEMENT_3D('',#8465,#6816,#6817);
#5959=AXIS2_PLACEMENT_3D('',#8467,#6819,#6820);
#5960=AXIS2_PLACEMENT_3D('',#8468,#6821,#6822);
#5961=AXIS2_PLACEMENT_3D('',#8470,#6824,#6825);
#5962=AXIS2_PLACEMENT_3D('',#8472,#6827,#6828);
#5963=AXIS2_PLACEMENT_3D('',#8473,#6829,#6830);
#5964=AXIS2_PLACEMENT_3D('',#8476,#6833,#6834);
#5965=AXIS2_PLACEMENT_3D('',#8479,#6837,#6838);
#5966=AXIS2_PLACEMENT_3D('',#8480,#6839,#6840);
#5967=AXIS2_PLACEMENT_3D('',#8483,#6842,#6843);
#5968=AXIS2_PLACEMENT_3D('',#8487,#6845,#6846);
#5969=AXIS2_PLACEMENT_3D('',#8492,#6849,#6850);
#5970=AXIS2_PLACEMENT_3D('',#8496,#6852,#6853);
#5971=AXIS2_PLACEMENT_3D('',#8499,#6855,#6856);
#5972=AXIS2_PLACEMENT_3D('',#8502,#6859,#6860);
#5973=AXIS2_PLACEMENT_3D('',#8504,#6862,#6863);
#5974=AXIS2_PLACEMENT_3D('',#8506,#6865,#6866);
#5975=AXIS2_PLACEMENT_3D('',#8507,#6867,#6868);
#5976=AXIS2_PLACEMENT_3D('',#8508,#6869,#6870);
#5977=AXIS2_PLACEMENT_3D('',#8511,#6873,#6874);
#5978=AXIS2_PLACEMENT_3D('',#8513,#6876,#6877);
#5979=AXIS2_PLACEMENT_3D('',#8514,#6878,#6879);
#5980=AXIS2_PLACEMENT_3D('',#8516,#6881,#6882);
#5981=AXIS2_PLACEMENT_3D('',#8517,#6883,#6884);
#5982=AXIS2_PLACEMENT_3D('',#8518,#6885,#6886);
#5983=AXIS2_PLACEMENT_3D('',#8520,#6887,#6888);
#5984=AXIS2_PLACEMENT_3D('',#8521,#6889,#6890);
#5985=AXIS2_PLACEMENT_3D('',#8523,#6891,#6892);
#5986=AXIS2_PLACEMENT_3D('',#8524,#6893,#6894);
#5987=AXIS2_PLACEMENT_3D('',#8526,#6895,#6896);
#5988=AXIS2_PLACEMENT_3D('',#8527,#6897,#6898);
#5989=AXIS2_PLACEMENT_3D('',#8529,#6899,#6900);
#5990=AXIS2_PLACEMENT_3D('',#8530,#6901,#6902);
#5991=AXIS2_PLACEMENT_3D('',#8533,#6903,#6904);
#5992=AXIS2_PLACEMENT_3D('',#8534,#6905,#6906);
#5993=AXIS2_PLACEMENT_3D('',#8536,#6907,#6908);
#5994=AXIS2_PLACEMENT_3D('',#8537,#6909,#6910);
#5995=AXIS2_PLACEMENT_3D('',#8539,#6911,#6912);
#5996=AXIS2_PLACEMENT_3D('',#8540,#6913,#6914);
#5997=AXIS2_PLACEMENT_3D('',#8542,#6915,#6916);
#5998=AXIS2_PLACEMENT_3D('',#8543,#6917,#6918);
#5999=AXIS2_PLACEMENT_3D('',#8545,#6919,#6920);
#6000=AXIS2_PLACEMENT_3D('',#8546,#6921,#6922);
#6001=AXIS2_PLACEMENT_3D('',#8547,#6923,#6924);
#6002=AXIS2_PLACEMENT_3D('',#8549,#6925,#6926);
#6003=AXIS2_PLACEMENT_3D('',#8550,#6927,#6928);
#6004=AXIS2_PLACEMENT_3D('',#8552,#6929,#6930);
#6005=AXIS2_PLACEMENT_3D('',#8553,#6931,#6932);
#6006=AXIS2_PLACEMENT_3D('',#8555,#6933,#6934);
#6007=AXIS2_PLACEMENT_3D('',#8556,#6935,#6936);
#6008=AXIS2_PLACEMENT_3D('',#8558,#6937,#6938);
#6009=AXIS2_PLACEMENT_3D('',#8559,#6939,#6940);
#6010=AXIS2_PLACEMENT_3D('',#8562,#6941,#6942);
#6011=AXIS2_PLACEMENT_3D('',#8563,#6943,#6944);
#6012=AXIS2_PLACEMENT_3D('',#8565,#6945,#6946);
#6013=AXIS2_PLACEMENT_3D('',#8566,#6947,#6948);
#6014=AXIS2_PLACEMENT_3D('',#8568,#6949,#6950);
#6015=AXIS2_PLACEMENT_3D('',#8569,#6951,#6952);
#6016=AXIS2_PLACEMENT_3D('',#8571,#6953,#6954);
#6017=AXIS2_PLACEMENT_3D('',#8572,#6955,#6956);
#6018=AXIS2_PLACEMENT_3D('',#8574,#6957,#6958);
#6019=AXIS2_PLACEMENT_3D('',#8575,#6959,#6960);
#6020=AXIS2_PLACEMENT_3D('',#8576,#6961,#6962);
#6021=AXIS2_PLACEMENT_3D('',#8580,#6964,#6965);
#6022=AXIS2_PLACEMENT_3D('',#8583,#6967,#6968);
#6023=AXIS2_PLACEMENT_3D('',#8585,#6970,#6971);
#6024=AXIS2_PLACEMENT_3D('',#8587,#6973,#6974);
#6025=AXIS2_PLACEMENT_3D('',#8588,#6975,#6976);
#6026=AXIS2_PLACEMENT_3D('',#8592,#6979,#6980);
#6027=AXIS2_PLACEMENT_3D('',#8593,#6981,#6982);
#6028=AXIS2_PLACEMENT_3D('',#8596,#6984,#6985);
#6029=AXIS2_PLACEMENT_3D('',#8598,#6987,#6988);
#6030=AXIS2_PLACEMENT_3D('',#8599,#6989,#6990);
#6031=AXIS2_PLACEMENT_3D('',#8601,#6991,#6992);
#6032=AXIS2_PLACEMENT_3D('',#8602,#6993,#6994);
#6033=AXIS2_PLACEMENT_3D('',#8604,#6995,#6996);
#6034=AXIS2_PLACEMENT_3D('',#8605,#6997,#6998);
#6035=AXIS2_PLACEMENT_3D('',#8607,#6999,#7000);
#6036=AXIS2_PLACEMENT_3D('',#8608,#7001,#7002);
#6037=AXIS2_PLACEMENT_3D('',#8609,#7003,#7004);
#6038=AXIS2_PLACEMENT_3D('',#8611,#7005,#7006);
#6039=AXIS2_PLACEMENT_3D('',#8612,#7007,#7008);
#6040=AXIS2_PLACEMENT_3D('',#8614,#7009,#7010);
#6041=AXIS2_PLACEMENT_3D('',#8615,#7011,#7012);
#6042=AXIS2_PLACEMENT_3D('',#8616,#7013,#7014);
#6043=AXIS2_PLACEMENT_3D('',#8618,#7015,#7016);
#6044=AXIS2_PLACEMENT_3D('',#8619,#7017,#7018);
#6045=AXIS2_PLACEMENT_3D('',#8621,#7019,#7020);
#6046=AXIS2_PLACEMENT_3D('',#8622,#7021,#7022);
#6047=AXIS2_PLACEMENT_3D('',#8624,#7023,#7024);
#6048=AXIS2_PLACEMENT_3D('',#8625,#7025,#7026);
#6049=AXIS2_PLACEMENT_3D('',#8627,#7027,#7028);
#6050=AXIS2_PLACEMENT_3D('',#8628,#7029,#7030);
#6051=AXIS2_PLACEMENT_3D('',#8629,#7031,#7032);
#6052=AXIS2_PLACEMENT_3D('',#8631,#7033,#7034);
#6053=AXIS2_PLACEMENT_3D('',#8632,#7035,#7036);
#6054=AXIS2_PLACEMENT_3D('',#8634,#7037,#7038);
#6055=AXIS2_PLACEMENT_3D('',#8635,#7039,#7040);
#6056=AXIS2_PLACEMENT_3D('',#8637,#7041,#7042);
#6057=AXIS2_PLACEMENT_3D('',#8638,#7043,#7044);
#6058=AXIS2_PLACEMENT_3D('',#8640,#7045,#7046);
#6059=AXIS2_PLACEMENT_3D('',#8641,#7047,#7048);
#6060=AXIS2_PLACEMENT_3D('',#8647,#7052,#7053);
#6061=AXIS2_PLACEMENT_3D('',#8651,#7056,#7057);
#6062=AXIS2_PLACEMENT_3D('',#8655,#7060,#7061);
#6063=AXIS2_PLACEMENT_3D('',#8657,#7063,#7064);
#6064=AXIS2_PLACEMENT_3D('',#8658,#7065,#7066);
#6065=AXIS2_PLACEMENT_3D('',#8664,#7070,#7071);
#6066=AXIS2_PLACEMENT_3D('',#8668,#7074,#7075);
#6067=AXIS2_PLACEMENT_3D('',#8672,#7078,#7079);
#6068=AXIS2_PLACEMENT_3D('',#8674,#7081,#7082);
#6069=AXIS2_PLACEMENT_3D('',#8675,#7083,#7084);
#6070=AXIS2_PLACEMENT_3D('',#8684,#7089,#7090);
#6071=AXIS2_PLACEMENT_3D('',#8690,#7094,#7095);
#6072=AXIS2_PLACEMENT_3D('',#8703,#7100,#7101);
#6073=AXIS2_PLACEMENT_3D('',#8713,#7107,#7108);
#6074=AXIS2_PLACEMENT_3D('',#8719,#7112,#7113);
#6075=AXIS2_PLACEMENT_3D('',#8728,#7116,#7117);
#6076=AXIS2_PLACEMENT_3D('',#8744,#7119,#7120);
#6077=AXIS2_PLACEMENT_3D('',#8745,#7121,#7122);
#6078=AXIS2_PLACEMENT_3D('',#8747,#7123,#7124);
#6079=AXIS2_PLACEMENT_3D('',#8749,#7125,#7126);
#6080=AXIS2_PLACEMENT_3D('',#8765,#7127,#7128);
#6081=AXIS2_PLACEMENT_3D('',#8766,#7129,#7130);
#6082=AXIS2_PLACEMENT_3D('',#8768,#7131,#7132);
#6083=AXIS2_PLACEMENT_3D('',#8769,#7133,#7134);
#6084=AXIS2_PLACEMENT_3D('',#8770,#7135,#7136);
#6085=AXIS2_PLACEMENT_3D('',#8772,#7137,#7138);
#6086=AXIS2_PLACEMENT_3D('',#8773,#7139,#7140);
#6087=AXIS2_PLACEMENT_3D('',#8774,#7141,#7142);
#6088=AXIS2_PLACEMENT_3D('',#8776,#7143,#7144);
#6089=AXIS2_PLACEMENT_3D('',#8777,#7145,#7146);
#6090=AXIS2_PLACEMENT_3D('',#8779,#7148,#7149);
#6091=AXIS2_PLACEMENT_3D('',#8780,#7150,#7151);
#6092=AXIS2_PLACEMENT_3D('',#8808,#7157,#7158);
#6093=AXIS2_PLACEMENT_3D('',#8814,#7162,#7163);
#6094=AXIS2_PLACEMENT_3D('',#8820,#7167,#7168);
#6095=AXIS2_PLACEMENT_3D('',#8830,#7174,#7175);
#6096=AXIS2_PLACEMENT_3D('',#8836,#7179,#7180);
#6097=AXIS2_PLACEMENT_3D('',#8845,#7183,#7184);
#6098=AXIS2_PLACEMENT_3D('',#8861,#7186,#7187);
#6099=AXIS2_PLACEMENT_3D('',#8862,#7188,#7189);
#6100=AXIS2_PLACEMENT_3D('',#8864,#7190,#7191);
#6101=AXIS2_PLACEMENT_3D('',#8866,#7192,#7193);
#6102=AXIS2_PLACEMENT_3D('',#8882,#7194,#7195);
#6103=AXIS2_PLACEMENT_3D('',#8883,#7196,#7197);
#6104=AXIS2_PLACEMENT_3D('',#8885,#7198,#7199);
#6105=AXIS2_PLACEMENT_3D('',#8886,#7200,#7201);
#6106=AXIS2_PLACEMENT_3D('',#8887,#7202,#7203);
#6107=AXIS2_PLACEMENT_3D('',#8889,#7204,#7205);
#6108=AXIS2_PLACEMENT_3D('',#8890,#7206,#7207);
#6109=AXIS2_PLACEMENT_3D('',#8891,#7208,#7209);
#6110=AXIS2_PLACEMENT_3D('',#8893,#7210,#7211);
#6111=AXIS2_PLACEMENT_3D('',#8894,#7212,#7213);
#6112=AXIS2_PLACEMENT_3D('',#8896,#7215,#7216);
#6113=AXIS2_PLACEMENT_3D('',#8897,#7217,#7218);
#6114=AXIS2_PLACEMENT_3D('',#8910,#7219,#7220);
#6115=AXIS2_PLACEMENT_3D('',#8915,#7222,#7223);
#6116=AXIS2_PLACEMENT_3D('',#8918,#7225,#7226);
#6117=AXIS2_PLACEMENT_3D('',#8924,#7230,#7231);
#6118=AXIS2_PLACEMENT_3D('',#8930,#7235,#7236);
#6119=AXIS2_PLACEMENT_3D('',#8936,#7240,#7241);
#6120=AXIS2_PLACEMENT_3D('',#8942,#7245,#7246);
#6121=AXIS2_PLACEMENT_3D('',#8948,#7250,#7251);
#6122=AXIS2_PLACEMENT_3D('',#8954,#7255,#7256);
#6123=AXIS2_PLACEMENT_3D('',#8960,#7260,#7261);
#6124=AXIS2_PLACEMENT_3D('',#8961,#7262,#7263);
#6125=AXIS2_PLACEMENT_3D('',#8965,#7265,#7266);
#6126=AXIS2_PLACEMENT_3D('',#8966,#7267,#7268);
#6127=AXIS2_PLACEMENT_3D('',#8967,#7269,#7270);
#6128=AXIS2_PLACEMENT_3D('',#8971,#7272,#7273);
#6129=AXIS2_PLACEMENT_3D('',#8972,#7274,#7275);
#6130=AXIS2_PLACEMENT_3D('',#8978,#7279,#7280);
#6131=AXIS2_PLACEMENT_3D('',#8979,#7281,#7282);
#6132=AXIS2_PLACEMENT_3D('',#8983,#7284,#7285);
#6133=AXIS2_PLACEMENT_3D('',#8984,#7286,#7287);
#6134=AXIS2_PLACEMENT_3D('',#8985,#7288,#7289);
#6135=AXIS2_PLACEMENT_3D('',#8989,#7291,#7292);
#6136=AXIS2_PLACEMENT_3D('',#8990,#7293,#7294);
#6137=AXIS2_PLACEMENT_3D('',#8996,#7298,#7299);
#6138=AXIS2_PLACEMENT_3D('',#9002,#7303,#7304);
#6139=AXIS2_PLACEMENT_3D('',#9008,#7308,#7309);
#6140=AXIS2_PLACEMENT_3D('',#9014,#7313,#7314);
#6141=AXIS2_PLACEMENT_3D('',#9020,#7318,#7319);
#6142=AXIS2_PLACEMENT_3D('',#9026,#7323,#7324);
#6143=AXIS2_PLACEMENT_3D('',#9032,#7328,#7329);
#6144=AXIS2_PLACEMENT_3D('',#9033,#7330,#7331);
#6145=AXIS2_PLACEMENT_3D('',#9037,#7333,#7334);
#6146=AXIS2_PLACEMENT_3D('',#9038,#7335,#7336);
#6147=AXIS2_PLACEMENT_3D('',#9039,#7337,#7338);
#6148=AXIS2_PLACEMENT_3D('',#9043,#7340,#7341);
#6149=AXIS2_PLACEMENT_3D('',#9044,#7342,#7343);
#6150=AXIS2_PLACEMENT_3D('',#9050,#7347,#7348);
#6151=AXIS2_PLACEMENT_3D('',#9051,#7349,#7350);
#6152=AXIS2_PLACEMENT_3D('',#9052,#7351,#7352);
#6153=AXIS2_PLACEMENT_3D('',#9053,#7353,#7354);
#6154=AXIS2_PLACEMENT_3D('',#9054,#7355,#7356);
#6155=AXIS2_PLACEMENT_3D('',#9055,#7357,#7358);
#6156=AXIS2_PLACEMENT_3D('',#9080,#7371,#7372);
#6157=AXIS2_PLACEMENT_3D('',#9081,#7373,#7374);
#6158=AXIS2_PLACEMENT_3D('',#9092,#7380,#7381);
#6159=AXIS2_PLACEMENT_3D('',#9098,#7385,#7386);
#6160=AXIS2_PLACEMENT_3D('',#9110,#7393,#7394);
#6161=AXIS2_PLACEMENT_3D('',#9114,#7397,#7398);
#6162=AXIS2_PLACEMENT_3D('',#9118,#7401,#7402);
#6163=AXIS2_PLACEMENT_3D('',#9122,#7405,#7406);
#6164=AXIS2_PLACEMENT_3D('',#9126,#7409,#7410);
#6165=AXIS2_PLACEMENT_3D('',#9129,#7412,#7413);
#6166=AXIS2_PLACEMENT_3D('',#9136,#7417,#7418);
#6167=AXIS2_PLACEMENT_3D('',#9139,#7421,#7422);
#6168=AXIS2_PLACEMENT_3D('',#9143,#7425,#7426);
#6169=AXIS2_PLACEMENT_3D('',#9147,#7429,#7430);
#6170=AXIS2_PLACEMENT_3D('',#9149,#7432,#7433);
#6171=AXIS2_PLACEMENT_3D('',#9150,#7434,#7435);
#6172=AXIS2_PLACEMENT_3D('',#9152,#7436,#7437);
#6173=AXIS2_PLACEMENT_3D('',#9154,#7438,#7439);
#6174=AXIS2_PLACEMENT_3D('',#9156,#7440,#7441);
#6175=AXIS2_PLACEMENT_3D('',#9158,#7443,#7444);
#6176=AXIS2_PLACEMENT_3D('',#9159,#7445,#7446);
#6177=AXIS2_PLACEMENT_3D('',#9161,#7447,#7448);
#6178=AXIS2_PLACEMENT_3D('',#9163,#7449,#7450);
#6179=AXIS2_PLACEMENT_3D('',#9166,#7452,#7453);
#6180=AXIS2_PLACEMENT_3D('',#9167,#7454,#7455);
#6181=AXIS2_PLACEMENT_3D('',#9168,#7456,#7457);
#6182=AXIS2_PLACEMENT_3D('',#9170,#7458,#7459);
#6183=AXIS2_PLACEMENT_3D('',#9172,#7460,#7461);
#6184=AXIS2_PLACEMENT_3D('',#9173,#7462,#7463);
#6185=AXIS2_PLACEMENT_3D('',#9174,#7464,#7465);
#6186=AXIS2_PLACEMENT_3D('',#9175,#7466,#7467);
#6187=AXIS2_PLACEMENT_3D('',#9177,#7468,#7469);
#6188=AXIS2_PLACEMENT_3D('',#9178,#7470,#7471);
#6189=AXIS2_PLACEMENT_3D('',#9180,#7472,#7473);
#6190=AXIS2_PLACEMENT_3D('',#9181,#7474,#7475);
#6191=AXIS2_PLACEMENT_3D('',#9183,#7476,#7477);
#6192=AXIS2_PLACEMENT_3D('',#9184,#7478,#7479);
#6193=AXIS2_PLACEMENT_3D('',#9185,#7480,#7481);
#6194=AXIS2_PLACEMENT_3D('',#9187,#7482,#7483);
#6195=AXIS2_PLACEMENT_3D('',#9188,#7484,#7485);
#6196=AXIS2_PLACEMENT_3D('',#9190,#7486,#7487);
#6197=AXIS2_PLACEMENT_3D('',#9191,#7488,#7489);
#6198=AXIS2_PLACEMENT_3D('',#9193,#7490,#7491);
#6199=AXIS2_PLACEMENT_3D('',#9194,#7492,#7493);
#6200=AXIS2_PLACEMENT_3D('',#9200,#7497,#7498);
#6201=AXIS2_PLACEMENT_3D('',#9204,#7501,#7502);
#6202=AXIS2_PLACEMENT_3D('',#9208,#7505,#7506);
#6203=AXIS2_PLACEMENT_3D('',#9210,#7508,#7509);
#6204=AXIS2_PLACEMENT_3D('',#9211,#7510,#7511);
#6205=AXIS2_PLACEMENT_3D('',#9212,#7512,#7513);
#6206=AXIS2_PLACEMENT_3D('',#9214,#7514,#7515);
#6207=AXIS2_PLACEMENT_3D('',#9216,#7516,#7517);
#6208=AXIS2_PLACEMENT_3D('',#9217,#7518,#7519);
#6209=AXIS2_PLACEMENT_3D('',#9219,#7520,#7521);
#6210=AXIS2_PLACEMENT_3D('',#9220,#7522,#7523);
#6211=AXIS2_PLACEMENT_3D('',#9222,#7524,#7525);
#6212=AXIS2_PLACEMENT_3D('',#9223,#7526,#7527);
#6213=AXIS2_PLACEMENT_3D('',#9225,#7528,#7529);
#6214=AXIS2_PLACEMENT_3D('',#9226,#7530,#7531);
#6215=AXIS2_PLACEMENT_3D('',#9228,#7532,#7533);
#6216=AXIS2_PLACEMENT_3D('',#9229,#7534,#7535);
#6217=AXIS2_PLACEMENT_3D('',#9230,#7536,#7537);
#6218=AXIS2_PLACEMENT_3D('',#9232,#7538,#7539);
#6219=AXIS2_PLACEMENT_3D('',#9234,#7540,#7541);
#6220=AXIS2_PLACEMENT_3D('',#9235,#7542,#7543);
#6221=AXIS2_PLACEMENT_3D('',#9236,#7544,#7545);
#6222=AXIS2_PLACEMENT_3D('',#9237,#7546,#7547);
#6223=AXIS2_PLACEMENT_3D('',#9239,#7548,#7549);
#6224=AXIS2_PLACEMENT_3D('',#9241,#7550,#7551);
#6225=AXIS2_PLACEMENT_3D('',#9242,#7552,#7553);
#6226=AXIS2_PLACEMENT_3D('',#9243,#7554,#7555);
#6227=AXIS2_PLACEMENT_3D('',#9244,#7556,#7557);
#6228=AXIS2_PLACEMENT_3D('',#9246,#7558,#7559);
#6229=AXIS2_PLACEMENT_3D('',#9248,#7560,#7561);
#6230=AXIS2_PLACEMENT_3D('',#9249,#7562,#7563);
#6231=AXIS2_PLACEMENT_3D('',#9250,#7564,#7565);
#6232=AXIS2_PLACEMENT_3D('',#9251,#7566,#7567);
#6233=AXIS2_PLACEMENT_3D('',#9253,#7568,#7569);
#6234=AXIS2_PLACEMENT_3D('',#9255,#7570,#7571);
#6235=AXIS2_PLACEMENT_3D('',#9256,#7572,#7573);
#6236=AXIS2_PLACEMENT_3D('',#9257,#7574,#7575);
#6237=AXIS2_PLACEMENT_3D('',#9258,#7576,#7577);
#6238=AXIS2_PLACEMENT_3D('',#9260,#7578,#7579);
#6239=AXIS2_PLACEMENT_3D('',#9262,#7580,#7581);
#6240=AXIS2_PLACEMENT_3D('',#9263,#7582,#7583);
#6241=AXIS2_PLACEMENT_3D('',#9264,#7584,#7585);
#6242=AXIS2_PLACEMENT_3D('',#9265,#7586,#7587);
#6243=AXIS2_PLACEMENT_3D('',#9267,#7588,#7589);
#6244=AXIS2_PLACEMENT_3D('',#9269,#7590,#7591);
#6245=AXIS2_PLACEMENT_3D('',#9270,#7592,#7593);
#6246=AXIS2_PLACEMENT_3D('',#9271,#7594,#7595);
#6247=AXIS2_PLACEMENT_3D('',#9272,#7596,#7597);
#6248=AXIS2_PLACEMENT_3D('',#9274,#7598,#7599);
#6249=AXIS2_PLACEMENT_3D('',#9276,#7600,#7601);
#6250=AXIS2_PLACEMENT_3D('',#9277,#7602,#7603);
#6251=AXIS2_PLACEMENT_3D('',#9278,#7604,#7605);
#6252=AXIS2_PLACEMENT_3D('',#9279,#7606,#7607);
#6253=AXIS2_PLACEMENT_3D('',#9281,#7608,#7609);
#6254=AXIS2_PLACEMENT_3D('',#9283,#7610,#7611);
#6255=AXIS2_PLACEMENT_3D('',#9284,#7612,#7613);
#6256=AXIS2_PLACEMENT_3D('',#9285,#7614,#7615);
#6257=AXIS2_PLACEMENT_3D('',#9286,#7616,#7617);
#6258=AXIS2_PLACEMENT_3D('',#9288,#7618,#7619);
#6259=AXIS2_PLACEMENT_3D('',#9290,#7620,#7621);
#6260=AXIS2_PLACEMENT_3D('',#9291,#7622,#7623);
#6261=AXIS2_PLACEMENT_3D('',#9293,#7624,#7625);
#6262=AXIS2_PLACEMENT_3D('',#9294,#7626,#7627);
#6263=AXIS2_PLACEMENT_3D('',#9296,#7628,#7629);
#6264=AXIS2_PLACEMENT_3D('',#9297,#7630,#7631);
#6265=AXIS2_PLACEMENT_3D('',#9299,#7632,#7633);
#6266=AXIS2_PLACEMENT_3D('',#9300,#7634,#7635);
#6267=AXIS2_PLACEMENT_3D('',#9302,#7636,#7637);
#6268=AXIS2_PLACEMENT_3D('',#9303,#7638,#7639);
#6269=AXIS2_PLACEMENT_3D('',#9304,#7640,#7641);
#6270=AXIS2_PLACEMENT_3D('',#9306,#7642,#7643);
#6271=AXIS2_PLACEMENT_3D('',#9308,#7644,#7645);
#6272=AXIS2_PLACEMENT_3D('',#9309,#7646,#7647);
#6273=AXIS2_PLACEMENT_3D('',#9310,#7648,#7649);
#6274=AXIS2_PLACEMENT_3D('',#9311,#7650,#7651);
#6275=AXIS2_PLACEMENT_3D('',#9313,#7652,#7653);
#6276=AXIS2_PLACEMENT_3D('',#9315,#7654,#7655);
#6277=AXIS2_PLACEMENT_3D('',#9316,#7656,#7657);
#6278=AXIS2_PLACEMENT_3D('',#9317,#7658,#7659);
#6279=AXIS2_PLACEMENT_3D('',#9318,#7660,#7661);
#6280=AXIS2_PLACEMENT_3D('',#9320,#7662,#7663);
#6281=AXIS2_PLACEMENT_3D('',#9322,#7664,#7665);
#6282=AXIS2_PLACEMENT_3D('',#9324,#7666,#7667);
#6283=AXIS2_PLACEMENT_3D('',#9326,#7668,#7669);
#6284=AXIS2_PLACEMENT_3D('',#9328,#7670,#7671);
#6285=AXIS2_PLACEMENT_3D('',#9329,#7672,#7673);
#6286=AXIS2_PLACEMENT_3D('',#9331,#7674,#7675);
#6287=AXIS2_PLACEMENT_3D('',#9332,#7676,#7677);
#6288=AXIS2_PLACEMENT_3D('',#9333,#7678,#7679);
#6289=AXIS2_PLACEMENT_3D('',#9335,#7680,#7681);
#6290=AXIS2_PLACEMENT_3D('',#9336,#7682,#7683);
#6291=AXIS2_PLACEMENT_3D('',#9337,#7684,#7685);
#6292=AXIS2_PLACEMENT_3D('',#9339,#7686,#7687);
#6293=AXIS2_PLACEMENT_3D('',#9340,#7688,#7689);
#6294=AXIS2_PLACEMENT_3D('',#9341,#7690,#7691);
#6295=AXIS2_PLACEMENT_3D('',#9343,#7692,#7693);
#6296=AXIS2_PLACEMENT_3D('',#9344,#7694,#7695);
#6297=AXIS2_PLACEMENT_3D('',#9345,#7696,#7697);
#6298=AXIS2_PLACEMENT_3D('',#9347,#7698,#7699);
#6299=AXIS2_PLACEMENT_3D('',#9348,#7700,#7701);
#6300=AXIS2_PLACEMENT_3D('',#9349,#7702,#7703);
#6301=AXIS2_PLACEMENT_3D('',#9351,#7704,#7705);
#6302=AXIS2_PLACEMENT_3D('',#9353,#7706,#7707);
#6303=AXIS2_PLACEMENT_3D('',#9354,#7708,#7709);
#6304=AXIS2_PLACEMENT_3D('',#9355,#7710,#7711);
#6305=AXIS2_PLACEMENT_3D('',#9356,#7712,#7713);
#6306=AXIS2_PLACEMENT_3D('',#9358,#7714,#7715);
#6307=AXIS2_PLACEMENT_3D('',#9360,#7716,#7717);
#6308=AXIS2_PLACEMENT_3D('',#9361,#7718,#7719);
#6309=AXIS2_PLACEMENT_3D('',#9362,#7720,#7721);
#6310=AXIS2_PLACEMENT_3D('',#9363,#7722,#7723);
#6311=AXIS2_PLACEMENT_3D('',#9365,#7724,#7725);
#6312=AXIS2_PLACEMENT_3D('',#9367,#7726,#7727);
#6313=AXIS2_PLACEMENT_3D('',#9368,#7728,#7729);
#6314=AXIS2_PLACEMENT_3D('',#9369,#7730,#7731);
#6315=AXIS2_PLACEMENT_3D('',#9370,#7732,#7733);
#6316=AXIS2_PLACEMENT_3D('',#9372,#7734,#7735);
#6317=AXIS2_PLACEMENT_3D('',#9374,#7736,#7737);
#6318=AXIS2_PLACEMENT_3D('',#9375,#7738,#7739);
#6319=AXIS2_PLACEMENT_3D('',#9376,#7740,#7741);
#6320=AXIS2_PLACEMENT_3D('',#9401,#7754,#7755);
#6321=AXIS2_PLACEMENT_3D('',#9402,#7756,#7757);
#6322=AXIS2_PLACEMENT_3D('',#9413,#7763,#7764);
#6323=AXIS2_PLACEMENT_3D('',#9419,#7768,#7769);
#6324=AXIS2_PLACEMENT_3D('',#9431,#7776,#7777);
#6325=AXIS2_PLACEMENT_3D('',#9435,#7780,#7781);
#6326=AXIS2_PLACEMENT_3D('',#9439,#7784,#7785);
#6327=AXIS2_PLACEMENT_3D('',#9443,#7788,#7789);
#6328=AXIS2_PLACEMENT_3D('',#9447,#7792,#7793);
#6329=AXIS2_PLACEMENT_3D('',#9450,#7795,#7796);
#6330=AXIS2_PLACEMENT_3D('',#9457,#7800,#7801);
#6331=AXIS2_PLACEMENT_3D('',#9460,#7804,#7805);
#6332=AXIS2_PLACEMENT_3D('',#9464,#7808,#7809);
#6333=AXIS2_PLACEMENT_3D('',#9468,#7812,#7813);
#6334=AXIS2_PLACEMENT_3D('',#9470,#7815,#7816);
#6335=AXIS2_PLACEMENT_3D('',#9471,#7817,#7818);
#6336=AXIS2_PLACEMENT_3D('',#9473,#7819,#7820);
#6337=AXIS2_PLACEMENT_3D('',#9475,#7821,#7822);
#6338=AXIS2_PLACEMENT_3D('',#9477,#7823,#7824);
#6339=AXIS2_PLACEMENT_3D('',#9479,#7826,#7827);
#6340=AXIS2_PLACEMENT_3D('',#9480,#7828,#7829);
#6341=AXIS2_PLACEMENT_3D('',#9482,#7830,#7831);
#6342=AXIS2_PLACEMENT_3D('',#9484,#7832,#7833);
#6343=AXIS2_PLACEMENT_3D('',#9487,#7835,#7836);
#6344=AXIS2_PLACEMENT_3D('',#9488,#7837,#7838);
#6345=AXIS2_PLACEMENT_3D('',#9489,#7839,#7840);
#6346=AXIS2_PLACEMENT_3D('',#9491,#7841,#7842);
#6347=AXIS2_PLACEMENT_3D('',#9493,#7843,#7844);
#6348=AXIS2_PLACEMENT_3D('',#9494,#7845,#7846);
#6349=AXIS2_PLACEMENT_3D('',#9495,#7847,#7848);
#6350=AXIS2_PLACEMENT_3D('',#9496,#7849,#7850);
#6351=AXIS2_PLACEMENT_3D('',#9498,#7851,#7852);
#6352=AXIS2_PLACEMENT_3D('',#9499,#7853,#7854);
#6353=AXIS2_PLACEMENT_3D('',#9501,#7855,#7856);
#6354=AXIS2_PLACEMENT_3D('',#9502,#7857,#7858);
#6355=AXIS2_PLACEMENT_3D('',#9504,#7859,#7860);
#6356=AXIS2_PLACEMENT_3D('',#9505,#7861,#7862);
#6357=AXIS2_PLACEMENT_3D('',#9506,#7863,#7864);
#6358=AXIS2_PLACEMENT_3D('',#9508,#7865,#7866);
#6359=AXIS2_PLACEMENT_3D('',#9509,#7867,#7868);
#6360=AXIS2_PLACEMENT_3D('',#9511,#7869,#7870);
#6361=AXIS2_PLACEMENT_3D('',#9512,#7871,#7872);
#6362=AXIS2_PLACEMENT_3D('',#9514,#7873,#7874);
#6363=AXIS2_PLACEMENT_3D('',#9515,#7875,#7876);
#6364=AXIS2_PLACEMENT_3D('',#9521,#7880,#7881);
#6365=AXIS2_PLACEMENT_3D('',#9525,#7884,#7885);
#6366=AXIS2_PLACEMENT_3D('',#9529,#7888,#7889);
#6367=AXIS2_PLACEMENT_3D('',#9531,#7891,#7892);
#6368=AXIS2_PLACEMENT_3D('',#9532,#7893,#7894);
#6369=AXIS2_PLACEMENT_3D('',#9533,#7895,#7896);
#6370=AXIS2_PLACEMENT_3D('',#9535,#7897,#7898);
#6371=AXIS2_PLACEMENT_3D('',#9537,#7899,#7900);
#6372=AXIS2_PLACEMENT_3D('',#9538,#7901,#7902);
#6373=AXIS2_PLACEMENT_3D('',#9540,#7903,#7904);
#6374=AXIS2_PLACEMENT_3D('',#9541,#7905,#7906);
#6375=AXIS2_PLACEMENT_3D('',#9543,#7907,#7908);
#6376=AXIS2_PLACEMENT_3D('',#9544,#7909,#7910);
#6377=AXIS2_PLACEMENT_3D('',#9546,#7911,#7912);
#6378=AXIS2_PLACEMENT_3D('',#9547,#7913,#7914);
#6379=AXIS2_PLACEMENT_3D('',#9549,#7915,#7916);
#6380=AXIS2_PLACEMENT_3D('',#9550,#7917,#7918);
#6381=AXIS2_PLACEMENT_3D('',#9551,#7919,#7920);
#6382=AXIS2_PLACEMENT_3D('',#9553,#7921,#7922);
#6383=AXIS2_PLACEMENT_3D('',#9555,#7923,#7924);
#6384=AXIS2_PLACEMENT_3D('',#9556,#7925,#7926);
#6385=AXIS2_PLACEMENT_3D('',#9558,#7927,#7928);
#6386=AXIS2_PLACEMENT_3D('',#9559,#7929,#7930);
#6387=AXIS2_PLACEMENT_3D('',#9561,#7931,#7932);
#6388=AXIS2_PLACEMENT_3D('',#9562,#7933,#7934);
#6389=AXIS2_PLACEMENT_3D('',#9564,#7935,#7936);
#6390=AXIS2_PLACEMENT_3D('',#9565,#7937,#7938);
#6391=AXIS2_PLACEMENT_3D('',#9567,#7939,#7940);
#6392=AXIS2_PLACEMENT_3D('',#9568,#7941,#7942);
#6393=AXIS2_PLACEMENT_3D('',#9569,#7943,#7944);
#6394=AXIS2_PLACEMENT_3D('',#9571,#7945,#7946);
#6395=AXIS2_PLACEMENT_3D('',#9573,#7947,#7948);
#6396=AXIS2_PLACEMENT_3D('',#9574,#7949,#7950);
#6397=AXIS2_PLACEMENT_3D('',#9576,#7951,#7952);
#6398=AXIS2_PLACEMENT_3D('',#9577,#7953,#7954);
#6399=AXIS2_PLACEMENT_3D('',#9579,#7955,#7956);
#6400=AXIS2_PLACEMENT_3D('',#9580,#7957,#7958);
#6401=AXIS2_PLACEMENT_3D('',#9582,#7959,#7960);
#6402=AXIS2_PLACEMENT_3D('',#9583,#7961,#7962);
#6403=AXIS2_PLACEMENT_3D('',#9585,#7963,#7964);
#6404=AXIS2_PLACEMENT_3D('',#9586,#7965,#7966);
#6405=DIRECTION('',(0.,0.,1.));
#6406=DIRECTION('',(1.,0.,0.));
#6407=DIRECTION('',(0.,0.,1.));
#6408=DIRECTION('',(1.,0.,0.));
#6409=DIRECTION('',(1.,0.,0.));
#6410=DIRECTION('',(0.,0.,1.));
#6411=DIRECTION('',(1.,0.,0.));
#6412=DIRECTION('',(0.,0.,1.));
#6413=DIRECTION('',(-1.,0.,0.));
#6414=DIRECTION('',(0.,0.,-1.));
#6415=DIRECTION('',(1.,0.,0.));
#6416=DIRECTION('',(0.,0.,1.));
#6417=DIRECTION('',(1.,0.,0.));
#6418=DIRECTION('',(0.,0.,1.));
#6419=DIRECTION('',(1.,0.,0.));
#6420=DIRECTION('',(0.,0.,1.));
#6421=DIRECTION('',(1.,0.,0.));
#6422=DIRECTION('',(0.,0.,1.));
#6423=DIRECTION('',(1.,0.,0.));
#6424=DIRECTION('',(0.,0.,1.));
#6425=DIRECTION('',(-1.,0.,0.));
#6426=DIRECTION('',(-5.97483035993117E-17,0.,-1.));
#6427=DIRECTION('',(1.,0.,0.));
#6428=DIRECTION('',(0.,0.,1.));
#6429=DIRECTION('',(1.,0.,0.));
#6430=DIRECTION('',(0.,0.,1.));
#6431=DIRECTION('',(1.,0.,0.));
#6432=DIRECTION('',(7.16765845379142E-17,0.,1.));
#6433=DIRECTION('',(0.,0.,1.));
#6434=DIRECTION('',(0.,-1.,0.));
#6435=DIRECTION('',(0.,0.,-1.));
#6436=DIRECTION('',(0.,1.,0.));
#6437=DIRECTION('',(0.,0.,1.));
#6438=DIRECTION('',(0.,-1.,0.));
#6439=DIRECTION('',(0.,0.,-1.));
#6440=DIRECTION('',(0.,1.,0.));
#6441=DIRECTION('',(0.,0.,1.));
#6442=DIRECTION('',(0.,-1.,0.));
#6443=DIRECTION('',(0.,0.,-1.));
#6444=DIRECTION('',(0.,1.,0.));
#6445=DIRECTION('',(1.,0.,0.));
#6446=DIRECTION('',(0.,0.,-1.));
#6447=DIRECTION('',(0.,0.,1.));
#6448=DIRECTION('',(0.,-1.,0.));
#6449=DIRECTION('',(0.,0.,1.));
#6450=DIRECTION('',(0.,1.,0.));
#6451=DIRECTION('',(0.,0.,-1.));
#6452=DIRECTION('',(0.,-1.,0.));
#6453=DIRECTION('',(0.,0.,1.));
#6454=DIRECTION('',(0.,1.,0.));
#6455=DIRECTION('',(0.,0.,1.));
#6456=DIRECTION('',(0.,-1.,0.));
#6457=DIRECTION('',(0.,0.,-1.));
#6458=DIRECTION('',(0.,1.,0.));
#6459=DIRECTION('',(-1.,0.,0.));
#6460=DIRECTION('',(0.,0.,1.));
#6461=DIRECTION('',(1.,0.,0.));
#6462=DIRECTION('',(0.,1.,0.));
#6463=DIRECTION('',(1.,0.,2.10269512239659E-16));
#6464=DIRECTION('',(0.,1.,0.));
#6465=DIRECTION('',(1.,0.,0.));
#6466=DIRECTION('',(0.,0.,-1.));
#6467=DIRECTION('',(0.,1.,0.));
#6468=DIRECTION('',(0.999999999999999,0.,0.));
#6469=DIRECTION('',(0.,1.,0.));
#6470=DIRECTION('',(1.,0.,2.10269512239659E-16));
#6471=DIRECTION('',(-1.,0.,0.));
#6472=DIRECTION('',(0.,1.,0.));
#6473=DIRECTION('',(1.,0.,0.));
#6474=DIRECTION('',(0.,0.,-1.));
#6475=DIRECTION('',(0.,1.,0.));
#6476=DIRECTION('',(1.,0.,0.));
#6477=DIRECTION('',(0.,1.,0.));
#6478=DIRECTION('',(0.,0.,-1.));
#6479=DIRECTION('',(-1.,0.,0.));
#6480=DIRECTION('',(0.,1.,0.));
#6481=DIRECTION('',(1.,0.,2.10269512239659E-16));
#6482=DIRECTION('',(0.,1.,0.));
#6483=DIRECTION('',(1.,0.,0.));
#6484=DIRECTION('',(0.,0.,1.));
#6485=DIRECTION('',(0.,1.,0.));
#6486=DIRECTION('',(0.999999999999999,0.,0.));
#6487=DIRECTION('',(0.,1.,0.));
#6488=DIRECTION('',(1.,0.,2.10269512239659E-16));
#6489=DIRECTION('',(1.,0.,0.));
#6490=DIRECTION('',(0.,1.,0.));
#6491=DIRECTION('',(1.,0.,0.));
#6492=DIRECTION('',(0.,0.,1.));
#6493=DIRECTION('',(0.,1.,0.));
#6494=DIRECTION('',(1.,0.,0.));
#6495=DIRECTION('',(0.,1.,0.));
#6496=DIRECTION('',(0.,0.,-1.));
#6497=DIRECTION('',(0.,1.,0.));
#6498=DIRECTION('',(0.,0.,-1.));
#6499=DIRECTION('',(0.,1.,0.));
#6500=DIRECTION('',(0.,-1.,0.));
#6501=DIRECTION('',(0.,0.,1.));
#6502=DIRECTION('',(0.,1.,0.));
#6503=DIRECTION('',(0.,1.,0.));
#6504=DIRECTION('',(0.,0.,-1.));
#6505=DIRECTION('',(0.,-1.,0.));
#6506=DIRECTION('',(0.,-1.,0.));
#6507=DIRECTION('',(0.,0.,1.));
#6508=DIRECTION('',(0.,-1.,0.));
#6509=DIRECTION('',(0.,1.,0.));
#6510=DIRECTION('',(0.,0.,-1.));
#6511=DIRECTION('',(0.,-1.,0.));
#6512=DIRECTION('',(0.,1.,0.));
#6513=DIRECTION('',(1.,0.,2.10269512239659E-16));
#6514=DIRECTION('',(0.,-1.,0.));
#6515=DIRECTION('',(0.,-1.,0.));
#6516=DIRECTION('',(0.,0.,1.));
#6517=DIRECTION('',(0.,-1.,0.));
#6518=DIRECTION('',(0.,1.,0.));
#6519=DIRECTION('',(1.,0.,2.10269512239659E-16));
#6520=DIRECTION('',(0.,-1.,0.));
#6521=DIRECTION('',(0.,1.,0.));
#6522=DIRECTION('',(0.,0.,-1.));
#6523=DIRECTION('',(0.,1.,0.));
#6524=DIRECTION('',(0.,-1.,0.));
#6525=DIRECTION('',(0.,0.,1.));
#6526=DIRECTION('',(0.,1.,0.));
#6527=DIRECTION('',(0.,1.,0.));
#6528=DIRECTION('',(0.,0.,-1.));
#6529=DIRECTION('',(0.,-1.,0.));
#6530=DIRECTION('',(0.,-1.,0.));
#6531=DIRECTION('',(0.,0.,1.));
#6532=DIRECTION('',(0.,-1.,0.));
#6533=DIRECTION('',(0.,1.,0.));
#6534=DIRECTION('',(0.,0.,-1.));
#6535=DIRECTION('',(0.,-1.,0.));
#6536=DIRECTION('',(0.,0.,1.));
#6537=DIRECTION('',(0.,1.,0.));
#6538=DIRECTION('',(1.,0.,2.10588585854566E-16));
#6539=DIRECTION('',(0.,1.,0.));
#6540=DIRECTION('',(1.,0.,0.));
#6541=DIRECTION('',(0.,0.,1.));
#6542=DIRECTION('',(0.,1.,0.));
#6543=DIRECTION('',(0.999999999999999,0.,0.));
#6544=DIRECTION('',(0.,1.,0.));
#6545=DIRECTION('',(1.,0.,2.10588585854566E-16));
#6546=DIRECTION('',(0.,0.,-1.));
#6547=DIRECTION('',(0.,1.,0.));
#6548=DIRECTION('',(1.,0.,2.10269512239778E-16));
#6549=DIRECTION('',(0.,1.,0.));
#6550=DIRECTION('',(1.,0.,0.));
#6551=DIRECTION('',(0.,0.,1.));
#6552=DIRECTION('',(0.,1.,0.));
#6553=DIRECTION('',(0.999999999999999,0.,0.));
#6554=DIRECTION('',(0.,1.,0.));
#6555=DIRECTION('',(1.,0.,2.10269512239727E-16));
#6556=DIRECTION('',(0.,0.,-1.));
#6557=DIRECTION('',(0.,1.,0.));
#6558=DIRECTION('',(0.,0.,-1.));
#6559=DIRECTION('',(1.,0.,0.));
#6560=DIRECTION('',(0.,0.,-1.));
#6561=DIRECTION('',(1.,0.,0.));
#6562=DIRECTION('',(0.,0.,-1.));
#6563=DIRECTION('',(0.,0.,-1.));
#6564=DIRECTION('',(0.,-1.,0.));
#6565=DIRECTION('',(0.,0.,-1.));
#6566=DIRECTION('',(0.,-1.,0.));
#6567=DIRECTION('',(-1.,0.,0.));
#6568=DIRECTION('',(0.,0.,1.));
#6569=DIRECTION('',(0.,1.,0.));
#6570=DIRECTION('',(0.999999999999999,0.,0.));
#6571=DIRECTION('',(0.,-1.,0.));
#6572=DIRECTION('',(0.,1.,0.));
#6573=DIRECTION('',(0.999999999999999,0.,0.));
#6574=DIRECTION('',(0.,-1.,0.));
#6575=DIRECTION('',(0.,0.,1.));
#6576=DIRECTION('',(0.,1.,0.));
#6577=DIRECTION('',(1.,0.,2.10269512239727E-16));
#6578=DIRECTION('',(0.,-1.,0.));
#6579=DIRECTION('',(0.,1.,0.));
#6580=DIRECTION('',(1.,0.,2.10269512239727E-16));
#6581=DIRECTION('',(0.,-1.,0.));
#6582=DIRECTION('',(0.,0.,1.));
#6583=DIRECTION('',(0.,0.,1.));
#6584=DIRECTION('',(0.,-1.,0.));
#6585=DIRECTION('',(0.,0.,1.));
#6586=DIRECTION('',(0.,0.,1.));
#6587=DIRECTION('',(1.,0.,0.));
#6588=DIRECTION('',(0.,0.,-1.));
#6589=DIRECTION('',(1.,0.,0.));
#6590=DIRECTION('',(0.,-1.,0.));
#6591=DIRECTION('',(1.,0.,0.));
#6592=DIRECTION('',(0.,0.,-1.));
#6593=DIRECTION('',(-1.,0.,0.));
#6594=DIRECTION('',(0.,0.,1.));
#6595=DIRECTION('',(0.,-1.,0.));
#6596=DIRECTION('',(0.,0.,1.));
#6597=DIRECTION('',(1.,0.,0.));
#6598=DIRECTION('',(0.,0.,-1.));
#6599=DIRECTION('',(-1.,0.,0.));
#6600=DIRECTION('',(0.,-1.,0.));
#6601=DIRECTION('',(-1.,0.,0.));
#6602=DIRECTION('',(0.,0.,1.));
#6603=DIRECTION('',(1.,0.,0.));
#6604=DIRECTION('',(0.,0.,-1.));
#6605=DIRECTION('',(0.,-1.,0.));
#6606=DIRECTION('',(0.,0.,-1.));
#6607=DIRECTION('',(-1.,0.,0.));
#6608=DIRECTION('',(0.,0.,1.));
#6609=DIRECTION('',(1.,0.,0.));
#6610=DIRECTION('',(0.,-1.,0.));
#6611=DIRECTION('',(1.,0.,0.));
#6612=DIRECTION('',(0.,0.,-1.));
#6613=DIRECTION('',(-1.,0.,0.));
#6614=DIRECTION('',(0.,0.,-1.));
#6615=DIRECTION('',(0.,-1.,0.));
#6616=DIRECTION('',(0.,0.,-1.));
#6617=DIRECTION('',(-1.,0.,0.));
#6618=DIRECTION('',(0.,0.,1.));
#6619=DIRECTION('',(0.,1.,0.));
#6620=DIRECTION('',(1.,0.,2.10269512239778E-16));
#6621=DIRECTION('',(0.,-1.,0.));
#6622=DIRECTION('',(0.,-1.,0.));
#6623=DIRECTION('',(0.,0.,1.));
#6624=DIRECTION('',(0.,1.,0.));
#6625=DIRECTION('',(1.,0.,0.));
#6626=DIRECTION('',(0.,-1.,0.));
#6627=DIRECTION('',(0.,-1.,0.));
#6628=DIRECTION('',(0.,0.,0.999999999999997));
#6629=DIRECTION('',(1.,0.,0.));
#6630=DIRECTION('',(0.,0.,-1.));
#6631=DIRECTION('',(1.,0.,0.));
#6632=DIRECTION('',(0.,0.,-1.));
#6633=DIRECTION('',(0.,0.,1.));
#6634=DIRECTION('',(0.,-1.,0.));
#6635=DIRECTION('',(1.,0.,0.));
#6636=DIRECTION('',(0.,0.,-1.));
#6637=DIRECTION('',(0.,1.,0.));
#6638=DIRECTION('',(0.999999999999999,0.,0.));
#6639=DIRECTION('',(0.,-1.,0.));
#6640=DIRECTION('',(0.,-1.,0.));
#6641=DIRECTION('',(0.,0.,1.));
#6642=DIRECTION('',(0.,1.,0.));
#6643=DIRECTION('',(1.,0.,2.10269512239727E-16));
#6644=DIRECTION('',(0.,-1.,0.));
#6645=DIRECTION('',(0.,-1.,0.));
#6646=DIRECTION('',(0.,0.,1.));
#6647=DIRECTION('',(0.,0.,-1.));
#6648=DIRECTION('',(0.,-1.,0.));
#6649=DIRECTION('',(0.,0.,-1.));
#6650=DIRECTION('',(-1.,0.,0.));
#6651=DIRECTION('',(0.,0.,1.));
#6652=DIRECTION('',(-1.,0.,0.));
#6653=DIRECTION('',(0.,-1.,0.));
#6654=DIRECTION('',(-1.,0.,0.));
#6655=DIRECTION('',(0.,0.,1.));
#6656=DIRECTION('',(1.,0.,0.));
#6657=DIRECTION('',(0.,0.,-1.));
#6658=DIRECTION('',(0.,-1.,0.));
#6659=DIRECTION('',(0.,0.,-1.));
#6660=DIRECTION('',(-1.,0.,0.));
#6661=DIRECTION('',(0.,0.,1.));
#6662=DIRECTION('',(1.,0.,0.));
#6663=DIRECTION('',(0.,-1.,0.));
#6664=DIRECTION('',(1.,0.,0.));
#6665=DIRECTION('',(0.,0.,-1.));
#6666=DIRECTION('',(-1.,0.,0.));
#6667=DIRECTION('',(0.,0.,1.));
#6668=DIRECTION('',(0.,-1.,0.));
#6669=DIRECTION('',(0.,0.,1.));
#6670=DIRECTION('',(1.,0.,0.));
#6671=DIRECTION('',(0.,0.,-1.));
#6672=DIRECTION('',(-1.,0.,0.));
#6673=DIRECTION('',(0.,-1.,0.));
#6674=DIRECTION('',(-1.,0.,0.));
#6675=DIRECTION('',(0.,0.,1.));
#6676=DIRECTION('',(1.,0.,0.));
#6677=DIRECTION('',(0.,0.,1.));
#6678=DIRECTION('',(0.,-1.,0.));
#6679=DIRECTION('',(0.,0.,1.));
#6680=DIRECTION('',(0.,0.,1.));
#6681=DIRECTION('',(1.,0.,0.));
#6682=DIRECTION('',(0.,0.,-1.));
#6683=DIRECTION('',(0.,-1.,0.));
#6684=DIRECTION('',(0.,-1.,0.));
#6685=DIRECTION('',(0.,0.,1.));
#6686=DIRECTION('',(0.,1.,0.));
#6687=DIRECTION('',(0.,0.,-1.));
#6688=DIRECTION('',(0.,-1.,0.));
#6689=DIRECTION('',(0.,-1.,0.));
#6690=DIRECTION('',(0.,0.,1.));
#6691=DIRECTION('',(0.,1.,0.));
#6692=DIRECTION('',(0.,0.,-1.));
#6693=DIRECTION('',(0.,1.,0.));
#6694=DIRECTION('',(1.,0.,2.10269512239778E-16));
#6695=DIRECTION('',(0.,-1.,0.));
#6696=DIRECTION('',(0.,1.,0.));
#6697=DIRECTION('',(1.,0.,2.10269512239778E-16));
#6698=DIRECTION('',(0.,-1.,0.));
#6699=DIRECTION('',(0.,0.,1.));
#6700=DIRECTION('',(0.,1.,0.));
#6701=DIRECTION('',(1.,0.,0.));
#6702=DIRECTION('',(0.,1.,0.));
#6703=DIRECTION('',(1.,0.,0.));
#6704=DIRECTION('',(0.,-1.,0.));
#6705=DIRECTION('',(0.,0.,0.999999999999997));
#6706=DIRECTION('',(0.,1.,0.));
#6707=DIRECTION('',(1.,0.,2.10588585854566E-16));
#6708=DIRECTION('',(0.,1.,0.));
#6709=DIRECTION('',(1.,0.,2.10588585854566E-16));
#6710=DIRECTION('',(0.,1.,0.));
#6711=DIRECTION('',(1.,0.,0.));
#6712=DIRECTION('',(0.,0.,-1.));
#6713=DIRECTION('',(0.,1.,0.));
#6714=DIRECTION('',(0.999999999999999,0.,0.));
#6715=DIRECTION('',(0.,1.,0.));
#6716=DIRECTION('',(0.,0.,-1.));
#6717=DIRECTION('',(0.,1.,0.));
#6718=DIRECTION('',(0.,0.,-1.));
#6719=DIRECTION('',(0.,1.,0.));
#6720=DIRECTION('',(0.,0.,-1.));
#6721=DIRECTION('',(0.,1.,0.));
#6722=DIRECTION('',(0.,0.,-1.));
#6723=DIRECTION('',(0.,1.,0.));
#6724=DIRECTION('',(1.,0.,2.10588585854566E-16));
#6725=DIRECTION('',(0.,1.,0.));
#6726=DIRECTION('',(0.,0.,-1.));
#6727=DIRECTION('',(0.,1.,0.));
#6728=DIRECTION('',(1.,0.,2.10588585854566E-16));
#6729=DIRECTION('',(0.,1.,0.));
#6730=DIRECTION('',(0.,0.,-1.));
#6731=DIRECTION('',(0.,0.,-1.));
#6732=DIRECTION('',(0.,1.,0.));
#6733=DIRECTION('',(0.,1.,0.));
#6734=DIRECTION('',(1.,0.,0.));
#6735=DIRECTION('',(0.,0.,-1.));
#6736=DIRECTION('',(0.,1.,0.));
#6737=DIRECTION('',(1.,0.,0.));
#6738=DIRECTION('',(0.,1.,0.));
#6739=DIRECTION('',(0.,1.,0.));
#6740=DIRECTION('',(0.,0.,-1.));
#6741=DIRECTION('',(0.,1.,0.));
#6742=DIRECTION('',(1.,0.,2.10588585854566E-16));
#6743=DIRECTION('',(0.,1.,0.));
#6744=DIRECTION('',(0.,1.,0.));
#6745=DIRECTION('',(0.,0.,-1.));
#6746=DIRECTION('',(0.,1.,0.));
#6747=DIRECTION('',(0.999999999999999,0.,0.));
#6748=DIRECTION('',(0.,1.,0.));
#6749=DIRECTION('',(0.,1.,0.));
#6750=DIRECTION('',(0.,0.,-0.999999999999999));
#6751=DIRECTION('',(0.,0.,1.));
#6752=DIRECTION('',(0.,1.,0.));
#6753=DIRECTION('',(-1.,0.,0.));
#6754=DIRECTION('',(0.,0.,1.));
#6755=DIRECTION('',(0.,1.,0.));
#6756=DIRECTION('',(1.,0.,0.));
#6757=DIRECTION('',(0.,1.,0.));
#6758=DIRECTION('',(0.,1.,0.));
#6759=DIRECTION('',(0.,0.,-1.));
#6760=DIRECTION('',(0.,1.,0.));
#6761=DIRECTION('',(1.,0.,2.10588585854566E-16));
#6762=DIRECTION('',(0.,1.,0.));
#6763=DIRECTION('',(0.,1.,0.));
#6764=DIRECTION('',(0.,0.,-1.));
#6765=DIRECTION('',(0.,1.,0.));
#6766=DIRECTION('',(0.999999999999999,0.,0.));
#6767=DIRECTION('',(0.,1.,0.));
#6768=DIRECTION('',(0.,0.,-0.999999999999999));
#6769=DIRECTION('',(0.,0.,-1.));
#6770=DIRECTION('',(0.,-1.,0.));
#6771=DIRECTION('',(0.,-1.,0.));
#6772=DIRECTION('',(-1.,0.,0.));
#6773=DIRECTION('',(0.,0.,1.));
#6774=DIRECTION('',(0.,1.,0.));
#6775=DIRECTION('',(0.999999999999999,0.,0.));
#6776=DIRECTION('',(0.,-1.,0.));
#6777=DIRECTION('',(0.,0.,1.));
#6778=DIRECTION('',(0.,1.,0.));
#6779=DIRECTION('',(1.,0.,0.));
#6780=DIRECTION('',(0.,-1.,0.));
#6781=DIRECTION('',(0.,-1.,0.));
#6782=DIRECTION('',(0.,0.,0.999999999999997));
#6783=DIRECTION('',(0.,0.,1.));
#6784=DIRECTION('',(0.,-1.,0.));
#6785=DIRECTION('',(1.,0.,0.));
#6786=DIRECTION('',(0.,0.,-1.));
#6787=DIRECTION('',(0.,1.,0.));
#6788=DIRECTION('',(0.999999999999999,0.,0.));
#6789=DIRECTION('',(0.,-1.,0.));
#6790=DIRECTION('',(0.,0.,1.));
#6791=DIRECTION('',(0.,1.,0.));
#6792=DIRECTION('',(1.,0.,0.));
#6793=DIRECTION('',(0.,-1.,0.));
#6794=DIRECTION('',(0.,0.,0.999999999999997));
#6795=DIRECTION('',(0.,1.,0.));
#6796=DIRECTION('',(0.,0.,-1.));
#6797=DIRECTION('',(0.,0.,-1.));
#6798=DIRECTION('',(0.,0.,-1.));
#6799=DIRECTION('',(-1.,0.,0.));
#6800=DIRECTION('',(0.,0.,1.));
#6801=DIRECTION('',(0.,0.,-1.));
#6802=DIRECTION('',(1.,0.,0.));
#6803=DIRECTION('',(0.,0.,1.));
#6804=DIRECTION('',(-1.,0.,0.));
#6805=DIRECTION('',(0.,0.,-1.));
#6806=DIRECTION('',(1.,0.,0.));
#6807=DIRECTION('',(0.,0.,1.));
#6808=DIRECTION('',(-1.,0.,0.));
#6809=DIRECTION('',(0.,0.,-1.));
#6810=DIRECTION('',(0.,1.,0.));
#6811=DIRECTION('',(0.,0.,-1.));
#6812=DIRECTION('',(0.,0.,-1.));
#6813=DIRECTION('',(1.,0.,0.));
#6814=DIRECTION('',(0.,0.,-1.));
#6815=DIRECTION('',(0.,0.,-1.));
#6816=DIRECTION('',(0.,-1.,0.));
#6817=DIRECTION('',(0.,0.,1.));
#6818=DIRECTION('',(0.,0.,-1.));
#6819=DIRECTION('',(1.,0.,0.));
#6820=DIRECTION('',(0.,0.,-1.));
#6821=DIRECTION('',(0.,1.,0.));
#6822=DIRECTION('',(0.,0.,-1.));
#6823=DIRECTION('',(0.,0.,-1.));
#6824=DIRECTION('',(0.,1.,0.));
#6825=DIRECTION('',(0.,0.,-1.));
#6826=DIRECTION('',(0.,0.,-1.));
#6827=DIRECTION('',(-1.,0.,0.));
#6828=DIRECTION('',(0.,0.,1.));
#6829=DIRECTION('',(0.,-1.,0.));
#6830=DIRECTION('',(0.,0.,1.));
#6831=DIRECTION('',(-1.,0.,0.));
#6832=DIRECTION('',(-1.,0.,0.));
#6833=DIRECTION('',(0.,0.,-1.));
#6834=DIRECTION('',(-1.,0.,0.));
#6835=DIRECTION('',(1.,0.,0.));
#6836=DIRECTION('',(1.,0.,0.));
#6837=DIRECTION('',(0.,0.,1.));
#6838=DIRECTION('',(1.,0.,0.));
#6839=DIRECTION('',(0.,1.,0.));
#6840=DIRECTION('',(0.,0.,-1.));
#6841=DIRECTION('',(-1.,0.,0.));
#6842=DIRECTION('',(0.,1.,0.));
#6843=DIRECTION('',(1.,0.,0.));
#6844=DIRECTION('',(0.,0.,1.));
#6845=DIRECTION('',(0.,1.,0.));
#6846=DIRECTION('',(1.,0.,0.));
#6847=DIRECTION('',(1.,0.,0.));
#6848=DIRECTION('',(1.,0.,0.));
#6849=DIRECTION('',(0.,1.,0.));
#6850=DIRECTION('',(1.,0.,0.));
#6851=DIRECTION('',(0.,0.,-1.));
#6852=DIRECTION('',(0.,1.,0.));
#6853=DIRECTION('',(1.,0.,0.));
#6854=DIRECTION('',(-1.,0.,0.));
#6855=DIRECTION('',(0.,1.,0.));
#6856=DIRECTION('',(0.,0.,-1.));
#6857=DIRECTION('',(0.,1.,0.));
#6858=DIRECTION('',(0.,1.,0.));
#6859=DIRECTION('',(0.,-1.,0.));
#6860=DIRECTION('',(0.,0.,1.));
#6861=DIRECTION('',(0.,1.,0.));
#6862=DIRECTION('',(1.,0.,0.));
#6863=DIRECTION('',(0.,0.,-1.));
#6864=DIRECTION('',(0.,1.,0.));
#6865=DIRECTION('',(0.,-1.,0.));
#6866=DIRECTION('',(0.,0.,1.));
#6867=DIRECTION('',(0.,0.,-1.));
#6868=DIRECTION('',(-1.,0.,0.));
#6869=DIRECTION('',(0.,0.,1.));
#6870=DIRECTION('',(1.,0.,0.));
#6871=DIRECTION('',(0.,1.,0.));
#6872=DIRECTION('',(0.,1.,0.));
#6873=DIRECTION('',(-1.,0.,0.));
#6874=DIRECTION('',(0.,0.,1.));
#6875=DIRECTION('',(0.,1.,0.));
#6876=DIRECTION('',(0.,-1.,0.));
#6877=DIRECTION('',(0.,0.,1.));
#6878=DIRECTION('',(0.,0.,1.));
#6879=DIRECTION('',(1.,0.,0.));
#6880=DIRECTION('',(0.,1.,0.));
#6881=DIRECTION('',(0.,0.,-1.));
#6882=DIRECTION('',(-1.,0.,0.));
#6883=DIRECTION('',(0.,-1.,0.));
#6884=DIRECTION('',(0.,0.,1.));
#6885=DIRECTION('',(-1.,0.,0.));
#6886=DIRECTION('',(0.,0.,-1.));
#6887=DIRECTION('',(1.,0.,0.));
#6888=DIRECTION('',(-1.00243062276232E-16,0.,-1.));
#6889=DIRECTION('',(-1.,0.,0.));
#6890=DIRECTION('',(0.,0.,-1.));
#6891=DIRECTION('',(1.,0.,0.));
#6892=DIRECTION('',(0.,0.,-1.));
#6893=DIRECTION('',(-1.,0.,0.));
#6894=DIRECTION('',(0.,0.,-1.));
#6895=DIRECTION('',(-1.,0.,0.));
#6896=DIRECTION('',(0.,0.,1.));
#6897=DIRECTION('',(-1.,0.,0.));
#6898=DIRECTION('',(0.,0.,-1.));
#6899=DIRECTION('',(1.,0.,0.));
#6900=DIRECTION('',(7.27129600708845E-17,0.,-1.));
#6901=DIRECTION('',(0.707106781186547,-0.707106781186547,0.));
#6902=DIRECTION('',(0.707106781186547,0.707106781186547,0.));
#6903=DIRECTION('',(-0.707106781186547,-0.707106781186547,0.));
#6904=DIRECTION('',(0.707106781186547,-0.707106781186547,0.));
#6905=DIRECTION('',(-1.,0.,0.));
#6906=DIRECTION('',(0.,0.,-1.));
#6907=DIRECTION('',(1.,0.,0.));
#6908=DIRECTION('',(0.,0.,-1.));
#6909=DIRECTION('',(-1.,0.,0.));
#6910=DIRECTION('',(0.,0.,-1.));
#6911=DIRECTION('',(-1.,0.,0.));
#6912=DIRECTION('',(5.5421313282427E-17,0.,1.));
#6913=DIRECTION('',(-1.,0.,0.));
#6914=DIRECTION('',(0.,0.,-1.));
#6915=DIRECTION('',(1.,0.,0.));
#6916=DIRECTION('',(0.,0.,-1.));
#6917=DIRECTION('',(-1.,0.,0.));
#6918=DIRECTION('',(0.,0.,-1.));
#6919=DIRECTION('',(1.,0.,0.));
#6920=DIRECTION('',(0.,0.,-1.));
#6921=DIRECTION('',(-1.,0.,0.));
#6922=DIRECTION('',(7.95189635226033E-17,0.,1.));
#6923=DIRECTION('',(-1.,0.,0.));
#6924=DIRECTION('',(0.,0.,-1.));
#6925=DIRECTION('',(1.,0.,0.));
#6926=DIRECTION('',(-1.00243062276233E-16,0.,-1.));
#6927=DIRECTION('',(-1.,0.,0.));
#6928=DIRECTION('',(0.,0.,-1.));
#6929=DIRECTION('',(1.,0.,0.));
#6930=DIRECTION('',(0.,0.,-1.));
#6931=DIRECTION('',(-1.,0.,0.));
#6932=DIRECTION('',(0.,0.,-1.));
#6933=DIRECTION('',(-1.,0.,0.));
#6934=DIRECTION('',(0.,0.,1.));
#6935=DIRECTION('',(-1.,0.,0.));
#6936=DIRECTION('',(0.,0.,-1.));
#6937=DIRECTION('',(1.,0.,0.));
#6938=DIRECTION('',(7.27129600708841E-17,0.,-1.));
#6939=DIRECTION('',(0.707106781186547,-0.707106781186547,0.));
#6940=DIRECTION('',(0.707106781186547,0.707106781186547,0.));
#6941=DIRECTION('',(-0.707106781186547,-0.707106781186547,0.));
#6942=DIRECTION('',(0.707106781186547,-0.707106781186547,0.));
#6943=DIRECTION('',(-1.,0.,0.));
#6944=DIRECTION('',(0.,0.,-1.));
#6945=DIRECTION('',(1.,0.,0.));
#6946=DIRECTION('',(0.,0.,-1.));
#6947=DIRECTION('',(-1.,0.,0.));
#6948=DIRECTION('',(0.,0.,-1.));
#6949=DIRECTION('',(-1.,0.,0.));
#6950=DIRECTION('',(5.54213132824268E-17,0.,1.));
#6951=DIRECTION('',(-1.,0.,0.));
#6952=DIRECTION('',(0.,0.,-1.));
#6953=DIRECTION('',(1.,0.,0.));
#6954=DIRECTION('',(0.,0.,-1.));
#6955=DIRECTION('',(-1.,0.,0.));
#6956=DIRECTION('',(0.,0.,-1.));
#6957=DIRECTION('',(1.,0.,0.));
#6958=DIRECTION('',(0.,0.,-1.));
#6959=DIRECTION('',(-1.,0.,0.));
#6960=DIRECTION('',(7.9518963522604E-17,0.,1.));
#6961=DIRECTION('',(0.,0.,-1.));
#6962=DIRECTION('',(-1.,0.,0.));
#6963=DIRECTION('',(-1.,0.,0.));
#6964=DIRECTION('',(0.,0.,1.));
#6965=DIRECTION('',(-1.,0.,0.));
#6966=DIRECTION('',(1.,0.,0.));
#6967=DIRECTION('',(0.,0.,-1.));
#6968=DIRECTION('',(-1.,0.,0.));
#6969=DIRECTION('',(0.,0.,1.));
#6970=DIRECTION('',(0.,1.,0.));
#6971=DIRECTION('',(0.,0.,-1.));
#6972=DIRECTION('',(0.,0.,1.));
#6973=DIRECTION('',(0.,0.,-1.));
#6974=DIRECTION('',(-1.,0.,0.));
#6975=DIRECTION('',(0.,-1.,0.));
#6976=DIRECTION('',(0.,0.,1.));
#6977=DIRECTION('',(1.,0.,0.));
#6978=DIRECTION('',(0.,0.,1.));
#6979=DIRECTION('',(0.,-1.,0.));
#6980=DIRECTION('',(0.,0.,1.));
#6981=DIRECTION('',(0.,0.,1.));
#6982=DIRECTION('',(-1.,0.,0.));
#6983=DIRECTION('',(0.,0.,1.));
#6984=DIRECTION('',(0.,0.,-1.));
#6985=DIRECTION('',(-1.,0.,0.));
#6986=DIRECTION('',(-1.,0.,0.));
#6987=DIRECTION('',(0.,1.,0.));
#6988=DIRECTION('',(0.,0.,-1.));
#6989=DIRECTION('',(0.,0.,-1.));
#6990=DIRECTION('',(-1.,0.,0.));
#6991=DIRECTION('',(0.,0.,-1.));
#6992=DIRECTION('',(-1.,0.,0.));
#6993=DIRECTION('',(0.,0.,1.));
#6994=DIRECTION('',(1.,0.,0.));
#6995=DIRECTION('',(0.,0.,1.));
#6996=DIRECTION('',(1.,0.,3.46944695195362E-18));
#6997=DIRECTION('',(0.,0.,1.));
#6998=DIRECTION('',(-1.,0.,0.));
#6999=DIRECTION('',(0.,0.,-1.));
#7000=DIRECTION('',(-1.,0.,0.));
#7001=DIRECTION('',(0.,0.,-1.));
#7002=DIRECTION('',(-1.,0.,0.));
#7003=DIRECTION('',(0.,0.,1.));
#7004=DIRECTION('',(1.,0.,0.));
#7005=DIRECTION('',(0.,0.,1.));
#7006=DIRECTION('',(1.,0.,3.46944695195362E-18));
#7007=DIRECTION('',(0.,0.,1.));
#7008=DIRECTION('',(-1.,0.,0.));
#7009=DIRECTION('',(0.,0.,-1.));
#7010=DIRECTION('',(-1.,0.,0.));
#7011=DIRECTION('',(0.,0.,-1.));
#7012=DIRECTION('',(-1.,0.,0.));
#7013=DIRECTION('',(0.,-1.,0.));
#7014=DIRECTION('',(0.,0.,-1.));
#7015=DIRECTION('',(0.,1.,0.));
#7016=DIRECTION('',(0.,0.,-1.));
#7017=DIRECTION('',(0.,-1.,0.));
#7018=DIRECTION('',(0.,0.,-1.));
#7019=DIRECTION('',(0.,-1.,0.));
#7020=DIRECTION('',(0.,-4.67617330820479E-17,1.));
#7021=DIRECTION('',(0.,-1.,0.));
#7022=DIRECTION('',(0.,0.,-1.));
#7023=DIRECTION('',(0.,1.,0.));
#7024=DIRECTION('',(0.,0.,-1.));
#7025=DIRECTION('',(0.,-1.,0.));
#7026=DIRECTION('',(0.,0.,-1.));
#7027=DIRECTION('',(0.,1.,0.));
#7028=DIRECTION('',(0.,0.,-1.));
#7029=DIRECTION('',(0.,-1.,0.));
#7030=DIRECTION('',(0.,-2.18244981407146E-17,1.));
#7031=DIRECTION('',(0.,-1.,0.));
#7032=DIRECTION('',(0.,0.,-1.));
#7033=DIRECTION('',(0.,1.,0.));
#7034=DIRECTION('',(0.,0.,-1.));
#7035=DIRECTION('',(0.,-1.,0.));
#7036=DIRECTION('',(0.,0.,-1.));
#7037=DIRECTION('',(0.,-1.,0.));
#7038=DIRECTION('',(0.,-4.67617330820477E-17,1.));
#7039=DIRECTION('',(0.,-1.,0.));
#7040=DIRECTION('',(0.,0.,-1.));
#7041=DIRECTION('',(0.,1.,0.));
#7042=DIRECTION('',(0.,0.,-1.));
#7043=DIRECTION('',(0.,-1.,0.));
#7044=DIRECTION('',(0.,0.,-1.));
#7045=DIRECTION('',(0.,1.,0.));
#7046=DIRECTION('',(0.,0.,-1.));
#7047=DIRECTION('',(0.,-1.,0.));
#7048=DIRECTION('',(0.,-2.18244981407148E-17,1.));
#7049=DIRECTION('',(0.,-1.,0.));
#7050=DIRECTION('',(0.,0.,1.));
#7051=DIRECTION('',(0.,-1.,0.));
#7052=DIRECTION('',(1.,0.,0.));
#7053=DIRECTION('',(0.,0.,-1.));
#7054=DIRECTION('',(0.,-1.,0.));
#7055=DIRECTION('',(1.,0.,0.));
#7056=DIRECTION('',(0.,0.,-1.));
#7057=DIRECTION('',(-1.,0.,0.));
#7058=DIRECTION('',(0.,-1.,0.));
#7059=DIRECTION('',(0.,0.,-1.));
#7060=DIRECTION('',(-1.,0.,0.));
#7061=DIRECTION('',(0.,0.,1.));
#7062=DIRECTION('',(-1.,0.,0.));
#7063=DIRECTION('',(0.,0.,1.));
#7064=DIRECTION('',(1.,0.,0.));
#7065=DIRECTION('',(0.,1.,0.));
#7066=DIRECTION('',(0.,0.,-1.));
#7067=DIRECTION('',(0.,-1.,0.));
#7068=DIRECTION('',(0.,0.,1.));
#7069=DIRECTION('',(0.,-1.,0.));
#7070=DIRECTION('',(1.,0.,0.));
#7071=DIRECTION('',(0.,0.,-1.));
#7072=DIRECTION('',(0.,-1.,0.));
#7073=DIRECTION('',(1.,0.,0.));
#7074=DIRECTION('',(0.,0.,-1.));
#7075=DIRECTION('',(-1.,0.,0.));
#7076=DIRECTION('',(0.,-1.,0.));
#7077=DIRECTION('',(0.,0.,-1.));
#7078=DIRECTION('',(-1.,0.,0.));
#7079=DIRECTION('',(0.,0.,1.));
#7080=DIRECTION('',(-1.,0.,0.));
#7081=DIRECTION('',(0.,0.,1.));
#7082=DIRECTION('',(1.,0.,0.));
#7083=DIRECTION('',(0.,1.,0.));
#7084=DIRECTION('',(0.,0.,-1.));
#7085=DIRECTION('',(-1.,3.81639164714898E-15,1.17145536458252E-15));
#7086=DIRECTION('',(-1.17145536458252E-15,0.,-1.));
#7087=DIRECTION('',(-1.,3.81639164714898E-15,1.17145536458252E-15));
#7088=DIRECTION('',(-1.17145536458252E-15,0.,-1.));
#7089=DIRECTION('',(-3.81639164714898E-15,-1.,4.4707324684006E-30));
#7090=DIRECTION('',(1.,-3.81639164714898E-15,-1.17137202715334E-15));
#7091=DIRECTION('',(0.,-1.,0.));
#7092=DIRECTION('',(0.,-1.,0.));
#7093=DIRECTION('',(-1.17145536458252E-15,0.,-1.));
#7094=DIRECTION('',(1.,0.,-1.17145536458252E-15));
#7095=DIRECTION('',(-1.17093834628434E-15,0.,-1.));
#7096=DIRECTION('',(2.31296463463574E-15,1.,-2.7095348293337E-30));
#7097=DIRECTION('',(2.31296463463574E-15,1.,-2.7095348293337E-30));
#7098=DIRECTION('',(2.31296463463574E-15,1.,-2.7095348293337E-30));
#7099=DIRECTION('',(-1.17585822870696E-15,-0.80728110740789,0.590167106523475));
#7100=DIRECTION('',(-1.,2.31296463463574E-15,1.17145536458252E-15));
#7101=DIRECTION('',(-2.31412111695306E-15,-1.,0.));
#7102=DIRECTION('',(-1.,3.81639164714898E-15,1.17145536458252E-15));
#7103=DIRECTION('',(0.826035031691664,-3.15247319520051E-15,-0.563618777559931));
#7104=DIRECTION('',(-1.,3.81639164714898E-15,1.17145536458252E-15));
#7105=DIRECTION('',(-1.,3.81639164714898E-15,1.17145536458252E-15));
#7106=DIRECTION('',(-1.17145536458252E-15,0.,-1.));
#7107=DIRECTION('',(-3.81639164714898E-15,-1.,4.4707324684006E-30));
#7108=DIRECTION('',(1.,-3.81639164714898E-15,-1.17137202715334E-15));
#7109=DIRECTION('',(0.,-1.,0.));
#7110=DIRECTION('',(-1.17145536458252E-15,0.,-1.));
#7111=DIRECTION('',(0.,-1.,0.));
#7112=DIRECTION('',(1.,0.,-1.17145536458252E-15));
#7113=DIRECTION('',(-1.17180570802233E-15,0.,-1.));
#7114=DIRECTION('',(1.,-1.17145536458252E-15,-1.17145536458252E-15));
#7115=DIRECTION('',(1.,-5.0532154980743E-16,-1.17145536458252E-15));
#7116=DIRECTION('',(1.17145536458252E-15,1.,-1.37230767120917E-30));
#7117=DIRECTION('',(-1.,1.17267306976032E-15,1.17137202715334E-15));
#7118=DIRECTION('',(-0.731055268242868,0.682318250360012,8.56398615789424E-16));
#7119=DIRECTION('',(1.17145536458252E-15,0.,1.));
#7120=DIRECTION('',(1.,0.,-1.17137202715334E-15));
#7121=DIRECTION('',(-1.17145536458252E-15,0.,-1.));
#7122=DIRECTION('',(1.,0.,-1.07081696047951E-15));
#7123=DIRECTION('',(-1.17145536458252E-15,0.,-1.));
#7124=DIRECTION('',(1.,0.,-1.07081696047951E-15));
#7125=DIRECTION('',(-1.17145536458252E-15,0.,-1.));
#7126=DIRECTION('',(1.83697019872104E-16,-1.,0.));
#7127=DIRECTION('',(1.17145536458252E-15,0.,1.));
#7128=DIRECTION('',(1.,0.,-1.17093834628434E-15));
#7129=DIRECTION('',(-1.17145536458252E-15,0.,-1.));
#7130=DIRECTION('',(1.83697019872104E-16,-1.,0.));
#7131=DIRECTION('',(1.17145536458252E-15,0.,1.));
#7132=DIRECTION('',(1.,0.,-1.16816395688674E-15));
#7133=DIRECTION('',(-1.17145536458252E-15,0.,-1.));
#7134=DIRECTION('',(-1.,0.,1.17093834628434E-15));
#7135=DIRECTION('',(-1.17145536458252E-15,0.,-1.));
#7136=DIRECTION('',(1.83697019872106E-16,-0.999999999999998,0.));
#7137=DIRECTION('',(1.17145536458252E-15,0.,1.));
#7138=DIRECTION('',(1.,0.,-1.07081696047951E-15));
#7139=DIRECTION('',(-1.17145536458252E-15,0.,-1.));
#7140=DIRECTION('',(-1.,0.,1.17093834628434E-15));
#7141=DIRECTION('',(-1.17145536458252E-15,0.,-1.));
#7142=DIRECTION('',(1.83697019872106E-16,-0.999999999999998,0.));
#7143=DIRECTION('',(1.17145536458252E-15,0.,1.));
#7144=DIRECTION('',(1.,0.,-1.07081696047951E-15));
#7145=DIRECTION('',(-1.17145536458252E-15,0.,-1.));
#7146=DIRECTION('',(-1.,0.,1.17093834628434E-15));
#7147=DIRECTION('',(-0.731055268242868,0.682318250360012,8.56398615789424E-16));
#7148=DIRECTION('',(1.17145536458252E-15,0.,1.));
#7149=DIRECTION('',(1.,0.,-1.17180570802233E-15));
#7150=DIRECTION('',(0.482471861756905,0.516934137596682,0.707106781186548));
#7151=DIRECTION('',(-0.731055268242868,0.682318250360012,8.56086035394554E-16));
#7152=DIRECTION('',(-2.31296463463575E-15,-1.,-2.7095348293337E-30));
#7153=DIRECTION('',(-2.31296463463575E-15,-1.,-2.7095348293337E-30));
#7154=DIRECTION('',(1.14528143023847E-15,0.807281107407887,0.590167106523479));
#7155=DIRECTION('',(-2.31296463463574E-15,-1.,-1.01064309961486E-15));
#7156=DIRECTION('',(1.17145536458252E-15,0.,-1.));
#7157=DIRECTION('',(1.,-2.31296463463575E-15,1.17145536458252E-15));
#7158=DIRECTION('',(2.31412111695306E-15,1.,0.));
#7159=DIRECTION('',(1.,-3.81639164714898E-15,-1.17145536458253E-15));
#7160=DIRECTION('',(1.17145536458252E-15,0.,-1.));
#7161=DIRECTION('',(1.,-3.81639164714898E-15,1.17145536458252E-15));
#7162=DIRECTION('',(3.81639164714898E-15,1.,4.47073246840061E-30));
#7163=DIRECTION('',(-1.,3.81639164714898E-15,-1.17137202715334E-15));
#7164=DIRECTION('',(1.56069206169621E-30,1.,1.01064309961486E-15));
#7165=DIRECTION('',(1.17145536458252E-15,0.,-1.));
#7166=DIRECTION('',(2.74461534241835E-30,1.,3.21519436659148E-45));
#7167=DIRECTION('',(-1.,2.74461534241835E-30,-1.17145536458252E-15));
#7168=DIRECTION('',(-1.17093834628434E-15,0.,1.));
#7169=DIRECTION('',(1.,-3.81639164714898E-15,-1.17145536458253E-15));
#7170=DIRECTION('',(-0.826035031691661,3.18599511719826E-15,-0.563618777559936));
#7171=DIRECTION('',(1.,-3.81639164714898E-15,1.17145536458252E-15));
#7172=DIRECTION('',(1.17145536458252E-15,0.,-1.));
#7173=DIRECTION('',(1.,-3.81639164714898E-15,1.17145536458252E-15));
#7174=DIRECTION('',(3.81639164714898E-15,1.,4.47073246840061E-30));
#7175=DIRECTION('',(-1.,3.81639164714898E-15,-1.17137202715334E-15));
#7176=DIRECTION('',(2.74461534241835E-30,1.,3.21519436659148E-45));
#7177=DIRECTION('',(2.74461534241835E-30,1.,3.21519436659148E-45));
#7178=DIRECTION('',(1.17145536458252E-15,0.,-1.));
#7179=DIRECTION('',(-1.,2.74461534241835E-30,-1.17145536458252E-15));
#7180=DIRECTION('',(-1.17180570802233E-15,0.,1.));
#7181=DIRECTION('',(-1.,5.05321549807433E-16,-1.17145536458252E-15));
#7182=DIRECTION('',(-1.,1.17145536458253E-15,-1.17145536458252E-15));
#7183=DIRECTION('',(-1.17145536458253E-15,-1.,-1.37230767120918E-30));
#7184=DIRECTION('',(1.,-1.17267306976032E-15,1.17137202715334E-15));
#7185=DIRECTION('',(0.731055268242868,-0.682318250360012,8.56398615789424E-16));
#7186=DIRECTION('',(-1.17145536458252E-15,0.,1.));
#7187=DIRECTION('',(1.,0.,1.17137202715334E-15));
#7188=DIRECTION('',(-1.17145536458252E-15,0.,1.));
#7189=DIRECTION('',(6.12323399573707E-17,0.999999999999998,0.));
#7190=DIRECTION('',(-1.17145536458252E-15,0.,1.));
#7191=DIRECTION('',(6.12323399573704E-17,0.999999999999998,0.));
#7192=DIRECTION('',(-1.17145536458252E-15,0.,1.));
#7193=DIRECTION('',(6.12323399573704E-17,1.,0.));
#7194=DIRECTION('',(-1.17145536458252E-15,0.,1.));
#7195=DIRECTION('',(1.,0.,1.17093834628434E-15));
#7196=DIRECTION('',(-1.17145536458252E-15,0.,1.));
#7197=DIRECTION('',(6.12323399573702E-17,1.,0.));
#7198=DIRECTION('',(1.17145536458252E-15,0.,-1.));
#7199=DIRECTION('',(-1.,0.,-1.16816395688674E-15));
#7200=DIRECTION('',(-1.17145536458252E-15,0.,1.));
#7201=DIRECTION('',(1.,0.,1.17093834628434E-15));
#7202=DIRECTION('',(-1.17145536458252E-15,0.,1.));
#7203=DIRECTION('',(6.12323399573702E-17,0.999999999999998,0.));
#7204=DIRECTION('',(1.17145536458252E-15,0.,-1.));
#7205=DIRECTION('',(-1.,0.,-1.07081696047951E-15));
#7206=DIRECTION('',(-1.17145536458252E-15,0.,1.));
#7207=DIRECTION('',(1.,0.,1.17093834628434E-15));
#7208=DIRECTION('',(-1.17145536458252E-15,0.,1.));
#7209=DIRECTION('',(6.12323399573707E-17,0.999999999999998,0.));
#7210=DIRECTION('',(1.17145536458252E-15,0.,-1.));
#7211=DIRECTION('',(-1.,0.,-1.07081696047951E-15));
#7212=DIRECTION('',(-1.17145536458252E-15,0.,1.));
#7213=DIRECTION('',(1.,0.,1.17093834628434E-15));
#7214=DIRECTION('',(-0.731055268242868,0.682318250360012,1.54597884725706E-15));
#7215=DIRECTION('',(1.17145536458252E-15,-1.01064309961486E-15,1.));
#7216=DIRECTION('',(0.,1.,1.01047642475649E-15));
#7217=DIRECTION('',(-0.482471861756908,-0.516934137596685,0.707106781186544));
#7218=DIRECTION('',(0.731055268242868,-0.682318250360012,8.56519716263549E-16));
#7219=DIRECTION('',(0.,-1.,0.));
#7220=DIRECTION('',(-1.,0.,2.10269512239778E-16));
#7221=DIRECTION('',(0.,1.,0.));
#7222=DIRECTION('',(0.,-1.,0.));
#7223=DIRECTION('',(-1.,0.,2.10269512239778E-16));
#7224=DIRECTION('',(0.,1.,0.));
#7225=DIRECTION('',(0.,1.,0.));
#7226=DIRECTION('',(0.,0.,1.));
#7227=DIRECTION('',(0.,0.,-1.));
#7228=DIRECTION('',(0.,1.,0.));
#7229=DIRECTION('',(0.,0.,-1.));
#7230=DIRECTION('',(1.,0.,0.));
#7231=DIRECTION('',(0.,0.,-1.));
#7232=DIRECTION('',(1.,0.,0.));
#7233=DIRECTION('',(0.,1.,0.));
#7234=DIRECTION('',(1.,0.,0.));
#7235=DIRECTION('',(0.,0.,1.));
#7236=DIRECTION('',(1.,0.,0.));
#7237=DIRECTION('',(0.,0.,-1.));
#7238=DIRECTION('',(0.,1.,0.));
#7239=DIRECTION('',(0.,0.,-1.));
#7240=DIRECTION('',(1.,0.,0.));
#7241=DIRECTION('',(0.,0.,-1.));
#7242=DIRECTION('',(-1.,0.,0.));
#7243=DIRECTION('',(0.,1.,0.));
#7244=DIRECTION('',(-1.,0.,0.));
#7245=DIRECTION('',(0.,0.,-1.));
#7246=DIRECTION('',(-1.,0.,0.));
#7247=DIRECTION('',(0.,0.,1.));
#7248=DIRECTION('',(0.,1.,0.));
#7249=DIRECTION('',(0.,0.,1.));
#7250=DIRECTION('',(-1.,0.,0.));
#7251=DIRECTION('',(0.,0.,1.));
#7252=DIRECTION('',(1.,0.,0.));
#7253=DIRECTION('',(0.,1.,0.));
#7254=DIRECTION('',(1.,0.,0.));
#7255=DIRECTION('',(0.,0.,1.));
#7256=DIRECTION('',(1.,0.,0.));
#7257=DIRECTION('',(0.,0.,1.));
#7258=DIRECTION('',(0.,1.,0.));
#7259=DIRECTION('',(0.,0.,1.));
#7260=DIRECTION('',(-1.,0.,0.));
#7261=DIRECTION('',(0.,0.,1.));
#7262=DIRECTION('',(0.,-1.,0.));
#7263=DIRECTION('',(-1.,0.,2.10269512239727E-16));
#7264=DIRECTION('',(0.,1.,0.));
#7265=DIRECTION('',(0.,-1.,0.));
#7266=DIRECTION('',(-1.,0.,2.10269512239727E-16));
#7267=DIRECTION('',(0.,1.,0.));
#7268=DIRECTION('',(0.,0.,1.));
#7269=DIRECTION('',(0.,-1.,0.));
#7270=DIRECTION('',(-0.999999999999999,0.,0.));
#7271=DIRECTION('',(0.,1.,0.));
#7272=DIRECTION('',(0.,-1.,0.));
#7273=DIRECTION('',(-0.999999999999999,0.,0.));
#7274=DIRECTION('',(0.,1.,0.));
#7275=DIRECTION('',(0.,0.,1.));
#7276=DIRECTION('',(0.,0.,-1.));
#7277=DIRECTION('',(0.,1.,0.));
#7278=DIRECTION('',(0.,0.,-1.));
#7279=DIRECTION('',(1.,0.,0.));
#7280=DIRECTION('',(0.,0.,-1.));
#7281=DIRECTION('',(0.,-1.,0.));
#7282=DIRECTION('',(-1.,0.,0.));
#7283=DIRECTION('',(0.,1.,0.));
#7284=DIRECTION('',(0.,-1.,0.));
#7285=DIRECTION('',(-1.,0.,0.));
#7286=DIRECTION('',(0.,1.,0.));
#7287=DIRECTION('',(0.,0.,0.999999999999997));
#7288=DIRECTION('',(0.,-1.,0.));
#7289=DIRECTION('',(-1.,0.,2.10269512239778E-16));
#7290=DIRECTION('',(0.,1.,0.));
#7291=DIRECTION('',(0.,-1.,0.));
#7292=DIRECTION('',(-1.,0.,2.10269512239778E-16));
#7293=DIRECTION('',(0.,1.,0.));
#7294=DIRECTION('',(0.,0.,1.));
#7295=DIRECTION('',(0.,0.,1.));
#7296=DIRECTION('',(0.,1.,0.));
#7297=DIRECTION('',(0.,0.,1.));
#7298=DIRECTION('',(-1.,0.,0.));
#7299=DIRECTION('',(0.,0.,1.));
#7300=DIRECTION('',(-1.,0.,0.));
#7301=DIRECTION('',(0.,1.,0.));
#7302=DIRECTION('',(-1.,0.,0.));
#7303=DIRECTION('',(0.,0.,-1.));
#7304=DIRECTION('',(-1.,0.,0.));
#7305=DIRECTION('',(0.,0.,1.));
#7306=DIRECTION('',(0.,1.,0.));
#7307=DIRECTION('',(0.,0.,1.));
#7308=DIRECTION('',(-1.,0.,0.));
#7309=DIRECTION('',(0.,0.,1.));
#7310=DIRECTION('',(1.,0.,0.));
#7311=DIRECTION('',(0.,1.,0.));
#7312=DIRECTION('',(1.,0.,0.));
#7313=DIRECTION('',(0.,0.,1.));
#7314=DIRECTION('',(1.,0.,0.));
#7315=DIRECTION('',(0.,0.,-1.));
#7316=DIRECTION('',(0.,1.,0.));
#7317=DIRECTION('',(0.,0.,-1.));
#7318=DIRECTION('',(1.,0.,0.));
#7319=DIRECTION('',(0.,0.,-1.));
#7320=DIRECTION('',(-1.,0.,0.));
#7321=DIRECTION('',(0.,1.,0.));
#7322=DIRECTION('',(-1.,0.,0.));
#7323=DIRECTION('',(0.,0.,-1.));
#7324=DIRECTION('',(-1.,0.,0.));
#7325=DIRECTION('',(0.,0.,-1.));
#7326=DIRECTION('',(0.,1.,0.));
#7327=DIRECTION('',(0.,0.,-1.));
#7328=DIRECTION('',(1.,0.,0.));
#7329=DIRECTION('',(0.,0.,-1.));
#7330=DIRECTION('',(0.,-1.,0.));
#7331=DIRECTION('',(-1.,0.,2.10269512239727E-16));
#7332=DIRECTION('',(0.,1.,0.));
#7333=DIRECTION('',(0.,-1.,0.));
#7334=DIRECTION('',(-1.,0.,2.10269512239727E-16));
#7335=DIRECTION('',(0.,1.,0.));
#7336=DIRECTION('',(0.,0.,1.));
#7337=DIRECTION('',(0.,-1.,0.));
#7338=DIRECTION('',(-0.999999999999999,0.,0.));
#7339=DIRECTION('',(0.,1.,0.));
#7340=DIRECTION('',(0.,-1.,0.));
#7341=DIRECTION('',(-0.999999999999999,0.,0.));
#7342=DIRECTION('',(0.,1.,0.));
#7343=DIRECTION('',(0.,0.,1.));
#7344=DIRECTION('',(0.,0.,1.));
#7345=DIRECTION('',(0.,1.,0.));
#7346=DIRECTION('',(0.,0.,1.));
#7347=DIRECTION('',(-1.,0.,0.));
#7348=DIRECTION('',(0.,0.,1.));
#7349=DIRECTION('',(0.,-1.,0.));
#7350=DIRECTION('',(-1.,0.,0.));
#7351=DIRECTION('',(0.,-1.,0.));
#7352=DIRECTION('',(-1.,0.,0.));
#7353=DIRECTION('',(0.,1.,0.));
#7354=DIRECTION('',(0.,0.,0.999999999999997));
#7355=DIRECTION('',(0.,-1.,0.));
#7356=DIRECTION('',(0.,0.,-1.));
#7357=DIRECTION('',(0.,-1.,0.));
#7358=DIRECTION('',(0.,0.,-1.));
#7359=DIRECTION('',(1.,0.,0.));
#7360=DIRECTION('',(0.,1.,0.));
#7361=DIRECTION('',(-1.,0.,0.));
#7362=DIRECTION('',(0.,1.,0.));
#7363=DIRECTION('',(1.,0.,0.));
#7364=DIRECTION('',(0.,1.,0.));
#7365=DIRECTION('',(-1.,0.,0.));
#7366=DIRECTION('',(0.,-1.,0.));
#7367=DIRECTION('',(1.,0.,0.));
#7368=DIRECTION('',(0.,-1.,0.));
#7369=DIRECTION('',(-1.,0.,0.));
#7370=DIRECTION('',(0.,-1.,0.));
#7371=DIRECTION('',(0.,0.,-1.));
#7372=DIRECTION('',(-1.,0.,0.));
#7373=DIRECTION('',(-1.,0.,0.));
#7374=DIRECTION('',(0.,1.,0.));
#7375=DIRECTION('',(0.,0.,1.));
#7376=DIRECTION('',(0.,0.,1.));
#7377=DIRECTION('',(0.,-1.,0.));
#7378=DIRECTION('',(0.,0.,1.));
#7379=DIRECTION('',(0.,-1.,0.));
#7380=DIRECTION('',(-1.,0.,0.));
#7381=DIRECTION('',(0.,0.,1.));
#7382=DIRECTION('',(0.,0.,1.));
#7383=DIRECTION('',(0.,-1.,0.));
#7384=DIRECTION('',(0.,0.,1.));
#7385=DIRECTION('',(-1.,0.,0.));
#7386=DIRECTION('',(0.,0.,1.));
#7387=DIRECTION('',(1.,0.,0.));
#7388=DIRECTION('',(0.,0.,-1.));
#7389=DIRECTION('',(-1.,0.,0.));
#7390=DIRECTION('',(0.,0.,1.));
#7391=DIRECTION('',(0.,0.,1.));
#7392=DIRECTION('',(-1.,0.,0.));
#7393=DIRECTION('',(0.,1.,0.));
#7394=DIRECTION('',(0.,0.,-1.));
#7395=DIRECTION('',(0.,0.,1.));
#7396=DIRECTION('',(0.,1.,0.));
#7397=DIRECTION('',(1.,0.,0.));
#7398=DIRECTION('',(0.,0.,-1.));
#7399=DIRECTION('',(0.,0.,1.));
#7400=DIRECTION('',(1.,0.,0.));
#7401=DIRECTION('',(0.,-1.,0.));
#7402=DIRECTION('',(0.,0.,1.));
#7403=DIRECTION('',(0.,0.,1.));
#7404=DIRECTION('',(0.,1.,0.));
#7405=DIRECTION('',(1.,0.,0.));
#7406=DIRECTION('',(0.,0.,-1.));
#7407=DIRECTION('',(0.,0.,1.));
#7408=DIRECTION('',(-1.,0.,0.));
#7409=DIRECTION('',(0.,1.,0.));
#7410=DIRECTION('',(0.,0.,-1.));
#7411=DIRECTION('',(0.,0.,1.));
#7412=DIRECTION('',(-1.,0.,0.));
#7413=DIRECTION('',(0.,1.,0.));
#7414=DIRECTION('',(0.,-1.,0.));
#7415=DIRECTION('',(0.,0.,1.));
#7416=DIRECTION('',(0.,1.,0.));
#7417=DIRECTION('',(1.,0.,0.));
#7418=DIRECTION('',(0.,0.,-1.));
#7419=DIRECTION('',(1.,0.,0.));
#7420=DIRECTION('',(1.,0.,0.));
#7421=DIRECTION('',(0.,-1.,0.));
#7422=DIRECTION('',(0.,0.,1.));
#7423=DIRECTION('',(0.,0.,1.));
#7424=DIRECTION('',(-1.,0.,0.));
#7425=DIRECTION('',(0.,1.,0.));
#7426=DIRECTION('',(0.,0.,-1.));
#7427=DIRECTION('',(0.,0.,1.));
#7428=DIRECTION('',(0.,-1.,0.));
#7429=DIRECTION('',(-1.,0.,0.));
#7430=DIRECTION('',(0.,0.,1.));
#7431=DIRECTION('',(1.,0.,0.));
#7432=DIRECTION('',(0.,-1.,0.));
#7433=DIRECTION('',(0.,0.,1.));
#7434=DIRECTION('',(0.,0.,-1.));
#7435=DIRECTION('',(-1.,0.,0.));
#7436=DIRECTION('',(0.,0.,-1.));
#7437=DIRECTION('',(-1.,0.,0.));
#7438=DIRECTION('',(0.,0.,1.));
#7439=DIRECTION('',(1.,0.,0.));
#7440=DIRECTION('',(0.,0.,-1.));
#7441=DIRECTION('',(-1.,0.,0.));
#7442=DIRECTION('',(-1.,0.,0.));
#7443=DIRECTION('',(0.,1.,0.));
#7444=DIRECTION('',(0.,0.,-1.));
#7445=DIRECTION('',(0.,0.,-1.));
#7446=DIRECTION('',(-1.,0.,0.));
#7447=DIRECTION('',(0.,0.,-1.));
#7448=DIRECTION('',(-1.,0.,0.));
#7449=DIRECTION('',(0.,0.,1.));
#7450=DIRECTION('',(1.,0.,0.));
#7451=DIRECTION('',(-1.,0.,0.));
#7452=DIRECTION('',(0.,0.,1.));
#7453=DIRECTION('',(1.,0.,0.));
#7454=DIRECTION('',(1.,0.,0.));
#7455=DIRECTION('',(0.,0.,-1.));
#7456=DIRECTION('',(0.,0.,1.));
#7457=DIRECTION('',(1.,0.,0.));
#7458=DIRECTION('',(0.,0.,-1.));
#7459=DIRECTION('',(1.,0.,0.));
#7460=DIRECTION('',(0.,0.,1.));
#7461=DIRECTION('',(1.,0.,0.));
#7462=DIRECTION('',(0.,0.,-1.));
#7463=DIRECTION('',(-1.,0.,-3.11720301163847E-17));
#7464=DIRECTION('',(0.,0.,1.));
#7465=DIRECTION('',(1.,0.,-5.20417042793043E-17));
#7466=DIRECTION('',(0.,0.,1.));
#7467=DIRECTION('',(-1.,0.,0.));
#7468=DIRECTION('',(0.,0.,-1.));
#7469=DIRECTION('',(-1.,0.,-3.11099158788309E-17));
#7470=DIRECTION('',(0.,0.,1.));
#7471=DIRECTION('',(-1.,0.,0.));
#7472=DIRECTION('',(0.,0.,-1.));
#7473=DIRECTION('',(-1.,0.,0.));
#7474=DIRECTION('',(0.,0.,1.));
#7475=DIRECTION('',(-1.,0.,0.));
#7476=DIRECTION('',(0.,0.,1.));
#7477=DIRECTION('',(1.,0.,0.));
#7478=DIRECTION('',(0.,0.,-1.));
#7479=DIRECTION('',(-1.,0.,0.));
#7480=DIRECTION('',(0.,0.,1.));
#7481=DIRECTION('',(-1.,0.,0.));
#7482=DIRECTION('',(0.,0.,-1.));
#7483=DIRECTION('',(-1.,0.,-3.11099158788309E-17));
#7484=DIRECTION('',(0.,0.,1.));
#7485=DIRECTION('',(-1.,0.,0.));
#7486=DIRECTION('',(0.,0.,-1.));
#7487=DIRECTION('',(-1.,0.,0.));
#7488=DIRECTION('',(0.,0.,1.));
#7489=DIRECTION('',(-1.,0.,0.));
#7490=DIRECTION('',(0.,0.,1.));
#7491=DIRECTION('',(1.,0.,0.));
#7492=DIRECTION('',(0.,0.,-1.));
#7493=DIRECTION('',(-1.,0.,0.));
#7494=DIRECTION('',(0.,1.,0.));
#7495=DIRECTION('',(0.,0.,-1.));
#7496=DIRECTION('',(0.,1.,0.));
#7497=DIRECTION('',(1.,0.,0.));
#7498=DIRECTION('',(0.,0.,-1.));
#7499=DIRECTION('',(-1.,0.,0.));
#7500=DIRECTION('',(0.,1.,0.));
#7501=DIRECTION('',(0.,0.,-1.));
#7502=DIRECTION('',(-1.,0.,0.));
#7503=DIRECTION('',(0.,0.,1.));
#7504=DIRECTION('',(0.,1.,0.));
#7505=DIRECTION('',(-1.,0.,0.));
#7506=DIRECTION('',(0.,0.,1.));
#7507=DIRECTION('',(1.,0.,0.));
#7508=DIRECTION('',(0.,0.,1.));
#7509=DIRECTION('',(1.,0.,0.));
#7510=DIRECTION('',(0.,1.,0.));
#7511=DIRECTION('',(0.,0.,-1.));
#7512=DIRECTION('',(0.,0.,-1.));
#7513=DIRECTION('',(-1.,0.,0.));
#7514=DIRECTION('',(0.,0.,-1.));
#7515=DIRECTION('',(-1.,0.,0.));
#7516=DIRECTION('',(0.,0.,1.));
#7517=DIRECTION('',(1.,0.,0.));
#7518=DIRECTION('',(0.,0.,-1.));
#7519=DIRECTION('',(-1.,0.,0.));
#7520=DIRECTION('',(0.,0.,-1.));
#7521=DIRECTION('',(-1.,0.,0.));
#7522=DIRECTION('',(0.,0.,-1.));
#7523=DIRECTION('',(-1.,0.,0.));
#7524=DIRECTION('',(0.,0.,-1.));
#7525=DIRECTION('',(-1.,0.,0.));
#7526=DIRECTION('',(0.,0.,-1.));
#7527=DIRECTION('',(-1.,0.,0.));
#7528=DIRECTION('',(0.,0.,1.));
#7529=DIRECTION('',(1.,0.,2.38993214397247E-17));
#7530=DIRECTION('',(0.,0.,-1.));
#7531=DIRECTION('',(-1.,0.,0.));
#7532=DIRECTION('',(0.,0.,-1.));
#7533=DIRECTION('',(-1.,0.,0.));
#7534=DIRECTION('',(0.,0.,-1.));
#7535=DIRECTION('',(-1.,0.,8.36226819608999E-17));
#7536=DIRECTION('',(0.,-1.,0.));
#7537=DIRECTION('',(1.22464679914735E-16,0.,1.));
#7538=DIRECTION('',(0.,-1.,0.));
#7539=DIRECTION('',(1.22464679914735E-16,0.,1.));
#7540=DIRECTION('',(0.,1.,0.));
#7541=DIRECTION('',(0.,0.,1.));
#7542=DIRECTION('',(0.,-1.,0.));
#7543=DIRECTION('',(0.,0.,-1.));
#7544=DIRECTION('',(0.,-1.,0.));
#7545=DIRECTION('',(0.,0.,-1.));
#7546=DIRECTION('',(0.,-1.,0.));
#7547=DIRECTION('',(0.,0.,-1.));
#7548=DIRECTION('',(0.,-1.,0.));
#7549=DIRECTION('',(0.,0.,-1.));
#7550=DIRECTION('',(0.,1.,0.));
#7551=DIRECTION('',(0.,0.,1.));
#7552=DIRECTION('',(0.,-1.,0.));
#7553=DIRECTION('',(0.,0.,-1.));
#7554=DIRECTION('',(0.,-1.,0.));
#7555=DIRECTION('',(0.,0.,-1.));
#7556=DIRECTION('',(0.,1.,0.));
#7557=DIRECTION('',(0.,0.,1.));
#7558=DIRECTION('',(0.,1.,0.));
#7559=DIRECTION('',(0.,0.,1.));
#7560=DIRECTION('',(0.,1.,0.));
#7561=DIRECTION('',(0.,0.,1.));
#7562=DIRECTION('',(0.,1.,0.));
#7563=DIRECTION('',(0.,0.,1.));
#7564=DIRECTION('',(0.,1.,0.));
#7565=DIRECTION('',(0.,0.,1.));
#7566=DIRECTION('',(0.,1.,0.));
#7567=DIRECTION('',(0.,0.,1.));
#7568=DIRECTION('',(0.,1.,0.));
#7569=DIRECTION('',(0.,0.,1.));
#7570=DIRECTION('',(0.,-1.,0.));
#7571=DIRECTION('',(0.,0.,-1.));
#7572=DIRECTION('',(0.,1.,0.));
#7573=DIRECTION('',(0.,0.,1.));
#7574=DIRECTION('',(0.,1.,0.));
#7575=DIRECTION('',(0.,0.,1.));
#7576=DIRECTION('',(0.,-1.,0.));
#7577=DIRECTION('',(0.,0.,-1.));
#7578=DIRECTION('',(0.,-1.,0.));
#7579=DIRECTION('',(0.,0.,-1.));
#7580=DIRECTION('',(0.,1.,0.));
#7581=DIRECTION('',(0.,0.,1.));
#7582=DIRECTION('',(0.,-1.,0.));
#7583=DIRECTION('',(0.,0.,-1.));
#7584=DIRECTION('',(0.,-1.,0.));
#7585=DIRECTION('',(0.,0.,-1.));
#7586=DIRECTION('',(0.,-1.,0.));
#7587=DIRECTION('',(0.,0.,-1.));
#7588=DIRECTION('',(0.,-1.,0.));
#7589=DIRECTION('',(0.,0.,-1.));
#7590=DIRECTION('',(0.,1.,0.));
#7591=DIRECTION('',(0.,0.,0.999999999999999));
#7592=DIRECTION('',(0.,-1.,0.));
#7593=DIRECTION('',(0.,0.,-1.));
#7594=DIRECTION('',(0.,-1.,0.));
#7595=DIRECTION('',(0.,0.,-1.));
#7596=DIRECTION('',(0.,-1.,0.));
#7597=DIRECTION('',(1.22464679914735E-16,0.,1.));
#7598=DIRECTION('',(0.,-1.,0.));
#7599=DIRECTION('',(1.22464679914735E-16,0.,1.));
#7600=DIRECTION('',(0.,-1.,0.));
#7601=DIRECTION('',(0.,0.,-1.));
#7602=DIRECTION('',(0.,-1.,0.));
#7603=DIRECTION('',(0.,0.,-1.));
#7604=DIRECTION('',(0.,-1.,0.));
#7605=DIRECTION('',(0.,0.,-1.));
#7606=DIRECTION('',(0.,-1.,0.));
#7607=DIRECTION('',(0.,0.,-1.));
#7608=DIRECTION('',(0.,-1.,0.));
#7609=DIRECTION('',(0.,0.,-1.));
#7610=DIRECTION('',(0.,1.,0.));
#7611=DIRECTION('',(0.,0.,1.));
#7612=DIRECTION('',(0.,-1.,0.));
#7613=DIRECTION('',(0.,0.,-1.));
#7614=DIRECTION('',(0.,-1.,0.));
#7615=DIRECTION('',(0.,0.,-1.));
#7616=DIRECTION('',(0.,0.,-1.));
#7617=DIRECTION('',(-1.,0.,0.));
#7618=DIRECTION('',(0.,0.,-1.));
#7619=DIRECTION('',(-1.,0.,0.));
#7620=DIRECTION('',(0.,0.,1.));
#7621=DIRECTION('',(1.,0.,0.));
#7622=DIRECTION('',(0.,0.,-1.));
#7623=DIRECTION('',(-1.,0.,0.));
#7624=DIRECTION('',(0.,0.,-1.));
#7625=DIRECTION('',(-1.,0.,0.));
#7626=DIRECTION('',(0.,0.,-1.));
#7627=DIRECTION('',(-1.,0.,0.));
#7628=DIRECTION('',(0.,0.,-1.));
#7629=DIRECTION('',(-1.,0.,0.));
#7630=DIRECTION('',(0.,0.,-1.));
#7631=DIRECTION('',(-1.,0.,0.));
#7632=DIRECTION('',(0.,0.,1.));
#7633=DIRECTION('',(1.,0.,2.38993214397247E-17));
#7634=DIRECTION('',(0.,0.,-1.));
#7635=DIRECTION('',(-1.,0.,0.));
#7636=DIRECTION('',(0.,0.,-1.));
#7637=DIRECTION('',(-1.,0.,0.));
#7638=DIRECTION('',(0.,0.,-1.));
#7639=DIRECTION('',(-1.,0.,8.36226819608999E-17));
#7640=DIRECTION('',(0.,-1.,0.));
#7641=DIRECTION('',(0.,0.,1.));
#7642=DIRECTION('',(0.,-1.,0.));
#7643=DIRECTION('',(0.,0.,1.));
#7644=DIRECTION('',(0.,1.,0.));
#7645=DIRECTION('',(0.,0.,-1.));
#7646=DIRECTION('',(0.,-1.,0.));
#7647=DIRECTION('',(0.,0.,1.));
#7648=DIRECTION('',(0.,-1.,0.));
#7649=DIRECTION('',(0.,0.,1.));
#7650=DIRECTION('',(0.,-1.,0.));
#7651=DIRECTION('',(0.,0.,1.));
#7652=DIRECTION('',(0.,-1.,0.));
#7653=DIRECTION('',(0.,0.,1.));
#7654=DIRECTION('',(0.,1.,0.));
#7655=DIRECTION('',(0.,0.,-1.));
#7656=DIRECTION('',(0.,-1.,0.));
#7657=DIRECTION('',(0.,0.,1.));
#7658=DIRECTION('',(0.,-1.,0.));
#7659=DIRECTION('',(0.,0.,1.));
#7660=DIRECTION('',(0.,1.,0.));
#7661=DIRECTION('',(-1.22464679914735E-16,0.,1.));
#7662=DIRECTION('',(0.,1.,0.));
#7663=DIRECTION('',(-1.,0.,0.));
#7664=DIRECTION('',(0.,1.,0.));
#7665=DIRECTION('',(-1.,0.,0.));
#7666=DIRECTION('',(0.,1.,0.));
#7667=DIRECTION('',(-1.,0.,0.));
#7668=DIRECTION('',(0.,-1.,0.));
#7669=DIRECTION('',(-1.,0.,0.));
#7670=DIRECTION('',(0.,1.,0.));
#7671=DIRECTION('',(0.,0.,-1.));
#7672=DIRECTION('',(0.,1.,0.));
#7673=DIRECTION('',(-1.22464679914735E-16,0.,1.));
#7674=DIRECTION('',(0.,-1.,0.));
#7675=DIRECTION('',(0.,0.,1.));
#7676=DIRECTION('',(0.,1.,0.));
#7677=DIRECTION('',(0.,0.,-1.));
#7678=DIRECTION('',(0.,-1.,0.));
#7679=DIRECTION('',(-1.,0.,0.));
#7680=DIRECTION('',(0.,1.,0.));
#7681=DIRECTION('',(0.,0.,-0.999999999999999));
#7682=DIRECTION('',(0.,1.,0.));
#7683=DIRECTION('',(0.,0.,-1.));
#7684=DIRECTION('',(0.,-1.,0.));
#7685=DIRECTION('',(-1.,0.,0.));
#7686=DIRECTION('',(0.,1.,0.));
#7687=DIRECTION('',(0.,0.,-1.));
#7688=DIRECTION('',(0.,1.,0.));
#7689=DIRECTION('',(0.,0.,-1.));
#7690=DIRECTION('',(0.,-1.,0.));
#7691=DIRECTION('',(-1.,0.,0.));
#7692=DIRECTION('',(0.,1.,0.));
#7693=DIRECTION('',(0.,0.,-1.));
#7694=DIRECTION('',(0.,1.,0.));
#7695=DIRECTION('',(0.,0.,-1.));
#7696=DIRECTION('',(0.,1.,0.));
#7697=DIRECTION('',(-1.,0.,0.));
#7698=DIRECTION('',(0.,1.,0.));
#7699=DIRECTION('',(0.,0.,-1.));
#7700=DIRECTION('',(0.,-1.,0.));
#7701=DIRECTION('',(0.,0.,1.));
#7702=DIRECTION('',(0.,-1.,0.));
#7703=DIRECTION('',(0.,0.,1.));
#7704=DIRECTION('',(0.,-1.,0.));
#7705=DIRECTION('',(0.,0.,1.));
#7706=DIRECTION('',(0.,1.,0.));
#7707=DIRECTION('',(0.,0.,-1.));
#7708=DIRECTION('',(0.,-1.,0.));
#7709=DIRECTION('',(0.,0.,1.));
#7710=DIRECTION('',(0.,-1.,0.));
#7711=DIRECTION('',(0.,0.,1.));
#7712=DIRECTION('',(0.,-1.,0.));
#7713=DIRECTION('',(0.,0.,1.));
#7714=DIRECTION('',(0.,-1.,0.));
#7715=DIRECTION('',(0.,0.,1.));
#7716=DIRECTION('',(0.,1.,0.));
#7717=DIRECTION('',(0.,0.,-1.));
#7718=DIRECTION('',(0.,-1.,0.));
#7719=DIRECTION('',(0.,0.,1.));
#7720=DIRECTION('',(0.,-1.,0.));
#7721=DIRECTION('',(0.,0.,1.));
#7722=DIRECTION('',(0.,-1.,0.));
#7723=DIRECTION('',(0.,0.,1.));
#7724=DIRECTION('',(0.,-1.,0.));
#7725=DIRECTION('',(0.,0.,1.));
#7726=DIRECTION('',(0.,1.,0.));
#7727=DIRECTION('',(0.,0.,-1.));
#7728=DIRECTION('',(0.,-1.,0.));
#7729=DIRECTION('',(0.,0.,1.));
#7730=DIRECTION('',(0.,-1.,0.));
#7731=DIRECTION('',(0.,0.,1.));
#7732=DIRECTION('',(0.,-1.,0.));
#7733=DIRECTION('',(0.,0.,1.));
#7734=DIRECTION('',(0.,-1.,0.));
#7735=DIRECTION('',(0.,0.,1.));
#7736=DIRECTION('',(0.,1.,0.));
#7737=DIRECTION('',(0.,0.,-1.));
#7738=DIRECTION('',(0.,-1.,0.));
#7739=DIRECTION('',(0.,0.,1.));
#7740=DIRECTION('',(0.,-1.,0.));
#7741=DIRECTION('',(0.,0.,1.));
#7742=DIRECTION('',(-1.,0.,0.));
#7743=DIRECTION('',(0.,1.,0.));
#7744=DIRECTION('',(1.,0.,0.));
#7745=DIRECTION('',(0.,1.,0.));
#7746=DIRECTION('',(-1.,0.,0.));
#7747=DIRECTION('',(0.,1.,0.));
#7748=DIRECTION('',(1.,0.,0.));
#7749=DIRECTION('',(0.,-1.,0.));
#7750=DIRECTION('',(-1.,0.,0.));
#7751=DIRECTION('',(0.,-1.,0.));
#7752=DIRECTION('',(1.,0.,0.));
#7753=DIRECTION('',(0.,-1.,0.));
#7754=DIRECTION('',(0.,0.,1.));
#7755=DIRECTION('',(1.,0.,0.));
#7756=DIRECTION('',(1.,0.,0.));
#7757=DIRECTION('',(0.,1.,0.));
#7758=DIRECTION('',(0.,0.,-1.));
#7759=DIRECTION('',(0.,0.,-1.));
#7760=DIRECTION('',(0.,-1.,0.));
#7761=DIRECTION('',(0.,0.,-1.));
#7762=DIRECTION('',(0.,-1.,0.));
#7763=DIRECTION('',(1.,0.,0.));
#7764=DIRECTION('',(0.,0.,-1.));
#7765=DIRECTION('',(0.,0.,-1.));
#7766=DIRECTION('',(0.,-1.,0.));
#7767=DIRECTION('',(0.,0.,-1.));
#7768=DIRECTION('',(1.,0.,0.));
#7769=DIRECTION('',(0.,0.,-1.));
#7770=DIRECTION('',(-1.,0.,0.));
#7771=DIRECTION('',(0.,0.,1.));
#7772=DIRECTION('',(1.,0.,0.));
#7773=DIRECTION('',(0.,0.,-1.));
#7774=DIRECTION('',(0.,0.,-1.));
#7775=DIRECTION('',(1.,0.,0.));
#7776=DIRECTION('',(0.,1.,0.));
#7777=DIRECTION('',(0.,0.,1.));
#7778=DIRECTION('',(0.,0.,-1.));
#7779=DIRECTION('',(0.,1.,0.));
#7780=DIRECTION('',(-1.,0.,0.));
#7781=DIRECTION('',(0.,0.,1.));
#7782=DIRECTION('',(0.,0.,-1.));
#7783=DIRECTION('',(-1.,0.,0.));
#7784=DIRECTION('',(0.,-1.,0.));
#7785=DIRECTION('',(0.,0.,-1.));
#7786=DIRECTION('',(0.,0.,-1.));
#7787=DIRECTION('',(0.,1.,0.));
#7788=DIRECTION('',(-1.,0.,0.));
#7789=DIRECTION('',(0.,0.,1.));
#7790=DIRECTION('',(0.,0.,-1.));
#7791=DIRECTION('',(1.,0.,0.));
#7792=DIRECTION('',(0.,1.,0.));
#7793=DIRECTION('',(0.,0.,1.));
#7794=DIRECTION('',(0.,0.,-1.));
#7795=DIRECTION('',(1.,0.,0.));
#7796=DIRECTION('',(0.,1.,0.));
#7797=DIRECTION('',(0.,-1.,0.));
#7798=DIRECTION('',(0.,0.,-1.));
#7799=DIRECTION('',(0.,1.,0.));
#7800=DIRECTION('',(-1.,0.,0.));
#7801=DIRECTION('',(0.,0.,1.));
#7802=DIRECTION('',(-1.,0.,0.));
#7803=DIRECTION('',(-1.,0.,0.));
#7804=DIRECTION('',(0.,-1.,0.));
#7805=DIRECTION('',(0.,0.,-1.));
#7806=DIRECTION('',(0.,0.,-1.));
#7807=DIRECTION('',(1.,0.,0.));
#7808=DIRECTION('',(0.,1.,0.));
#7809=DIRECTION('',(0.,0.,1.));
#7810=DIRECTION('',(0.,0.,-1.));
#7811=DIRECTION('',(0.,-1.,0.));
#7812=DIRECTION('',(1.,0.,0.));
#7813=DIRECTION('',(0.,0.,-1.));
#7814=DIRECTION('',(-1.,0.,0.));
#7815=DIRECTION('',(0.,-1.,0.));
#7816=DIRECTION('',(0.,0.,-1.));
#7817=DIRECTION('',(0.,0.,1.));
#7818=DIRECTION('',(1.,0.,0.));
#7819=DIRECTION('',(0.,0.,1.));
#7820=DIRECTION('',(1.,0.,0.));
#7821=DIRECTION('',(0.,0.,-1.));
#7822=DIRECTION('',(-1.,0.,0.));
#7823=DIRECTION('',(0.,0.,1.));
#7824=DIRECTION('',(1.,0.,0.));
#7825=DIRECTION('',(1.,0.,0.));
#7826=DIRECTION('',(0.,1.,0.));
#7827=DIRECTION('',(0.,0.,1.));
#7828=DIRECTION('',(0.,0.,1.));
#7829=DIRECTION('',(1.,0.,0.));
#7830=DIRECTION('',(0.,0.,1.));
#7831=DIRECTION('',(1.,0.,0.));
#7832=DIRECTION('',(0.,0.,-1.));
#7833=DIRECTION('',(-1.,0.,0.));
#7834=DIRECTION('',(1.,0.,0.));
#7835=DIRECTION('',(0.,0.,-1.));
#7836=DIRECTION('',(-1.,0.,0.));
#7837=DIRECTION('',(-1.,0.,0.));
#7838=DIRECTION('',(0.,0.,1.));
#7839=DIRECTION('',(0.,0.,-1.));
#7840=DIRECTION('',(-1.,0.,0.));
#7841=DIRECTION('',(0.,0.,1.));
#7842=DIRECTION('',(-1.,0.,0.));
#7843=DIRECTION('',(0.,0.,-1.));
#7844=DIRECTION('',(-1.,0.,0.));
#7845=DIRECTION('',(0.,0.,1.));
#7846=DIRECTION('',(1.,0.,3.11720301163847E-17));
#7847=DIRECTION('',(0.,0.,-1.));
#7848=DIRECTION('',(-1.,0.,5.20417042793043E-17));
#7849=DIRECTION('',(0.,0.,-1.));
#7850=DIRECTION('',(1.,0.,0.));
#7851=DIRECTION('',(0.,0.,1.));
#7852=DIRECTION('',(1.,0.,3.11099158788309E-17));
#7853=DIRECTION('',(0.,0.,-1.));
#7854=DIRECTION('',(1.,0.,0.));
#7855=DIRECTION('',(0.,0.,1.));
#7856=DIRECTION('',(1.,0.,0.));
#7857=DIRECTION('',(0.,0.,-1.));
#7858=DIRECTION('',(1.,0.,0.));
#7859=DIRECTION('',(0.,0.,-1.));
#7860=DIRECTION('',(-1.,0.,0.));
#7861=DIRECTION('',(0.,0.,1.));
#7862=DIRECTION('',(1.,0.,0.));
#7863=DIRECTION('',(0.,0.,-1.));
#7864=DIRECTION('',(1.,0.,0.));
#7865=DIRECTION('',(0.,0.,1.));
#7866=DIRECTION('',(1.,0.,3.11099158788309E-17));
#7867=DIRECTION('',(0.,0.,-1.));
#7868=DIRECTION('',(1.,0.,0.));
#7869=DIRECTION('',(0.,0.,1.));
#7870=DIRECTION('',(1.,0.,0.));
#7871=DIRECTION('',(0.,0.,-1.));
#7872=DIRECTION('',(1.,0.,0.));
#7873=DIRECTION('',(0.,0.,-1.));
#7874=DIRECTION('',(-1.,0.,0.));
#7875=DIRECTION('',(0.,0.,1.));
#7876=DIRECTION('',(1.,0.,0.));
#7877=DIRECTION('',(0.,1.,0.));
#7878=DIRECTION('',(0.,0.,1.));
#7879=DIRECTION('',(0.,1.,0.));
#7880=DIRECTION('',(-1.,0.,0.));
#7881=DIRECTION('',(0.,0.,1.));
#7882=DIRECTION('',(1.,0.,0.));
#7883=DIRECTION('',(0.,1.,0.));
#7884=DIRECTION('',(0.,0.,1.));
#7885=DIRECTION('',(1.,0.,0.));
#7886=DIRECTION('',(0.,0.,-1.));
#7887=DIRECTION('',(0.,1.,0.));
#7888=DIRECTION('',(1.,0.,0.));
#7889=DIRECTION('',(0.,0.,-1.));
#7890=DIRECTION('',(-1.,0.,0.));
#7891=DIRECTION('',(0.,0.,-1.));
#7892=DIRECTION('',(-1.,0.,0.));
#7893=DIRECTION('',(0.,1.,0.));
#7894=DIRECTION('',(0.,0.,1.));
#7895=DIRECTION('',(0.,0.,1.));
#7896=DIRECTION('',(1.,0.,0.));
#7897=DIRECTION('',(0.,0.,1.));
#7898=DIRECTION('',(1.,0.,0.));
#7899=DIRECTION('',(0.,0.,-1.));
#7900=DIRECTION('',(-1.,0.,0.));
#7901=DIRECTION('',(0.,0.,1.));
#7902=DIRECTION('',(1.,0.,0.));
#7903=DIRECTION('',(0.,0.,1.));
#7904=DIRECTION('',(1.,0.,0.));
#7905=DIRECTION('',(0.,0.,1.));
#7906=DIRECTION('',(1.,0.,0.));
#7907=DIRECTION('',(0.,0.,1.));
#7908=DIRECTION('',(1.,0.,0.));
#7909=DIRECTION('',(0.,0.,1.));
#7910=DIRECTION('',(1.,0.,0.));
#7911=DIRECTION('',(0.,0.,-1.));
#7912=DIRECTION('',(-1.,0.,-2.38993214397247E-17));
#7913=DIRECTION('',(0.,0.,1.));
#7914=DIRECTION('',(1.,0.,0.));
#7915=DIRECTION('',(0.,0.,1.));
#7916=DIRECTION('',(1.,0.,0.));
#7917=DIRECTION('',(0.,0.,1.));
#7918=DIRECTION('',(1.,0.,-8.36226819608999E-17));
#7919=DIRECTION('',(0.,0.,1.));
#7920=DIRECTION('',(1.,0.,0.));
#7921=DIRECTION('',(0.,0.,1.));
#7922=DIRECTION('',(1.,0.,0.));
#7923=DIRECTION('',(0.,0.,-1.));
#7924=DIRECTION('',(-1.,0.,0.));
#7925=DIRECTION('',(0.,0.,1.));
#7926=DIRECTION('',(1.,0.,0.));
#7927=DIRECTION('',(0.,0.,1.));
#7928=DIRECTION('',(1.,0.,0.));
#7929=DIRECTION('',(0.,0.,1.));
#7930=DIRECTION('',(1.,0.,0.));
#7931=DIRECTION('',(0.,0.,1.));
#7932=DIRECTION('',(1.,0.,0.));
#7933=DIRECTION('',(0.,0.,1.));
#7934=DIRECTION('',(1.,0.,0.));
#7935=DIRECTION('',(0.,0.,-1.));
#7936=DIRECTION('',(-1.,0.,-2.38993214397247E-17));
#7937=DIRECTION('',(0.,0.,1.));
#7938=DIRECTION('',(1.,0.,0.));
#7939=DIRECTION('',(0.,0.,1.));
#7940=DIRECTION('',(1.,0.,0.));
#7941=DIRECTION('',(0.,0.,1.));
#7942=DIRECTION('',(1.,0.,-8.36226819608999E-17));
#7943=DIRECTION('',(1.,0.,0.));
#7944=DIRECTION('',(0.,0.,1.));
#7945=DIRECTION('',(1.,0.,0.));
#7946=DIRECTION('',(0.,0.,1.));
#7947=DIRECTION('',(-1.,0.,0.));
#7948=DIRECTION('',(0.,0.,-1.));
#7949=DIRECTION('',(1.,0.,0.));
#7950=DIRECTION('',(0.,0.,1.));
#7951=DIRECTION('',(1.,0.,0.));
#7952=DIRECTION('',(0.,0.,1.));
#7953=DIRECTION('',(1.,0.,0.));
#7954=DIRECTION('',(0.,0.,1.));
#7955=DIRECTION('',(1.,0.,0.));
#7956=DIRECTION('',(0.,0.,1.));
#7957=DIRECTION('',(1.,0.,0.));
#7958=DIRECTION('',(0.,0.,1.));
#7959=DIRECTION('',(-1.,0.,0.));
#7960=DIRECTION('',(-5.97483035993117E-17,0.,-1.));
#7961=DIRECTION('',(1.,0.,0.));
#7962=DIRECTION('',(0.,0.,1.));
#7963=DIRECTION('',(1.,0.,0.));
#7964=DIRECTION('',(0.,0.,1.));
#7965=DIRECTION('',(1.,0.,0.));
#7966=DIRECTION('',(7.16765845379142E-17,0.,1.));
#7967=CARTESIAN_POINT('',(0.,0.,0.));
#7968=CARTESIAN_POINT('',(0.,0.,0.));
#7969=CARTESIAN_POINT('Point1',(0.,0.,0.));
#7970=CARTESIAN_POINT('',(0.,0.,0.));
#7971=CARTESIAN_POINT('',(9.4,7.5,12.5));
#7972=CARTESIAN_POINT('',(9.4,7.5,15.15));
#7973=CARTESIAN_POINT('',(9.4,7.5,12.5));
#7974=CARTESIAN_POINT('',(9.4,7.5,15.8267949192431));
#7975=CARTESIAN_POINT('',(9.4,4.1732050807569,12.5));
#7976=CARTESIAN_POINT('',(12.4,7.5,12.5));
#7977=CARTESIAN_POINT('',(12.4,7.5,15.15));
#7978=CARTESIAN_POINT('',(12.4,7.5,12.5));
#7979=CARTESIAN_POINT('',(12.4,7.5,12.5));
#7980=CARTESIAN_POINT('',(12.4,7.5,15.8267949192431));
#7981=CARTESIAN_POINT('',(12.4,4.85,12.5));
#7982=CARTESIAN_POINT('',(12.1,7.5,12.5));
#7983=CARTESIAN_POINT('',(12.1,7.5,16.));
#7984=CARTESIAN_POINT('',(12.4,7.5,12.5));
#7985=CARTESIAN_POINT('',(9.7,7.5,12.5));
#7986=CARTESIAN_POINT('',(9.7,7.5,16.));
#7987=CARTESIAN_POINT('',(12.4,7.5,12.5));
#7988=CARTESIAN_POINT('',(9.7,7.5,12.5));
#7989=CARTESIAN_POINT('',(-5.,60.,-33.));
#7990=CARTESIAN_POINT('',(-5.,60.,-23.3103335350916));
#7991=CARTESIAN_POINT('',(-5.,60.,-5.9));
#7992=CARTESIAN_POINT('',(-5.,57.55,-5.9));
#7993=CARTESIAN_POINT('',(-5.,59.9,-5.9));
#7994=CARTESIAN_POINT('',(-5.,59.9,-33.));
#7995=CARTESIAN_POINT('',(-5.,59.9,-5.8));
#7996=CARTESIAN_POINT('',(-5.,57.55,-5.8));
#7997=CARTESIAN_POINT('',(-5.,59.1,-5.8));
#7998=CARTESIAN_POINT('',(-5.,59.1,-33.));
#7999=CARTESIAN_POINT('',(-5.,59.1,5.8));
#8000=CARTESIAN_POINT('',(-5.,57.55,5.8));
#8001=CARTESIAN_POINT('',(-5.,59.9,5.8));
#8002=CARTESIAN_POINT('',(-5.,59.9,-33.));
#8003=CARTESIAN_POINT('',(-5.,59.9,5.9));
#8004=CARTESIAN_POINT('',(-5.,57.55,5.9));
#8005=CARTESIAN_POINT('',(-5.,60.,5.9));
#8006=CARTESIAN_POINT('',(-5.,60.,-33.));
#8007=CARTESIAN_POINT('',(-5.,60.,23.3103335350916));
#8008=CARTESIAN_POINT('',(-5.,60.,23.3103335350916));
#8009=CARTESIAN_POINT('',(-5.,57.55,23.3103335350916));
#8010=CARTESIAN_POINT('',(-5.,57.55,-33.));
#8011=CARTESIAN_POINT('',(-5.,57.55,-23.3103335350916));
#8012=CARTESIAN_POINT('',(-5.,60.,-23.3103335350916));
#8013=CARTESIAN_POINT('',(-5.,57.55,-33.));
#8014=CARTESIAN_POINT('',(5.,60.,-33.));
#8015=CARTESIAN_POINT('',(5.,60.,5.9));
#8016=CARTESIAN_POINT('',(5.,60.,23.3103335350916));
#8017=CARTESIAN_POINT('',(5.,60.,5.9));
#8018=CARTESIAN_POINT('',(5.,59.9,5.9));
#8019=CARTESIAN_POINT('',(5.,59.9,-33.));
#8020=CARTESIAN_POINT('',(5.,59.9,5.8));
#8021=CARTESIAN_POINT('',(5.,60.,5.8));
#8022=CARTESIAN_POINT('',(5.,59.1,5.8));
#8023=CARTESIAN_POINT('',(5.,59.1,-33.));
#8024=CARTESIAN_POINT('',(5.,59.1,-5.8));
#8025=CARTESIAN_POINT('',(5.,60.,-5.8));
#8026=CARTESIAN_POINT('',(5.,59.9,-5.8));
#8027=CARTESIAN_POINT('',(5.,59.9,-33.));
#8028=CARTESIAN_POINT('',(5.,59.9,-5.9));
#8029=CARTESIAN_POINT('',(5.,60.,-5.9));
#8030=CARTESIAN_POINT('',(5.,60.,-5.9));
#8031=CARTESIAN_POINT('',(5.,60.,-33.));
#8032=CARTESIAN_POINT('',(5.,60.,-23.3103335350916));
#8033=CARTESIAN_POINT('',(5.,60.,-23.3103335350916));
#8034=CARTESIAN_POINT('',(5.,57.55,-23.3103335350916));
#8035=CARTESIAN_POINT('',(5.,57.55,-33.));
#8036=CARTESIAN_POINT('',(5.,57.55,23.3103335350916));
#8037=CARTESIAN_POINT('',(5.,60.,23.3103335350916));
#8038=CARTESIAN_POINT('',(5.,60.,-33.));
#8039=CARTESIAN_POINT('',(-6.4,60.,5.9));
#8040=CARTESIAN_POINT('',(6.4,60.,5.9));
#8041=CARTESIAN_POINT('',(0.,60.,-42.4999999999856));
#8042=CARTESIAN_POINT('',(10.664634146341,60.,22.632676733915));
#8043=CARTESIAN_POINT('',(10.5999999999986,60.,22.2379332385566));
#8044=CARTESIAN_POINT('',(11.,60.,22.237933238558));
#8045=CARTESIAN_POINT('',(11.,60.,22.237933238558));
#8046=CARTESIAN_POINT('',(11.,60.,-22.237933238558));
#8047=CARTESIAN_POINT('',(10.5999999999985,60.,-22.2379332385566));
#8048=CARTESIAN_POINT('',(10.664634146341,60.,-22.632676733915));
#8049=CARTESIAN_POINT('',(0.,60.,42.4999999999856));
#8050=CARTESIAN_POINT('',(6.4,60.,-5.9));
#8051=CARTESIAN_POINT('',(6.39999999999999,60.,-5.9));
#8052=CARTESIAN_POINT('',(6.39999999999999,60.,-4.79999999999999));
#8053=CARTESIAN_POINT('',(7.5,60.,-4.8));
#8054=CARTESIAN_POINT('',(7.5,60.,4.8));
#8055=CARTESIAN_POINT('',(7.5,60.,4.8));
#8056=CARTESIAN_POINT('',(6.39999999999999,60.,4.79999999999999));
#8057=CARTESIAN_POINT('',(10.5999999999985,60.,-22.2379332385566));
#8058=CARTESIAN_POINT('',(6.4,60.,-5.9));
#8059=CARTESIAN_POINT('',(-6.4,60.,-5.9));
#8060=CARTESIAN_POINT('',(0.,60.,42.4999999999856));
#8061=CARTESIAN_POINT('',(-10.664634146341,60.,-22.632676733915));
#8062=CARTESIAN_POINT('',(-10.5999999999986,60.,-22.2379332385566));
#8063=CARTESIAN_POINT('',(-11.,60.,-22.2379332385566));
#8064=CARTESIAN_POINT('',(-11.,60.,-22.237933238558));
#8065=CARTESIAN_POINT('',(-11.,60.,22.237933238558));
#8066=CARTESIAN_POINT('',(-10.5999999999985,60.,22.2379332385566));
#8067=CARTESIAN_POINT('',(-10.664634146341,60.,22.632676733915));
#8068=CARTESIAN_POINT('',(0.,60.,-42.4999999999856));
#8069=CARTESIAN_POINT('',(-6.4,60.,5.9));
#8070=CARTESIAN_POINT('',(-6.39999999999999,60.,5.9));
#8071=CARTESIAN_POINT('',(-6.39999999999999,60.,4.79999999999999));
#8072=CARTESIAN_POINT('',(-7.5,60.,4.8));
#8073=CARTESIAN_POINT('',(-7.5,60.,-4.8));
#8074=CARTESIAN_POINT('',(-7.5,60.,-4.79999999999999));
#8075=CARTESIAN_POINT('',(-6.39999999999999,60.,-4.79999999999999));
#8076=CARTESIAN_POINT('',(10.5999999999985,60.,-22.2379332385566));
#8077=CARTESIAN_POINT('',(0.,57.55,42.4999999999856));
#8078=CARTESIAN_POINT('',(-3.,57.55,-23.4317829275077));
#8079=CARTESIAN_POINT('',(-3.,60.,-23.4317829275077));
#8080=CARTESIAN_POINT('',(-3.,54.,-23.4317829275077));
#8081=CARTESIAN_POINT('',(0.,54.,42.4999999999856));
#8082=CARTESIAN_POINT('',(-5.,54.,-23.3103335350916));
#8083=CARTESIAN_POINT('',(-5.,60.,-23.3103335350916));
#8084=CARTESIAN_POINT('',(-5.,47.5,-23.3103335350916));
#8085=CARTESIAN_POINT('',(0.,47.5,42.4999999999856));
#8086=CARTESIAN_POINT('',(5.,47.5,-23.3103335350916));
#8087=CARTESIAN_POINT('',(5.,60.,-23.3103335350916));
#8088=CARTESIAN_POINT('',(5.,54.,-23.3103335350916));
#8089=CARTESIAN_POINT('',(0.,54.,42.4999999999856));
#8090=CARTESIAN_POINT('',(3.,54.,-23.4317829275077));
#8091=CARTESIAN_POINT('',(3.,60.,-23.4317829275077));
#8092=CARTESIAN_POINT('',(3.,57.55,-23.4317829275077));
#8093=CARTESIAN_POINT('',(0.,57.55,42.4999999999856));
#8094=CARTESIAN_POINT('',(10.664634146341,60.,-22.632676733915));
#8095=CARTESIAN_POINT('',(10.664634146341,41.1,-22.632676733915));
#8096=CARTESIAN_POINT('',(0.,41.1,42.4999999999856));
#8097=CARTESIAN_POINT('',(-10.664634146341,41.1,-22.632676733915));
#8098=CARTESIAN_POINT('',(-10.664634146341,60.,-22.632676733915));
#8099=CARTESIAN_POINT('',(0.,60.,42.4999999999856));
#8100=CARTESIAN_POINT('',(-10.664634146341,60.,22.632676733915));
#8101=CARTESIAN_POINT('',(-10.664634146341,41.1,22.632676733915));
#8102=CARTESIAN_POINT('',(0.,41.1,-42.4999999999856));
#8103=CARTESIAN_POINT('',(10.664634146341,41.1,22.632676733915));
#8104=CARTESIAN_POINT('',(10.664634146341,60.,22.632676733915));
#8105=CARTESIAN_POINT('',(0.,57.55,-42.4999999999856));
#8106=CARTESIAN_POINT('',(3.,57.55,23.4317829275077));
#8107=CARTESIAN_POINT('',(3.,60.,23.4317829275077));
#8108=CARTESIAN_POINT('',(3.,54.,23.4317829275077));
#8109=CARTESIAN_POINT('',(0.,54.,-42.4999999999856));
#8110=CARTESIAN_POINT('',(5.,54.,23.3103335350916));
#8111=CARTESIAN_POINT('',(5.,60.,23.3103335350916));
#8112=CARTESIAN_POINT('',(5.,47.5,23.3103335350916));
#8113=CARTESIAN_POINT('',(0.,47.5,-42.4999999999856));
#8114=CARTESIAN_POINT('',(-5.,47.5,23.3103335350916));
#8115=CARTESIAN_POINT('',(-5.,60.,23.3103335350916));
#8116=CARTESIAN_POINT('',(-5.,54.,23.3103335350916));
#8117=CARTESIAN_POINT('',(0.,54.,-42.4999999999856));
#8118=CARTESIAN_POINT('',(-3.,54.,23.4317829275077));
#8119=CARTESIAN_POINT('',(-3.,60.,23.4317829275077));
#8120=CARTESIAN_POINT('',(-3.,57.55,23.4317829275077));
#8121=CARTESIAN_POINT('',(0.,57.55,-42.4999999999856));
#8122=CARTESIAN_POINT('',(0.,60.,-42.4999999999856));
#8123=CARTESIAN_POINT('',(0.,38.1,-42.4999999999933));
#8124=CARTESIAN_POINT('',(-10.614427480916,38.1,22.539556650183));
#8125=CARTESIAN_POINT('',(-2.6,38.1,23.3486901919848));
#8126=CARTESIAN_POINT('',(-10.5499999999998,38.1,22.1447793715777));
#8127=CARTESIAN_POINT('',(-10.95,38.1,22.144779371578));
#8128=CARTESIAN_POINT('',(-10.95,38.1,-22.144779371578));
#8129=CARTESIAN_POINT('',(-10.95,38.1,-22.1447793715777));
#8130=CARTESIAN_POINT('',(-10.5499999999998,38.1,-22.1447793715777));
#8131=CARTESIAN_POINT('',(-10.614427480916,38.1,-22.539556650183));
#8132=CARTESIAN_POINT('',(0.,38.1,42.4999999999933));
#8133=CARTESIAN_POINT('',(-2.6,38.1,-23.3486901919848));
#8134=CARTESIAN_POINT('',(-2.6,38.1,-22.2));
#8135=CARTESIAN_POINT('',(-2.6,38.1,-23.448767994558));
#8136=CARTESIAN_POINT('',(-1.37390099297363E-12,38.1,42.499999999948));
#8137=CARTESIAN_POINT('',(-10.664634146341,38.1,-22.632676733915));
#8138=CARTESIAN_POINT('',(-10.5999999999986,38.1,-22.2379332385566));
#8139=CARTESIAN_POINT('',(-11.,38.1,-22.2379332385566));
#8140=CARTESIAN_POINT('',(-11.,38.1,-22.237933238558));
#8141=CARTESIAN_POINT('',(-11.,38.1,22.237933238558));
#8142=CARTESIAN_POINT('',(-10.5999999999985,38.1,22.2379332385566));
#8143=CARTESIAN_POINT('',(-10.664634146341,38.1,22.632676733915));
#8144=CARTESIAN_POINT('',(2.28983498828939E-13,38.1,-42.4999999999639));
#8145=CARTESIAN_POINT('',(-2.60000000000003,38.1,23.448767994558));
#8146=CARTESIAN_POINT('',(-2.6,38.1,23.448767994558));
#8147=CARTESIAN_POINT('',(10.5999999999985,38.1,-22.2379332385566));
#8148=CARTESIAN_POINT('',(11.,7.5,12.5));
#8149=CARTESIAN_POINT('',(11.,7.5,8.8));
#8150=CARTESIAN_POINT('',(11.,7.5,-12.5));
#8151=CARTESIAN_POINT('',(11.,7.5,-16.2));
#8152=CARTESIAN_POINT('',(11.,0.,22.237933238558));
#8153=CARTESIAN_POINT('',(11.,0.,22.237933238558));
#8154=CARTESIAN_POINT('',(11.,0.,-22.237933238558));
#8155=CARTESIAN_POINT('',(11.,38.1,-22.237933238558));
#8156=CARTESIAN_POINT('',(11.,38.1,-22.237933238558));
#8157=CARTESIAN_POINT('',(11.,38.1,22.237933238558));
#8158=CARTESIAN_POINT('',(11.,38.1,22.237933238558));
#8159=CARTESIAN_POINT('',(11.,38.1,22.237933238558));
#8160=CARTESIAN_POINT('',(11.,38.1,22.237933238558));
#8161=CARTESIAN_POINT('',(10.5999999999985,0.,-22.2379332385566));
#8162=CARTESIAN_POINT('',(10.664634146341,0.,-22.632676733915));
#8163=CARTESIAN_POINT('',(10.664634146341,38.1,-22.632676733915));
#8164=CARTESIAN_POINT('',(10.664634146341,38.1,-22.632676733915));
#8165=CARTESIAN_POINT('',(10.5999999999985,38.1,-22.2379332385566));
#8166=CARTESIAN_POINT('',(10.5999999999985,38.1,-22.2379332385566));
#8167=CARTESIAN_POINT('',(-2.28983498828939E-13,0.,42.4999999999639));
#8168=CARTESIAN_POINT('',(2.60000000000001,0.,-23.448767994558));
#8169=CARTESIAN_POINT('',(2.60000000000001,38.1,-23.448767994558));
#8170=CARTESIAN_POINT('',(2.60000000000001,38.1,-23.448767994558));
#8171=CARTESIAN_POINT('',(-2.28983498828939E-13,38.1,42.4999999999639));
#8172=CARTESIAN_POINT('',(-2.28983498828939E-13,38.1,42.4999999999639));
#8173=CARTESIAN_POINT('',(2.6,0.,-23.448767994558));
#8174=CARTESIAN_POINT('',(2.6,0.,-22.2));
#8175=CARTESIAN_POINT('',(2.6,38.1,-22.2));
#8176=CARTESIAN_POINT('',(2.6,38.1,-22.2));
#8177=CARTESIAN_POINT('',(2.6,38.1,-23.448767994558));
#8178=CARTESIAN_POINT('',(2.6,38.1,-23.3486901919848));
#8179=CARTESIAN_POINT('',(2.6,38.1,-23.448767994558));
#8180=CARTESIAN_POINT('',(2.6,38.1,-23.448767994558));
#8181=CARTESIAN_POINT('',(2.6,0.,-22.2));
#8182=CARTESIAN_POINT('',(3.25,0.,-22.2));
#8183=CARTESIAN_POINT('',(3.25,38.1,-22.2));
#8184=CARTESIAN_POINT('',(3.25,38.1,-22.2));
#8185=CARTESIAN_POINT('',(2.6,38.1,-22.2));
#8186=CARTESIAN_POINT('',(2.6,38.1,-22.2));
#8187=CARTESIAN_POINT('',(3.25,0.,-22.2));
#8188=CARTESIAN_POINT('',(3.25,0.,-19.));
#8189=CARTESIAN_POINT('',(3.25,38.1,-19.));
#8190=CARTESIAN_POINT('',(3.25,38.1,-19.));
#8191=CARTESIAN_POINT('',(3.25,38.1,-22.2));
#8192=CARTESIAN_POINT('',(3.25,38.1,-22.2));
#8193=CARTESIAN_POINT('',(3.25,0.,-19.));
#8194=CARTESIAN_POINT('',(-3.25,0.,-19.));
#8195=CARTESIAN_POINT('',(-3.25,38.1,-19.));
#8196=CARTESIAN_POINT('',(-3.25,38.1,-19.));
#8197=CARTESIAN_POINT('',(3.25,38.1,-19.));
#8198=CARTESIAN_POINT('',(3.25,38.1,-19.));
#8199=CARTESIAN_POINT('',(-3.25,0.,-19.));
#8200=CARTESIAN_POINT('',(-3.25,0.,-22.2));
#8201=CARTESIAN_POINT('',(-3.25,38.1,-22.2));
#8202=CARTESIAN_POINT('',(-3.25,38.1,-22.2));
#8203=CARTESIAN_POINT('',(-3.25,38.1,-19.));
#8204=CARTESIAN_POINT('',(-3.25,38.1,-19.));
#8205=CARTESIAN_POINT('',(-3.25,0.,-22.2));
#8206=CARTESIAN_POINT('',(-2.6,0.,-22.2));
#8207=CARTESIAN_POINT('',(-2.6,38.1,-22.2));
#8208=CARTESIAN_POINT('',(-2.6,38.1,-22.2));
#8209=CARTESIAN_POINT('',(-3.25,38.1,-22.2));
#8210=CARTESIAN_POINT('',(-3.25,38.1,-22.2));
#8211=CARTESIAN_POINT('',(-2.6,0.,-22.2));
#8212=CARTESIAN_POINT('',(-2.6,0.,-23.448767994558));
#8213=CARTESIAN_POINT('',(-2.6,38.1,-23.448767994558));
#8214=CARTESIAN_POINT('',(-2.6,38.1,-22.2));
#8215=CARTESIAN_POINT('',(-2.6,38.1,-22.2));
#8216=CARTESIAN_POINT('',(-1.37390099297363E-12,0.,42.499999999948));
#8217=CARTESIAN_POINT('',(-10.664634146341,0.,-22.632676733915));
#8218=CARTESIAN_POINT('',(-10.664634146341,38.1,-22.632676733915));
#8219=CARTESIAN_POINT('',(-1.37390099297363E-12,38.1,42.499999999948));
#8220=CARTESIAN_POINT('',(-10.5999999999986,0.,-22.2379332385566));
#8221=CARTESIAN_POINT('',(-11.,0.,-22.2379332385566));
#8222=CARTESIAN_POINT('',(-11.,38.1,-22.2379332385566));
#8223=CARTESIAN_POINT('',(-10.5999999999986,38.1,-22.2379332385566));
#8224=CARTESIAN_POINT('',(-11.,7.5,12.5));
#8225=CARTESIAN_POINT('',(-11.,7.5,8.8));
#8226=CARTESIAN_POINT('',(-11.,7.5,-12.5));
#8227=CARTESIAN_POINT('',(-11.,7.5,-16.2));
#8228=CARTESIAN_POINT('',(-11.,0.,-22.237933238558));
#8229=CARTESIAN_POINT('',(-11.,0.,22.237933238558));
#8230=CARTESIAN_POINT('',(-11.,38.1,22.237933238558));
#8231=CARTESIAN_POINT('',(-11.,38.1,-22.237933238558));
#8232=CARTESIAN_POINT('',(-10.5999999999985,0.,22.2379332385566));
#8233=CARTESIAN_POINT('',(-10.664634146341,0.,22.632676733915));
#8234=CARTESIAN_POINT('',(-10.664634146341,38.1,22.632676733915));
#8235=CARTESIAN_POINT('',(-10.5999999999985,38.1,22.2379332385566));
#8236=CARTESIAN_POINT('',(2.28983498828939E-13,0.,-42.4999999999639));
#8237=CARTESIAN_POINT('',(-2.60000000000003,0.,23.448767994558));
#8238=CARTESIAN_POINT('',(-2.60000000000003,38.1,23.448767994558));
#8239=CARTESIAN_POINT('',(2.28983498828939E-13,38.1,-42.4999999999639));
#8240=CARTESIAN_POINT('',(-2.6,0.,23.448767994558));
#8241=CARTESIAN_POINT('',(-2.6,0.,22.2));
#8242=CARTESIAN_POINT('',(-2.6,38.1,22.2));
#8243=CARTESIAN_POINT('',(-2.6,38.1,22.2));
#8244=CARTESIAN_POINT('',(-2.6,38.1,23.448767994558));
#8245=CARTESIAN_POINT('',(-2.6,38.1,23.448767994558));
#8246=CARTESIAN_POINT('',(-2.6,0.,22.2));
#8247=CARTESIAN_POINT('',(-3.25,0.,22.2));
#8248=CARTESIAN_POINT('',(-3.25,38.1,22.2));
#8249=CARTESIAN_POINT('',(-3.25,38.1,22.2));
#8250=CARTESIAN_POINT('',(-2.6,38.1,22.2));
#8251=CARTESIAN_POINT('',(-2.6,38.1,22.2));
#8252=CARTESIAN_POINT('',(-3.25,0.,22.2));
#8253=CARTESIAN_POINT('',(-3.25,0.,19.));
#8254=CARTESIAN_POINT('',(-3.25,38.1,19.));
#8255=CARTESIAN_POINT('',(-3.25,38.1,19.));
#8256=CARTESIAN_POINT('',(-3.25,38.1,22.2));
#8257=CARTESIAN_POINT('',(-3.25,38.1,22.2));
#8258=CARTESIAN_POINT('',(-3.25,0.,19.));
#8259=CARTESIAN_POINT('',(3.25,0.,19.));
#8260=CARTESIAN_POINT('',(3.25,38.1,19.));
#8261=CARTESIAN_POINT('',(3.25,38.1,19.));
#8262=CARTESIAN_POINT('',(-3.25,38.1,19.));
#8263=CARTESIAN_POINT('',(-3.25,38.1,19.));
#8264=CARTESIAN_POINT('',(3.25,0.,19.));
#8265=CARTESIAN_POINT('',(3.25,0.,22.2));
#8266=CARTESIAN_POINT('',(3.25,38.1,22.2));
#8267=CARTESIAN_POINT('',(3.25,38.1,22.2));
#8268=CARTESIAN_POINT('',(3.25,38.1,19.));
#8269=CARTESIAN_POINT('',(3.25,38.1,19.));
#8270=CARTESIAN_POINT('',(3.25,0.,22.2));
#8271=CARTESIAN_POINT('',(2.6,0.,22.2));
#8272=CARTESIAN_POINT('',(2.6,38.1,22.2));
#8273=CARTESIAN_POINT('',(2.6,38.1,22.2));
#8274=CARTESIAN_POINT('',(3.25,38.1,22.2));
#8275=CARTESIAN_POINT('',(3.25,38.1,22.2));
#8276=CARTESIAN_POINT('',(2.6,0.,22.2));
#8277=CARTESIAN_POINT('',(2.6,0.,23.448767994558));
#8278=CARTESIAN_POINT('',(2.6,38.1,23.448767994558));
#8279=CARTESIAN_POINT('',(2.6,38.1,23.448767994558));
#8280=CARTESIAN_POINT('',(2.6,38.1,22.2));
#8281=CARTESIAN_POINT('',(2.6,38.1,23.3486901919848));
#8282=CARTESIAN_POINT('',(2.6,38.1,22.2));
#8283=CARTESIAN_POINT('',(2.6,38.1,22.2));
#8284=CARTESIAN_POINT('',(10.5582905813382,38.1,22.65));
#8285=CARTESIAN_POINT('',(10.5582905813382,32.5,22.65));
#8286=CARTESIAN_POINT('',(10.5582905813382,25.5,22.65));
#8287=CARTESIAN_POINT('',(1.37390099297363E-12,25.5,-42.499999999948));
#8288=CARTESIAN_POINT('',(7.,25.5,23.1277380381193));
#8289=CARTESIAN_POINT('',(7.,25.5,23.1277380381193));
#8290=CARTESIAN_POINT('',(6.60833130451639,25.5,23.1695142892952));
#8291=CARTESIAN_POINT('',(6.21084919715901,25.5676089847286,23.208169910522));
#8292=CARTESIAN_POINT('',(5.8405004574345,25.6976431430279,23.2410720509388));
#8293=CARTESIAN_POINT('',(5.4700925109183,25.8276980895857,23.2739794513443));
#8294=CARTESIAN_POINT('',(5.11661676688923,26.0238339606773,23.3020885373668));
#8295=CARTESIAN_POINT('',(4.80982615089368,26.2699563170728,23.3245058652035));
#8296=CARTESIAN_POINT('',(4.50415553450575,26.5151801552991,23.3468413541667));
#8297=CARTESIAN_POINT('',(4.23638010423447,26.8168114299609,23.3642258917973));
#8298=CARTESIAN_POINT('',(4.028996779871,27.1498270713301,23.3769093457474));
#8299=CARTESIAN_POINT('',(3.82215075297642,27.4819799217214,23.3895599388697));
#8300=CARTESIAN_POINT('',(3.6696654864785,27.8545213695828,23.3979579963928));
#8301=CARTESIAN_POINT('',(3.58427632273199,28.2365658112511,23.4026020976588));
#8302=CARTESIAN_POINT('',(3.49894878510414,28.6183345280491,23.4072428472356));
#8303=CARTESIAN_POINT('',(3.47826197169603,29.0201239519193,23.4082983091801));
#8304=CARTESIAN_POINT('',(3.52393899730601,29.4086562192725,23.4058559912797));
#8305=CARTESIAN_POINT('',(3.56961213329716,29.7971554012309,23.4034138813545));
#8306=CARTESIAN_POINT('',(3.68289828020522,30.1831141917461,23.3973881012682));
#8307=CARTESIAN_POINT('',(3.85435587851344,30.5345758570227,23.3873579737555));
#8308=CARTESIAN_POINT('',(4.02581734317298,30.886045447724,23.3773276200644));
#8309=CARTESIAN_POINT('',(4.26017826341366,31.2126999521063,23.362951376944));
#8310=CARTESIAN_POINT('',(4.53787707326534,31.4875591839487,23.3438127060392));
#8311=CARTESIAN_POINT('',(4.81567840274622,31.7625198871174,23.3246669696037));
#8312=CARTESIAN_POINT('',(5.14447743886017,31.9932109974987,23.3001474924576));
#8313=CARTESIAN_POINT('',(5.49688440866544,32.1607979244309,23.2706945515843));
#8314=CARTESIAN_POINT('',(5.8499068123519,32.3286775205829,23.2411901749015));
#8315=CARTESIAN_POINT('',(6.23627509342105,32.4378587533591,23.2058657706354));
#8316=CARTESIAN_POINT('',(6.62408092884608,32.4797535619556,23.166746164616));
#8317=CARTESIAN_POINT('',(6.74888486955586,32.4932361780756,23.1541566660983));
#8318=CARTESIAN_POINT('',(6.87455176397753,32.5,23.1411186250237));
#8319=CARTESIAN_POINT('',(7.,32.5,23.1277380381193));
#8320=CARTESIAN_POINT('',(7.,32.5,23.1277380381193));
#8321=CARTESIAN_POINT('',(1.37390099297363E-12,32.5,-42.499999999948));
#8322=CARTESIAN_POINT('',(10.5582905813382,38.1,22.65));
#8323=CARTESIAN_POINT('',(10.5582905813382,14.5,22.65));
#8324=CARTESIAN_POINT('',(10.5582905813382,7.5,22.65));
#8325=CARTESIAN_POINT('',(1.37390099297363E-12,7.5,-42.499999999948));
#8326=CARTESIAN_POINT('',(7.,7.5,23.1277380381193));
#8327=CARTESIAN_POINT('',(7.,7.5,23.1277380381193));
#8328=CARTESIAN_POINT('',(6.60833130451639,7.5,23.1695142892952));
#8329=CARTESIAN_POINT('',(6.21084919715901,7.56760898472864,23.208169910522));
#8330=CARTESIAN_POINT('',(5.8405004574345,7.69764314302794,23.2410720509388));
#8331=CARTESIAN_POINT('',(5.4700925109183,7.8276980895857,23.2739794513443));
#8332=CARTESIAN_POINT('',(5.11661676688923,8.02383396067729,23.3020885373668));
#8333=CARTESIAN_POINT('',(4.80982615089368,8.26995631707278,23.3245058652035));
#8334=CARTESIAN_POINT('',(4.50415553450575,8.51518015529915,23.3468413541667));
#8335=CARTESIAN_POINT('',(4.23638010423447,8.81681142996088,23.3642258917973));
#8336=CARTESIAN_POINT('',(4.028996779871,9.14982707133005,23.3769093457474));
#8337=CARTESIAN_POINT('',(3.82215075297642,9.48197992172144,23.3895599388697));
#8338=CARTESIAN_POINT('',(3.6696654864785,9.8545213695828,23.3979579963928));
#8339=CARTESIAN_POINT('',(3.58427632273199,10.2365658112511,23.4026020976588));
#8340=CARTESIAN_POINT('',(3.49894878510414,10.6183345280491,23.4072428472356));
#8341=CARTESIAN_POINT('',(3.47826197169603,11.0201239519193,23.4082983091801));
#8342=CARTESIAN_POINT('',(3.52393899730601,11.4086562192724,23.4058559912797));
#8343=CARTESIAN_POINT('',(3.56961213329716,11.7971554012309,23.4034138813545));
#8344=CARTESIAN_POINT('',(3.68289828020521,12.1831141917461,23.3973881012683));
#8345=CARTESIAN_POINT('',(3.85435587851344,12.5345758570227,23.3873579737555));
#8346=CARTESIAN_POINT('',(4.02581734317298,12.8860454477239,23.3773276200644));
#8347=CARTESIAN_POINT('',(4.26017826341366,13.2126999521063,23.362951376944));
#8348=CARTESIAN_POINT('',(4.53787707326533,13.4875591839487,23.3438127060392));
#8349=CARTESIAN_POINT('',(4.81567840274622,13.7625198871174,23.3246669696037));
#8350=CARTESIAN_POINT('',(5.14447743886017,13.9932109974987,23.3001474924576));
#8351=CARTESIAN_POINT('',(5.49688440866544,14.1607979244309,23.2706945515843));
#8352=CARTESIAN_POINT('',(5.8499068123519,14.3286775205829,23.2411901749015));
#8353=CARTESIAN_POINT('',(6.23627509342105,14.4378587533591,23.2058657706354));
#8354=CARTESIAN_POINT('',(6.62408092884608,14.4797535619556,23.166746164616));
#8355=CARTESIAN_POINT('',(6.74888486955586,14.4932361780756,23.1541566660984));
#8356=CARTESIAN_POINT('',(6.87455176397753,14.5,23.1411186250237));
#8357=CARTESIAN_POINT('',(7.,14.5,23.1277380381193));
#8358=CARTESIAN_POINT('',(7.,14.5,23.1277380381193));
#8359=CARTESIAN_POINT('',(1.37390099297363E-12,14.5,-42.499999999948));
#8360=CARTESIAN_POINT('',(1.37390099297363E-12,0.,-42.499999999948));
#8361=CARTESIAN_POINT('',(10.664634146341,0.,22.632676733915));
#8362=CARTESIAN_POINT('',(10.664634146341,38.1,22.632676733915));
#8363=CARTESIAN_POINT('',(10.664634146341,38.1,22.632676733915));
#8364=CARTESIAN_POINT('',(1.37390099297363E-12,38.1,-42.499999999948));
#8365=CARTESIAN_POINT('',(1.37390099297363E-12,38.1,-42.499999999948));
#8366=CARTESIAN_POINT('',(10.5999999999986,0.,22.2379332385566));
#8367=CARTESIAN_POINT('',(10.5999999999986,38.1,22.2379332385566));
#8368=CARTESIAN_POINT('',(10.5999999999986,38.1,22.2379332385566));
#8369=CARTESIAN_POINT('',(0.,38.1,-42.4999999999933));
#8370=CARTESIAN_POINT('',(10.614427480916,38.1,22.539556650183));
#8371=CARTESIAN_POINT('',(0.,38.1,42.4999999999933));
#8372=CARTESIAN_POINT('',(10.614427480916,38.1,-22.539556650183));
#8373=CARTESIAN_POINT('',(10.5499999999998,38.1,-22.1447793715777));
#8374=CARTESIAN_POINT('',(10.95,38.1,-22.144779371578));
#8375=CARTESIAN_POINT('',(10.95,38.1,22.144779371578));
#8376=CARTESIAN_POINT('',(10.95,38.1,22.144779371578));
#8377=CARTESIAN_POINT('',(10.5499999999998,38.1,22.1447793715777));
#8378=CARTESIAN_POINT('',(10.5999999999985,38.1,-22.2379332385566));
#8379=CARTESIAN_POINT('',(0.,0.,12.5));
#8380=CARTESIAN_POINT('',(0.,0.,8.8));
#8381=CARTESIAN_POINT('',(0.,0.,-12.5));
#8382=CARTESIAN_POINT('',(0.,0.,-16.2));
#8383=CARTESIAN_POINT('',(10.5999999999985,0.,-22.2379332385566));
#8384=CARTESIAN_POINT('',(0.,38.1,42.4999999999933));
#8385=CARTESIAN_POINT('',(10.5499999999998,38.1,-22.1447793715777));
#8386=CARTESIAN_POINT('',(0.,38.1,-42.4999999999933));
#8387=CARTESIAN_POINT('',(10.5499999999998,38.1,-22.1447793715777));
#8388=CARTESIAN_POINT('',(10.95,41.1,22.144779371578));
#8389=CARTESIAN_POINT('',(10.95,41.1,22.144779371578));
#8390=CARTESIAN_POINT('',(10.95,41.1,-22.144779371578));
#8391=CARTESIAN_POINT('',(10.95,38.1,22.144779371578));
#8392=CARTESIAN_POINT('',(10.95,38.1,-22.144779371578));
#8393=CARTESIAN_POINT('',(10.95,38.1,22.144779371578));
#8394=CARTESIAN_POINT('',(10.5499999999998,41.1,-22.1447793715777));
#8395=CARTESIAN_POINT('',(10.614427480916,41.1,-22.539556650183));
#8396=CARTESIAN_POINT('',(10.614427480916,38.1,-22.539556650183));
#8397=CARTESIAN_POINT('',(10.5499999999998,38.1,-22.1447793715777));
#8398=CARTESIAN_POINT('',(0.,41.1,42.4999999999933));
#8399=CARTESIAN_POINT('',(-10.614427480916,41.1,-22.539556650183));
#8400=CARTESIAN_POINT('',(-10.614427480916,38.1,-22.539556650183));
#8401=CARTESIAN_POINT('',(0.,38.1,42.4999999999933));
#8402=CARTESIAN_POINT('',(-10.5499999999998,41.1,-22.1447793715777));
#8403=CARTESIAN_POINT('',(-10.95,41.1,-22.1447793715777));
#8404=CARTESIAN_POINT('',(-10.95,38.1,-22.1447793715777));
#8405=CARTESIAN_POINT('',(-10.5499999999998,38.1,-22.1447793715777));
#8406=CARTESIAN_POINT('',(-10.95,41.1,-22.144779371578));
#8407=CARTESIAN_POINT('',(-10.95,41.1,22.144779371578));
#8408=CARTESIAN_POINT('',(-10.95,38.1,22.144779371578));
#8409=CARTESIAN_POINT('',(-10.95,38.1,-22.144779371578));
#8410=CARTESIAN_POINT('',(-10.5499999999998,41.1,22.1447793715777));
#8411=CARTESIAN_POINT('',(-10.614427480916,41.1,22.539556650183));
#8412=CARTESIAN_POINT('',(-10.614427480916,38.1,22.539556650183));
#8413=CARTESIAN_POINT('',(-10.5499999999998,38.1,22.1447793715777));
#8414=CARTESIAN_POINT('',(0.,41.1,-42.4999999999933));
#8415=CARTESIAN_POINT('',(10.614427480916,41.1,22.539556650183));
#8416=CARTESIAN_POINT('',(10.614427480916,38.1,22.539556650183));
#8417=CARTESIAN_POINT('',(0.,38.1,-42.4999999999933));
#8418=CARTESIAN_POINT('',(10.5499999999998,41.1,22.1447793715777));
#8419=CARTESIAN_POINT('',(10.5499999999998,38.1,22.1447793715777));
#8420=CARTESIAN_POINT('',(11.,41.1,22.237933238558));
#8421=CARTESIAN_POINT('',(11.,41.1,22.237933238558));
#8422=CARTESIAN_POINT('',(11.,41.1,-22.237933238558));
#8423=CARTESIAN_POINT('',(11.,60.,-22.237933238558));
#8424=CARTESIAN_POINT('',(11.,60.,22.237933238558));
#8425=CARTESIAN_POINT('',(11.,60.,22.237933238558));
#8426=CARTESIAN_POINT('',(10.5999999999985,41.1,-22.2379332385566));
#8427=CARTESIAN_POINT('',(10.5999999999985,60.,-22.2379332385566));
#8428=CARTESIAN_POINT('',(-10.5999999999986,41.1,-22.2379332385566));
#8429=CARTESIAN_POINT('',(-11.,41.1,-22.2379332385566));
#8430=CARTESIAN_POINT('',(-11.,60.,-22.2379332385566));
#8431=CARTESIAN_POINT('',(-10.5999999999986,60.,-22.2379332385566));
#8432=CARTESIAN_POINT('',(-11.,41.1,-22.237933238558));
#8433=CARTESIAN_POINT('',(-11.,41.1,22.237933238558));
#8434=CARTESIAN_POINT('',(-11.,60.,22.237933238558));
#8435=CARTESIAN_POINT('',(-11.,60.,-22.237933238558));
#8436=CARTESIAN_POINT('',(-10.5999999999985,41.1,22.2379332385566));
#8437=CARTESIAN_POINT('',(-10.5999999999985,60.,22.2379332385566));
#8438=CARTESIAN_POINT('',(10.5999999999986,41.1,22.2379332385566));
#8439=CARTESIAN_POINT('',(10.5999999999986,60.,22.2379332385566));
#8440=CARTESIAN_POINT('',(10.5999999999985,41.1,-22.2379332385566));
#8441=CARTESIAN_POINT('',(5.,47.5,-33.));
#8442=CARTESIAN_POINT('',(5.,54.,-33.));
#8443=CARTESIAN_POINT('',(5.,54.,-33.));
#8444=CARTESIAN_POINT('',(0.75,47.5,-1.5));
#8445=CARTESIAN_POINT('',(0.75,47.5,-1.5));
#8446=CARTESIAN_POINT('',(0.75,47.5,-8.));
#8447=CARTESIAN_POINT('',(-0.75,47.5,-1.5));
#8448=CARTESIAN_POINT('',(-0.750000000000001,47.5,-1.5));
#8449=CARTESIAN_POINT('',(-0.75,47.5,-8.));
#8450=CARTESIAN_POINT('',(-0.75,47.5,-8.));
#8451=CARTESIAN_POINT('',(0.75,47.5,-8.));
#8452=CARTESIAN_POINT('',(0.75,47.5,8.));
#8453=CARTESIAN_POINT('',(0.75,47.5,8.));
#8454=CARTESIAN_POINT('',(0.75,47.5,1.5));
#8455=CARTESIAN_POINT('',(-0.75,47.5,8.));
#8456=CARTESIAN_POINT('',(-0.750000000000001,47.5,8.));
#8457=CARTESIAN_POINT('',(-0.75,47.5,1.5));
#8458=CARTESIAN_POINT('',(-0.75,47.5,1.5));
#8459=CARTESIAN_POINT('',(0.75,47.5,1.5));
#8460=CARTESIAN_POINT('',(-5.,47.5,-33.));
#8461=CARTESIAN_POINT('',(5.,47.5,-33.));
#8462=CARTESIAN_POINT('',(-5.,54.,-33.));
#8463=CARTESIAN_POINT('',(-5.,47.5,-33.));
#8464=CARTESIAN_POINT('',(-3.,54.,-33.));
#8465=CARTESIAN_POINT('',(-5.,54.,-33.));
#8466=CARTESIAN_POINT('',(-3.,57.55,-33.));
#8467=CARTESIAN_POINT('',(-3.,54.,-33.));
#8468=CARTESIAN_POINT('',(-3.,57.55,-33.));
#8469=CARTESIAN_POINT('',(3.,57.55,-33.));
#8470=CARTESIAN_POINT('',(5.,57.55,-33.));
#8471=CARTESIAN_POINT('',(3.,54.,-33.));
#8472=CARTESIAN_POINT('',(3.,57.55,-33.));
#8473=CARTESIAN_POINT('',(3.,54.,-33.));
#8474=CARTESIAN_POINT('',(8.,59.1,-5.8));
#8475=CARTESIAN_POINT('',(8.,59.9,-5.8));
#8476=CARTESIAN_POINT('',(8.,59.1,-5.8));
#8477=CARTESIAN_POINT('',(-8.,59.9,5.8));
#8478=CARTESIAN_POINT('',(-8.,59.1,5.8));
#8479=CARTESIAN_POINT('',(-8.,59.1,5.8));
#8480=CARTESIAN_POINT('',(0.,59.1,0.));
#8481=CARTESIAN_POINT('',(6.4,59.9,-5.9));
#8482=CARTESIAN_POINT('',(-6.4,59.9,-5.9));
#8483=CARTESIAN_POINT('',(-6.39999999999999,59.9,-4.79999999999999));
#8484=CARTESIAN_POINT('',(-7.5,59.9,-4.79999999999999));
#8485=CARTESIAN_POINT('',(-7.5,59.9,-4.8));
#8486=CARTESIAN_POINT('',(-7.5,59.9,4.8));
#8487=CARTESIAN_POINT('',(-6.39999999999999,59.9,4.79999999999999));
#8488=CARTESIAN_POINT('',(-6.39999999999999,59.9,5.9));
#8489=CARTESIAN_POINT('',(-6.4,59.9,5.9));
#8490=CARTESIAN_POINT('',(-6.4,59.9,5.9));
#8491=CARTESIAN_POINT('',(6.4,59.9,5.9));
#8492=CARTESIAN_POINT('',(6.39999999999999,59.9,4.79999999999999));
#8493=CARTESIAN_POINT('',(7.5,59.9,4.8));
#8494=CARTESIAN_POINT('',(7.5,59.9,4.8));
#8495=CARTESIAN_POINT('',(7.5,59.9,-4.8));
#8496=CARTESIAN_POINT('',(6.39999999999999,59.9,-4.79999999999999));
#8497=CARTESIAN_POINT('',(6.39999999999999,59.9,-5.9));
#8498=CARTESIAN_POINT('',(6.4,59.9,-5.9));
#8499=CARTESIAN_POINT('',(0.,59.9,0.));
#8500=CARTESIAN_POINT('',(-7.5,60.,4.8));
#8501=CARTESIAN_POINT('',(-6.39999999999999,60.,5.9));
#8502=CARTESIAN_POINT('',(-6.39999999999999,60.,4.79999999999999));
#8503=CARTESIAN_POINT('',(-7.5,60.,-4.79999999999999));
#8504=CARTESIAN_POINT('',(-7.5,60.,-4.8));
#8505=CARTESIAN_POINT('',(-6.4,60.,-5.9));
#8506=CARTESIAN_POINT('',(-6.39999999999999,60.,-4.79999999999999));
#8507=CARTESIAN_POINT('',(-6.4,60.,5.9));
#8508=CARTESIAN_POINT('',(6.4,60.,-5.9));
#8509=CARTESIAN_POINT('',(7.5,60.,4.8));
#8510=CARTESIAN_POINT('',(7.5,60.,-4.8));
#8511=CARTESIAN_POINT('',(7.5,60.,4.8));
#8512=CARTESIAN_POINT('',(6.39999999999999,60.,-5.9));
#8513=CARTESIAN_POINT('',(6.39999999999999,60.,-4.79999999999999));
#8514=CARTESIAN_POINT('',(6.4,60.,-5.9));
#8515=CARTESIAN_POINT('',(6.4,60.,5.9));
#8516=CARTESIAN_POINT('',(-6.4,60.,5.9));
#8517=CARTESIAN_POINT('',(6.39999999999999,60.,4.79999999999999));
#8518=CARTESIAN_POINT('',(10.8,7.5,-12.5));
#8519=CARTESIAN_POINT('',(10.8,7.5,-16.));
#8520=CARTESIAN_POINT('',(11.,7.5,-12.5));
#8521=CARTESIAN_POINT('',(9.4,7.5,-12.5));
#8522=CARTESIAN_POINT('',(9.4,7.5,-16.));
#8523=CARTESIAN_POINT('',(-11.,7.5,-12.5));
#8524=CARTESIAN_POINT('',(9.4,7.5,-12.5));
#8525=CARTESIAN_POINT('',(9.4,7.5,-14.5));
#8526=CARTESIAN_POINT('',(9.4,7.5,-9.));
#8527=CARTESIAN_POINT('',(9.021,7.5,-12.5));
#8528=CARTESIAN_POINT('',(9.021,7.5,-14.121));
#8529=CARTESIAN_POINT('',(9.4,7.5,-12.5));
#8530=CARTESIAN_POINT('',(0.,7.5,-12.5));
#8531=CARTESIAN_POINT('',(0.,7.5,-10.879));
#8532=CARTESIAN_POINT('',(0.,7.5,-14.121));
#8533=CARTESIAN_POINT('',(0.,7.5,-12.5));
#8534=CARTESIAN_POINT('',(-9.021,7.5,-12.5));
#8535=CARTESIAN_POINT('',(-9.021,7.5,-14.121));
#8536=CARTESIAN_POINT('',(-11.,7.5,-12.5));
#8537=CARTESIAN_POINT('',(-9.4,7.5,-12.5));
#8538=CARTESIAN_POINT('',(-9.4,7.5,-14.5));
#8539=CARTESIAN_POINT('',(-9.021,7.5,-12.5));
#8540=CARTESIAN_POINT('',(-9.4,7.5,-12.5));
#8541=CARTESIAN_POINT('',(-9.4,7.5,-16.));
#8542=CARTESIAN_POINT('',(-9.4,7.5,-10.5));
#8543=CARTESIAN_POINT('',(-10.8,7.5,-12.5));
#8544=CARTESIAN_POINT('',(-10.8,7.5,-16.));
#8545=CARTESIAN_POINT('',(-11.,7.5,-12.5));
#8546=CARTESIAN_POINT('',(-10.8,7.5,-12.5));
#8547=CARTESIAN_POINT('',(10.8,7.5,12.5));
#8548=CARTESIAN_POINT('',(10.8,7.5,9.));
#8549=CARTESIAN_POINT('',(11.,7.5,12.5));
#8550=CARTESIAN_POINT('',(9.4,7.5,12.5));
#8551=CARTESIAN_POINT('',(9.4,7.5,9.));
#8552=CARTESIAN_POINT('',(-11.,7.5,12.5));
#8553=CARTESIAN_POINT('',(9.4,7.5,12.5));
#8554=CARTESIAN_POINT('',(9.4,7.5,10.5));
#8555=CARTESIAN_POINT('',(9.4,7.5,16.));
#8556=CARTESIAN_POINT('',(9.021,7.5,12.5));
#8557=CARTESIAN_POINT('',(9.021,7.5,10.879));
#8558=CARTESIAN_POINT('',(9.4,7.5,12.5));
#8559=CARTESIAN_POINT('',(0.,7.5,12.5));
#8560=CARTESIAN_POINT('',(0.,7.5,14.121));
#8561=CARTESIAN_POINT('',(0.,7.5,10.879));
#8562=CARTESIAN_POINT('',(0.,7.5,12.5));
#8563=CARTESIAN_POINT('',(-9.021,7.5,12.5));
#8564=CARTESIAN_POINT('',(-9.021,7.5,10.879));
#8565=CARTESIAN_POINT('',(-11.,7.5,12.5));
#8566=CARTESIAN_POINT('',(-9.4,7.5,12.5));
#8567=CARTESIAN_POINT('',(-9.4,7.5,10.5));
#8568=CARTESIAN_POINT('',(-9.021,7.5,12.5));
#8569=CARTESIAN_POINT('',(-9.4,7.5,12.5));
#8570=CARTESIAN_POINT('',(-9.4,7.5,9.));
#8571=CARTESIAN_POINT('',(-9.4,7.5,14.5));
#8572=CARTESIAN_POINT('',(-10.8,7.5,12.5));
#8573=CARTESIAN_POINT('',(-10.8,7.5,9.));
#8574=CARTESIAN_POINT('',(-11.,7.5,12.5));
#8575=CARTESIAN_POINT('',(-10.8,7.5,12.5));
#8576=CARTESIAN_POINT('',(7.,11.,22.65));
#8577=CARTESIAN_POINT('',(5.5,11.,22.65));
#8578=CARTESIAN_POINT('',(7.,14.5,22.65));
#8579=CARTESIAN_POINT('',(7.,14.5,22.65));
#8580=CARTESIAN_POINT('',(7.,11.,22.65));
#8581=CARTESIAN_POINT('',(7.,7.5,22.65));
#8582=CARTESIAN_POINT('',(14.,7.5,22.65));
#8583=CARTESIAN_POINT('',(7.,11.,22.65));
#8584=CARTESIAN_POINT('',(7.,14.5,25.65));
#8585=CARTESIAN_POINT('',(7.,14.5,25.65));
#8586=CARTESIAN_POINT('',(7.,7.5,25.65));
#8587=CARTESIAN_POINT('',(7.,11.,25.65));
#8588=CARTESIAN_POINT('',(14.,7.5,25.65));
#8589=CARTESIAN_POINT('',(12.,25.5,22.65));
#8590=CARTESIAN_POINT('',(7.,25.5,22.65));
#8591=CARTESIAN_POINT('',(7.,25.5,25.65));
#8592=CARTESIAN_POINT('',(12.,25.5,25.65));
#8593=CARTESIAN_POINT('',(7.,29.,22.65));
#8594=CARTESIAN_POINT('',(7.,32.5,22.65));
#8595=CARTESIAN_POINT('',(7.,32.5,25.65));
#8596=CARTESIAN_POINT('',(7.,29.,25.65));
#8597=CARTESIAN_POINT('',(7.,32.5,22.65));
#8598=CARTESIAN_POINT('',(7.,32.5,25.65));
#8599=CARTESIAN_POINT('',(7.,29.,22.65));
#8600=CARTESIAN_POINT('',(5.5,29.,22.65));
#8601=CARTESIAN_POINT('',(7.,11.,22.65));
#8602=CARTESIAN_POINT('',(7.,11.,22.3845));
#8603=CARTESIAN_POINT('',(8.2345,11.,22.3845));
#8604=CARTESIAN_POINT('',(7.,11.,21.15));
#8605=CARTESIAN_POINT('',(7.,11.,15.65));
#8606=CARTESIAN_POINT('',(5.7655,11.,15.65));
#8607=CARTESIAN_POINT('',(7.,11.,15.65));
#8608=CARTESIAN_POINT('',(7.,11.,22.65));
#8609=CARTESIAN_POINT('',(7.,29.,22.3845));
#8610=CARTESIAN_POINT('',(8.2345,29.,22.3845));
#8611=CARTESIAN_POINT('',(7.,29.,21.15));
#8612=CARTESIAN_POINT('',(7.,29.,15.65));
#8613=CARTESIAN_POINT('',(5.7655,29.,15.65));
#8614=CARTESIAN_POINT('',(7.,29.,15.65));
#8615=CARTESIAN_POINT('',(7.,29.,22.65));
#8616=CARTESIAN_POINT('',(0.,1.979,-12.5));
#8617=CARTESIAN_POINT('',(0.,1.979,-14.121));
#8618=CARTESIAN_POINT('',(0.,0.,-12.5));
#8619=CARTESIAN_POINT('',(0.,1.6,-12.5));
#8620=CARTESIAN_POINT('',(0.,1.6,-14.5));
#8621=CARTESIAN_POINT('',(0.,1.979,-12.5));
#8622=CARTESIAN_POINT('',(0.,1.6,-12.5));
#8623=CARTESIAN_POINT('',(0.,1.6,-16.));
#8624=CARTESIAN_POINT('',(0.,1.6,-10.5));
#8625=CARTESIAN_POINT('',(0.,0.2,-12.5));
#8626=CARTESIAN_POINT('',(0.,0.2,-16.));
#8627=CARTESIAN_POINT('',(0.,0.,-12.5));
#8628=CARTESIAN_POINT('',(0.,0.2,-12.5));
#8629=CARTESIAN_POINT('',(0.,1.979,12.5));
#8630=CARTESIAN_POINT('',(0.,1.979,10.879));
#8631=CARTESIAN_POINT('',(0.,0.,12.5));
#8632=CARTESIAN_POINT('',(0.,1.6,12.5));
#8633=CARTESIAN_POINT('',(0.,1.6,10.5));
#8634=CARTESIAN_POINT('',(0.,1.979,12.5));
#8635=CARTESIAN_POINT('',(0.,1.6,12.5));
#8636=CARTESIAN_POINT('',(0.,1.6,9.));
#8637=CARTESIAN_POINT('',(0.,1.6,14.5));
#8638=CARTESIAN_POINT('',(0.,0.2,12.5));
#8639=CARTESIAN_POINT('',(0.,0.2,9.));
#8640=CARTESIAN_POINT('',(0.,0.,12.5));
#8641=CARTESIAN_POINT('',(0.,0.2,12.5));
#8642=CARTESIAN_POINT('',(0.75,46.,1.5));
#8643=CARTESIAN_POINT('',(0.75,46.,1.5));
#8644=CARTESIAN_POINT('',(0.75,46.,8.));
#8645=CARTESIAN_POINT('',(0.75,46.,8.));
#8646=CARTESIAN_POINT('',(0.75,46.,8.));
#8647=CARTESIAN_POINT('',(0.75,46.,8.));
#8648=CARTESIAN_POINT('',(-0.75,46.,1.5));
#8649=CARTESIAN_POINT('',(-0.75,46.,1.5));
#8650=CARTESIAN_POINT('',(0.75,46.,1.5));
#8651=CARTESIAN_POINT('',(0.75,46.,1.5));
#8652=CARTESIAN_POINT('',(-0.75,46.,8.));
#8653=CARTESIAN_POINT('',(-0.75,46.,8.));
#8654=CARTESIAN_POINT('',(-0.75,46.,1.5));
#8655=CARTESIAN_POINT('',(-0.75,46.,1.5));
#8656=CARTESIAN_POINT('',(-0.75,46.,8.));
#8657=CARTESIAN_POINT('',(-0.75,46.,8.));
#8658=CARTESIAN_POINT('',(0.,46.,0.));
#8659=CARTESIAN_POINT('',(0.75,46.,-8.));
#8660=CARTESIAN_POINT('',(0.75,46.,-8.));
#8661=CARTESIAN_POINT('',(0.75,46.,-1.5));
#8662=CARTESIAN_POINT('',(0.75,46.,-1.5));
#8663=CARTESIAN_POINT('',(0.75,46.,-1.5));
#8664=CARTESIAN_POINT('',(0.75,46.,-1.5));
#8665=CARTESIAN_POINT('',(-0.75,46.,-8.));
#8666=CARTESIAN_POINT('',(-0.75,46.,-8.));
#8667=CARTESIAN_POINT('',(0.75,46.,-8.));
#8668=CARTESIAN_POINT('',(0.75,46.,-8.));
#8669=CARTESIAN_POINT('',(-0.75,46.,-1.5));
#8670=CARTESIAN_POINT('',(-0.75,46.,-1.5));
#8671=CARTESIAN_POINT('',(-0.75,46.,-8.));
#8672=CARTESIAN_POINT('',(-0.75,46.,-8.));
#8673=CARTESIAN_POINT('',(-0.75,46.,-1.5));
#8674=CARTESIAN_POINT('',(-0.75,46.,-1.5));
#8675=CARTESIAN_POINT('',(0.,46.,0.));
#8676=CARTESIAN_POINT('',(25.,89.9999999999999,-4.99999069219041));
#8677=CARTESIAN_POINT('',(25.,89.9999999999999,-4.99999069219041));
#8678=CARTESIAN_POINT('',(15.,89.9999999999999,-4.9999906921904));
#8679=CARTESIAN_POINT('',(25.,89.9999999999999,-3.50000000000004));
#8680=CARTESIAN_POINT('',(25.,89.9999999999999,-8.90000000000004));
#8681=CARTESIAN_POINT('',(25.,89.9999999999999,-8.90000000000004));
#8682=CARTESIAN_POINT('',(15.,89.9999999999999,-8.90000000000003));
#8683=CARTESIAN_POINT('',(15.,89.9999999999999,-3.50000000000003));
#8684=CARTESIAN_POINT('',(25.,89.9999999999999,-3.50000000000004));
#8685=CARTESIAN_POINT('',(15.,89.9999999999999,-4.9999906921904));
#8686=CARTESIAN_POINT('',(15.,79.9999999999999,-4.9999906921904));
#8687=CARTESIAN_POINT('',(15.,89.9999999999999,-8.90000000000003));
#8688=CARTESIAN_POINT('',(15.,79.9999999999999,-8.90000000000003));
#8689=CARTESIAN_POINT('',(15.,79.9999999999999,-3.50000000000003));
#8690=CARTESIAN_POINT('',(15.,89.9999999999999,-3.50000000000003));
#8691=CARTESIAN_POINT('',(24.9999999999999,59.9999999999999,-3.50000000000004));
#8692=CARTESIAN_POINT('',(24.9999999999999,61.,-3.50000000000004));
#8693=CARTESIAN_POINT('',(25.,66.5233640172956,-3.50000000000004));
#8694=CARTESIAN_POINT('',(24.9999999999999,61.,-3.50000000000003));
#8695=CARTESIAN_POINT('',(24.9999999999999,61.,-5.30000000000004));
#8696=CARTESIAN_POINT('',(24.9999999999999,61.,-7.10000000000004));
#8697=CARTESIAN_POINT('',(24.9999999999999,61.,-8.90000000000004));
#8698=CARTESIAN_POINT('',(24.9999999999999,61.,-8.90000000000004));
#8699=CARTESIAN_POINT('',(24.9999999999999,59.9999999999999,-8.90000000000004));
#8700=CARTESIAN_POINT('',(24.9999999999999,59.9999999999999,-4.99999069219041));
#8701=CARTESIAN_POINT('',(25.,68.5751924701639,-4.99999069219041));
#8702=CARTESIAN_POINT('',(25.,83.786599286916,-16.1203790907721));
#8703=CARTESIAN_POINT('',(24.9999999999999,59.9999999999999,-3.50000000000004));
#8704=CARTESIAN_POINT('',(15.,79.9999999999999,-3.50000000000003));
#8705=CARTESIAN_POINT('',(10.5607471613882,79.9999999999999,-3.50000000000002));
#8706=CARTESIAN_POINT('',(-4.99999999999999,80.,-3.5));
#8707=CARTESIAN_POINT('',(4.04752648853371,80.,0.944089333710698));
#8708=CARTESIAN_POINT('',(12.7591347894614,79.9999999999999,-4.9999906921904));
#8709=CARTESIAN_POINT('',(15.,79.9999999999999,-4.9999906921904));
#8710=CARTESIAN_POINT('',(15.,79.9999999999999,-8.90000000000003));
#8711=CARTESIAN_POINT('',(-5.,80.,-8.9));
#8712=CARTESIAN_POINT('',(-4.99999999999999,80.,-3.5));
#8713=CARTESIAN_POINT('',(15.,79.9999999999999,-3.50000000000003));
#8714=CARTESIAN_POINT('',(-5.,80.,-8.9));
#8715=CARTESIAN_POINT('',(-5.,60.,-8.9));
#8716=CARTESIAN_POINT('',(-4.99999999999999,60.,-3.5));
#8717=CARTESIAN_POINT('',(-4.99999999999999,60.,-3.5));
#8718=CARTESIAN_POINT('',(-4.99999999999999,80.,-3.5));
#8719=CARTESIAN_POINT('',(-4.99999999999999,80.,-3.5));
#8720=CARTESIAN_POINT('',(-5.,60.,-8.9));
#8721=CARTESIAN_POINT('',(23.9999999999999,60.,-8.90000000000004));
#8722=CARTESIAN_POINT('',(23.9999999999999,60.,-8.90000000000004));
#8723=CARTESIAN_POINT('',(23.9999999999999,60.,-7.10000000000004));
#8724=CARTESIAN_POINT('',(23.9999999999999,60.,-5.30000000000004));
#8725=CARTESIAN_POINT('',(23.9999999999999,60.,-3.50000000000003));
#8726=CARTESIAN_POINT('',(23.9999999999999,60.,-3.50000000000004));
#8727=CARTESIAN_POINT('',(5.00000000000001,60.,-3.50000000000001));
#8728=CARTESIAN_POINT('',(-4.99999999999999,60.,-3.5));
#8729=CARTESIAN_POINT('',(23.9999999999999,60.,-3.50000000000004));
#8730=CARTESIAN_POINT('',(24.0320120839066,60.,-3.50000000000004));
#8731=CARTESIAN_POINT('',(24.074435756972,60.0143097465307,-3.50000000000004));
#8732=CARTESIAN_POINT('',(24.18010628142,60.0715487326537,-3.50000000000004));
#8733=CARTESIAN_POINT('',(24.2726788655545,60.137266605805,-3.50000000000004));
#8734=CARTESIAN_POINT('',(24.4056769889232,60.2406176634969,-3.50000000000004));
#8735=CARTESIAN_POINT('',(24.4959011085324,60.3209374773638,-3.50000000000004));
#8736=CARTESIAN_POINT('',(24.6329977548699,60.4579685484203,-3.50000000000004));
#8737=CARTESIAN_POINT('',(24.6759719156182,60.5034200868873,-3.50000000000004));
#8738=CARTESIAN_POINT('',(24.7564707943864,60.5938721933845,-3.50000000000004));
#8739=CARTESIAN_POINT('',(24.771727345416,60.6102216373666,-3.50000000000004));
#8740=CARTESIAN_POINT('',(24.942931836354,60.8305002579455,-3.50000000000004));
#8741=CARTESIAN_POINT('',(24.9999999999999,60.9359509765368,-3.50000000000004));
#8742=CARTESIAN_POINT('',(24.9999999999999,61.,-3.50000000000004));
#8743=CARTESIAN_POINT('',(11.7356574139214,78.9034170976356,-3.50000000000002));
#8744=CARTESIAN_POINT('',(5.00000000000001,60.,-3.50000000000001));
#8745=CARTESIAN_POINT('',(-7.45931094670027E-14,64.5,-8.90000000000001));
#8746=CARTESIAN_POINT('',(1.61999999999993,64.5,-8.90000000000001));
#8747=CARTESIAN_POINT('',(-6.33174068731535E-14,75.5,-8.90000000000001));
#8748=CARTESIAN_POINT('',(1.61999999999994,75.5,-8.90000000000001));
#8749=CARTESIAN_POINT('',(-6.33174068731535E-14,70.215,-8.90000000000001));
#8750=CARTESIAN_POINT('',(-6.30446167986434E-14,68.73,-8.90000000000001));
#8751=CARTESIAN_POINT('',(24.9999999999999,61.,-8.90000000000004));
#8752=CARTESIAN_POINT('',(24.9999999999999,60.9679879160946,-8.90000000000004));
#8753=CARTESIAN_POINT('',(24.9856902534692,60.9255642430298,-8.90000000000003));
#8754=CARTESIAN_POINT('',(24.9284512673462,60.8198937185818,-8.90000000000003));
#8755=CARTESIAN_POINT('',(24.8627333941869,60.7273211344358,-8.90000000000004));
#8756=CARTESIAN_POINT('',(24.7593823365192,60.594323011096,-8.90000000000004));
#8757=CARTESIAN_POINT('',(24.6790625226211,60.5040988914556,-8.90000000000004));
#8758=CARTESIAN_POINT('',(24.5420314515872,60.367002245136,-8.90000000000003));
#8759=CARTESIAN_POINT('',(24.4965799131239,60.3240280843907,-8.90000000000004));
#8760=CARTESIAN_POINT('',(24.4061278066267,60.2435292056225,-8.90000000000004));
#8761=CARTESIAN_POINT('',(24.3897783626331,60.228272654584,-8.90000000000004));
#8762=CARTESIAN_POINT('',(24.169499742055,60.057068163646,-8.90000000000004));
#8763=CARTESIAN_POINT('',(24.0640490234637,60.,-8.90000000000003));
#8764=CARTESIAN_POINT('',(24.,60.,-8.90000000000004));
#8765=CARTESIAN_POINT('',(5.,60.,-8.90000000000001));
#8766=CARTESIAN_POINT('',(-6.85215773010839E-14,70.215,-13.4));
#8767=CARTESIAN_POINT('',(-6.82487872265738E-14,68.73,-13.4));
#8768=CARTESIAN_POINT('',(-6.85215773010839E-14,70.215,-13.4));
#8769=CARTESIAN_POINT('',(-6.85215773010839E-14,70.215,-13.4));
#8770=CARTESIAN_POINT('',(-6.85215773010839E-14,75.5,-13.4));
#8771=CARTESIAN_POINT('',(-6.82239881288911E-14,73.88,-13.4));
#8772=CARTESIAN_POINT('',(-6.85215773010839E-14,75.5,-13.4));
#8773=CARTESIAN_POINT('',(-6.85215773010839E-14,75.5,-13.4));
#8774=CARTESIAN_POINT('',(-7.97972798949331E-14,64.5,-13.4));
#8775=CARTESIAN_POINT('',(-7.94996907227403E-14,62.88,-13.4));
#8776=CARTESIAN_POINT('',(-7.97972798949331E-14,64.5,-13.4));
#8777=CARTESIAN_POINT('',(-7.97972798949331E-14,64.5,-13.4));
#8778=CARTESIAN_POINT('',(-0.00823414562733243,91.9162110060828,-4.99999069219038));
#8779=CARTESIAN_POINT('',(39.9917658543727,82.9162110060827,-4.99999069219043));
#8780=CARTESIAN_POINT('',(-0.00823414562733243,91.9162110060828,-5.00000000000001));
#8781=CARTESIAN_POINT('',(24.9999999999999,61.,-3.23000000000004));
#8782=CARTESIAN_POINT('',(24.9999999999999,61.,-5.21000000000005));
#8783=CARTESIAN_POINT('',(24.9999999999999,61.,-7.19000000000002));
#8784=CARTESIAN_POINT('',(24.9999999999999,61.,-9.17000000000004));
#8785=CARTESIAN_POINT('',(24.9999999999999,60.,-3.23000000000004));
#8786=CARTESIAN_POINT('',(24.9999999999999,60.,-5.21000000000004));
#8787=CARTESIAN_POINT('',(24.9999999999999,60.,-7.19000000000004));
#8788=CARTESIAN_POINT('',(24.9999999999999,60.,-9.17000000000004));
#8789=CARTESIAN_POINT('',(23.9999999999999,60.,-3.23000000000004));
#8790=CARTESIAN_POINT('',(23.9999999999999,60.,-5.21000000000004));
#8791=CARTESIAN_POINT('',(23.9999999999999,60.,-7.19000000000003));
#8792=CARTESIAN_POINT('',(23.9999999999999,60.,-9.17000000000004));
#8793=CARTESIAN_POINT('',(24.9999999999999,59.9999999999999,8.90000000000004));
#8794=CARTESIAN_POINT('',(25.,89.9999999999999,8.90000000000004));
#8795=CARTESIAN_POINT('',(24.9999999999999,61.,8.90000000000004));
#8796=CARTESIAN_POINT('',(24.9999999999999,61.,8.90000000000004));
#8797=CARTESIAN_POINT('',(24.9999999999999,61.,7.10000000000004));
#8798=CARTESIAN_POINT('',(24.9999999999999,61.,5.30000000000004));
#8799=CARTESIAN_POINT('',(24.9999999999999,61.,3.50000000000004));
#8800=CARTESIAN_POINT('',(24.9999999999999,61.,3.50000000000004));
#8801=CARTESIAN_POINT('',(24.9999999999999,59.9999999999999,3.50000000000004));
#8802=CARTESIAN_POINT('',(25.,66.5233640172956,3.50000000000004));
#8803=CARTESIAN_POINT('',(25.,62.2720695106679,0.392068754077861));
#8804=CARTESIAN_POINT('',(25.,68.5751924701639,5.00000930780959));
#8805=CARTESIAN_POINT('',(24.9999999999999,59.9999999999999,5.00000930780958));
#8806=CARTESIAN_POINT('',(25.,89.9999999999999,5.00000930780961));
#8807=CARTESIAN_POINT('',(25.,89.9999999999999,3.50000000000004));
#8808=CARTESIAN_POINT('',(24.9999999999999,59.9999999999999,3.50000000000004));
#8809=CARTESIAN_POINT('',(25.,89.9999999999999,5.00000930780961));
#8810=CARTESIAN_POINT('',(15.,89.9999999999999,5.00000930780963));
#8811=CARTESIAN_POINT('',(15.,89.9999999999999,3.50000000000003));
#8812=CARTESIAN_POINT('',(15.,89.9999999999999,8.90000000000003));
#8813=CARTESIAN_POINT('',(25.,89.9999999999999,8.90000000000004));
#8814=CARTESIAN_POINT('',(25.,89.9999999999999,3.50000000000004));
#8815=CARTESIAN_POINT('',(15.,89.9999999999999,5.00000930780963));
#8816=CARTESIAN_POINT('',(15.,79.9999999999999,5.00000930780962));
#8817=CARTESIAN_POINT('',(15.,79.9999999999999,3.50000000000003));
#8818=CARTESIAN_POINT('',(15.,79.9999999999999,8.90000000000003));
#8819=CARTESIAN_POINT('',(15.,89.9999999999999,8.90000000000003));
#8820=CARTESIAN_POINT('',(15.,89.9999999999999,3.50000000000003));
#8821=CARTESIAN_POINT('',(15.,79.9999999999999,5.00000930780962));
#8822=CARTESIAN_POINT('',(12.7591347894614,79.9999999999999,5.00000930780962));
#8823=CARTESIAN_POINT('',(13.5897997465674,79.9999999999999,5.56677786016795));
#8824=CARTESIAN_POINT('',(10.5607471613883,79.9999999999999,3.50000000000002));
#8825=CARTESIAN_POINT('',(15.,79.9999999999999,3.50000000000003));
#8826=CARTESIAN_POINT('',(-4.99999999999999,80.,3.5));
#8827=CARTESIAN_POINT('',(-4.99999999999999,80.,3.5));
#8828=CARTESIAN_POINT('',(-5.,80.,8.9));
#8829=CARTESIAN_POINT('',(15.,79.9999999999999,8.90000000000003));
#8830=CARTESIAN_POINT('',(15.,79.9999999999999,3.50000000000003));
#8831=CARTESIAN_POINT('',(-5.,80.,8.9));
#8832=CARTESIAN_POINT('',(-5.,60.,8.9));
#8833=CARTESIAN_POINT('',(-4.99999999999999,80.,3.5));
#8834=CARTESIAN_POINT('',(-4.99999999999999,60.,3.5));
#8835=CARTESIAN_POINT('',(-4.99999999999999,60.,3.5));
#8836=CARTESIAN_POINT('',(-4.99999999999999,80.,3.5));
#8837=CARTESIAN_POINT('',(5.00000000000001,60.,3.50000000000001));
#8838=CARTESIAN_POINT('',(23.9999999999999,60.,3.50000000000004));
#8839=CARTESIAN_POINT('',(23.9999999999999,60.,3.50000000000004));
#8840=CARTESIAN_POINT('',(23.9999999999999,60.,5.30000000000004));
#8841=CARTESIAN_POINT('',(23.9999999999999,60.,7.10000000000004));
#8842=CARTESIAN_POINT('',(23.9999999999999,60.,8.90000000000004));
#8843=CARTESIAN_POINT('',(23.9999999999999,60.,8.90000000000004));
#8844=CARTESIAN_POINT('',(-5.,60.,8.9));
#8845=CARTESIAN_POINT('',(-4.99999999999999,60.,3.5));
#8846=CARTESIAN_POINT('',(24.9999999999999,61.,3.50000000000004));
#8847=CARTESIAN_POINT('',(25.,60.9679879160953,3.50000000000004));
#8848=CARTESIAN_POINT('',(24.9856902534692,60.9255642430309,3.50000000000004));
#8849=CARTESIAN_POINT('',(24.9284512673462,60.8198937185829,3.50000000000004));
#8850=CARTESIAN_POINT('',(24.8627333941892,60.7273211344392,3.50000000000004));
#8851=CARTESIAN_POINT('',(24.7593823365147,60.5943230110892,3.50000000000004));
#8852=CARTESIAN_POINT('',(24.6790625226249,60.5040988914571,3.50000000000004));
#8853=CARTESIAN_POINT('',(24.5420314515853,60.3670022451352,3.50000000000004));
#8854=CARTESIAN_POINT('',(24.496579913121,60.3240280843895,3.50000000000004));
#8855=CARTESIAN_POINT('',(24.4061278066239,60.2435292056213,3.50000000000004));
#8856=CARTESIAN_POINT('',(24.3897783626316,60.2282726545839,3.50000000000004));
#8857=CARTESIAN_POINT('',(24.1694997420579,60.057068163646,3.50000000000004));
#8858=CARTESIAN_POINT('',(24.0640490234666,60.,3.50000000000004));
#8859=CARTESIAN_POINT('',(23.9999999999999,60.,3.50000000000004));
#8860=CARTESIAN_POINT('',(17.5650984409313,73.4626054724264,3.50000000000003));
#8861=CARTESIAN_POINT('',(5.00000000000001,60.,3.50000000000001));
#8862=CARTESIAN_POINT('',(-1.12757025938492E-14,75.5,8.90000000000001));
#8863=CARTESIAN_POINT('',(-1.11765062031183E-14,77.1199999999999,8.90000000000001));
#8864=CARTESIAN_POINT('',(-8.67361737988404E-16,64.4999999999999,8.90000000000001));
#8865=CARTESIAN_POINT('',(-7.68165347257463E-16,66.1199999999999,8.90000000000001));
#8866=CARTESIAN_POINT('',(-8.67361737988404E-16,69.7849999999999,8.90000000000001));
#8867=CARTESIAN_POINT('',(-7.76431713151709E-16,71.2699999999999,8.90000000000001));
#8868=CARTESIAN_POINT('',(23.9999999999999,60.,8.90000000000004));
#8869=CARTESIAN_POINT('',(24.0320120839076,60.,8.90000000000004));
#8870=CARTESIAN_POINT('',(24.0744357569735,60.0143097465307,8.90000000000004));
#8871=CARTESIAN_POINT('',(24.1801062814215,60.0715487326537,8.90000000000003));
#8872=CARTESIAN_POINT('',(24.2726788655464,60.1372666057982,8.90000000000004));
#8873=CARTESIAN_POINT('',(24.4056769889393,60.2406176635103,8.90000000000004));
#8874=CARTESIAN_POINT('',(24.4959011085126,60.3209374773414,8.90000000000004));
#8875=CARTESIAN_POINT('',(24.6329977548798,60.4579685484315,8.90000000000004));
#8876=CARTESIAN_POINT('',(24.675971915633,60.5034200869042,8.90000000000004));
#8877=CARTESIAN_POINT('',(24.7564707944012,60.5938721934013,8.90000000000004));
#8878=CARTESIAN_POINT('',(24.771727345416,60.6102216373641,8.90000000000004));
#8879=CARTESIAN_POINT('',(24.9429318363539,60.8305002579505,8.90000000000003));
#8880=CARTESIAN_POINT('',(24.9999999999999,60.9359509765417,8.90000000000004));
#8881=CARTESIAN_POINT('',(24.9999999999999,61.,8.90000000000004));
#8882=CARTESIAN_POINT('',(5.,60.,8.90000000000001));
#8883=CARTESIAN_POINT('',(-6.07153216591882E-15,69.7849999999999,13.4));
#8884=CARTESIAN_POINT('',(-5.98060214108213E-15,71.2699999999999,13.4));
#8885=CARTESIAN_POINT('',(-6.07153216591882E-15,69.7849999999999,13.4));
#8886=CARTESIAN_POINT('',(-6.07153216591882E-15,69.7849999999999,13.4));
#8887=CARTESIAN_POINT('',(-6.07153216591882E-15,64.4999999999999,13.4));
#8888=CARTESIAN_POINT('',(-5.97233577518788E-15,66.1199999999999,13.4));
#8889=CARTESIAN_POINT('',(-6.07153216591882E-15,64.4999999999999,13.4));
#8890=CARTESIAN_POINT('',(-6.07153216591882E-15,64.4999999999999,13.4));
#8891=CARTESIAN_POINT('',(-1.64798730217797E-14,75.5,13.4));
#8892=CARTESIAN_POINT('',(-1.63806766310487E-14,77.1199999999999,13.4));
#8893=CARTESIAN_POINT('',(-1.64798730217797E-14,75.5,13.4));
#8894=CARTESIAN_POINT('',(-1.64798730217797E-14,75.5,13.4));
#8895=CARTESIAN_POINT('',(-0.00823414562731856,91.9162110060828,5.00000930780965));
#8896=CARTESIAN_POINT('',(39.9917658543727,82.9162110060827,5.00000930780959));
#8897=CARTESIAN_POINT('',(17.5650984409313,73.4626054724264,3.50000000000003));
#8898=CARTESIAN_POINT('',(24.9999999999999,61.,9.17000000000004));
#8899=CARTESIAN_POINT('',(24.9999999999999,61.,7.19000000000003));
#8900=CARTESIAN_POINT('',(24.9999999999999,61.,5.21000000000004));
#8901=CARTESIAN_POINT('',(24.9999999999999,61.,3.23000000000004));
#8902=CARTESIAN_POINT('',(24.9999999999999,60.,9.17000000000004));
#8903=CARTESIAN_POINT('',(24.9999999999999,60.,7.19000000000004));
#8904=CARTESIAN_POINT('',(24.9999999999999,60.,5.21000000000003));
#8905=CARTESIAN_POINT('',(24.9999999999999,60.,3.23000000000004));
#8906=CARTESIAN_POINT('',(23.9999999999999,60.,9.17000000000004));
#8907=CARTESIAN_POINT('',(23.9999999999999,60.,7.19000000000003));
#8908=CARTESIAN_POINT('',(23.9999999999999,60.,5.21000000000004));
#8909=CARTESIAN_POINT('',(23.9999999999999,60.,3.23000000000004));
#8910=CARTESIAN_POINT('',(1.37390099297363E-12,0.,-42.499999999948));
#8911=CARTESIAN_POINT('',(10.664634146341,0.,22.632676733915));
#8912=CARTESIAN_POINT('',(2.60000000000007,0.,23.448767994558));
#8913=CARTESIAN_POINT('',(2.60000000000007,-8.,23.448767994558));
#8914=CARTESIAN_POINT('',(2.60000000000007,-8.,23.448767994558));
#8915=CARTESIAN_POINT('',(1.37390099297363E-12,-8.,-42.499999999948));
#8916=CARTESIAN_POINT('',(10.664634146341,-8.,22.632676733915));
#8917=CARTESIAN_POINT('',(10.664634146341,-8.,22.632676733915));
#8918=CARTESIAN_POINT('',(1.37390099297363E-12,-8.,-42.499999999948));
#8919=CARTESIAN_POINT('',(2.6,0.,23.448767994558));
#8920=CARTESIAN_POINT('',(2.6,0.,22.2));
#8921=CARTESIAN_POINT('',(2.6,-8.,22.2));
#8922=CARTESIAN_POINT('',(2.6,-8.,22.2));
#8923=CARTESIAN_POINT('',(2.6,-8.,23.448767994558));
#8924=CARTESIAN_POINT('',(2.6,-8.,23.448767994558));
#8925=CARTESIAN_POINT('',(2.6,0.,22.2));
#8926=CARTESIAN_POINT('',(3.25,0.,22.2));
#8927=CARTESIAN_POINT('',(3.25,-8.,22.2));
#8928=CARTESIAN_POINT('',(3.25,-8.,22.2));
#8929=CARTESIAN_POINT('',(2.6,-8.,22.2));
#8930=CARTESIAN_POINT('',(2.6,-8.,22.2));
#8931=CARTESIAN_POINT('',(3.25,0.,22.2));
#8932=CARTESIAN_POINT('',(3.25,0.,19.));
#8933=CARTESIAN_POINT('',(3.25,-8.,19.));
#8934=CARTESIAN_POINT('',(3.25,-8.,19.));
#8935=CARTESIAN_POINT('',(3.25,-8.,22.2));
#8936=CARTESIAN_POINT('',(3.25,-8.,22.2));
#8937=CARTESIAN_POINT('',(3.25,0.,19.));
#8938=CARTESIAN_POINT('',(-3.25,0.,19.));
#8939=CARTESIAN_POINT('',(-3.25,-8.,19.));
#8940=CARTESIAN_POINT('',(-3.25,-8.,19.));
#8941=CARTESIAN_POINT('',(3.25,-8.,19.));
#8942=CARTESIAN_POINT('',(3.25,-8.,19.));
#8943=CARTESIAN_POINT('',(-3.25,0.,19.));
#8944=CARTESIAN_POINT('',(-3.25,0.,22.2));
#8945=CARTESIAN_POINT('',(-3.25,-8.,22.2));
#8946=CARTESIAN_POINT('',(-3.25,-8.,22.2));
#8947=CARTESIAN_POINT('',(-3.25,-8.,19.));
#8948=CARTESIAN_POINT('',(-3.25,-8.,19.));
#8949=CARTESIAN_POINT('',(-3.25,0.,22.2));
#8950=CARTESIAN_POINT('',(-2.6,0.,22.2));
#8951=CARTESIAN_POINT('',(-2.6,-8.,22.2));
#8952=CARTESIAN_POINT('',(-2.6,-8.,22.2));
#8953=CARTESIAN_POINT('',(-3.25,-8.,22.2));
#8954=CARTESIAN_POINT('',(-3.25,-8.,22.2));
#8955=CARTESIAN_POINT('',(-2.6,0.,22.2));
#8956=CARTESIAN_POINT('',(-2.6,0.,23.448767994558));
#8957=CARTESIAN_POINT('',(-2.6,-8.,23.448767994558));
#8958=CARTESIAN_POINT('',(-2.6,-8.,23.448767994558));
#8959=CARTESIAN_POINT('',(-2.6,-8.,22.2));
#8960=CARTESIAN_POINT('',(-2.6,-8.,22.2));
#8961=CARTESIAN_POINT('',(2.28983498828939E-13,0.,-42.4999999999639));
#8962=CARTESIAN_POINT('',(-10.664634146341,0.,22.632676733915));
#8963=CARTESIAN_POINT('',(-10.664634146341,-8.,22.632676733915));
#8964=CARTESIAN_POINT('',(-10.664634146341,-8.,22.632676733915));
#8965=CARTESIAN_POINT('',(2.28983498828939E-13,-8.,-42.4999999999639));
#8966=CARTESIAN_POINT('',(2.28983498828939E-13,-8.,-42.4999999999639));
#8967=CARTESIAN_POINT('',(-10.5999999999985,0.,22.2379332385566));
#8968=CARTESIAN_POINT('',(-11.,0.,22.2379332385566));
#8969=CARTESIAN_POINT('',(-11.,-8.,22.2379332385566));
#8970=CARTESIAN_POINT('',(-11.,-8.,22.2379332385566));
#8971=CARTESIAN_POINT('',(-10.5999999999985,-8.,22.2379332385566));
#8972=CARTESIAN_POINT('',(-10.5999999999985,-8.,22.2379332385566));
#8973=CARTESIAN_POINT('',(-11.,0.,22.237933238558));
#8974=CARTESIAN_POINT('',(-11.,0.,-22.237933238558));
#8975=CARTESIAN_POINT('',(-11.,-8.,-22.237933238558));
#8976=CARTESIAN_POINT('',(-11.,-8.,-22.237933238558));
#8977=CARTESIAN_POINT('',(-11.,-8.,22.237933238558));
#8978=CARTESIAN_POINT('',(-11.,-8.,22.237933238558));
#8979=CARTESIAN_POINT('',(-10.5999999999986,0.,-22.2379332385566));
#8980=CARTESIAN_POINT('',(-10.664634146341,0.,-22.632676733915));
#8981=CARTESIAN_POINT('',(-10.664634146341,-8.,-22.632676733915));
#8982=CARTESIAN_POINT('',(-10.664634146341,-8.,-22.632676733915));
#8983=CARTESIAN_POINT('',(-10.5999999999986,-8.,-22.2379332385566));
#8984=CARTESIAN_POINT('',(-10.5999999999986,-8.,-22.2379332385566));
#8985=CARTESIAN_POINT('',(-1.37390099297363E-12,0.,42.499999999948));
#8986=CARTESIAN_POINT('',(-2.59999999999998,0.,-23.448767994558));
#8987=CARTESIAN_POINT('',(-2.59999999999998,-8.,-23.448767994558));
#8988=CARTESIAN_POINT('',(-2.59999999999998,-8.,-23.448767994558));
#8989=CARTESIAN_POINT('',(-1.37390099297363E-12,-8.,42.499999999948));
#8990=CARTESIAN_POINT('',(-1.37390099297363E-12,-8.,42.499999999948));
#8991=CARTESIAN_POINT('',(-2.6,0.,-23.448767994558));
#8992=CARTESIAN_POINT('',(-2.6,0.,-22.2));
#8993=CARTESIAN_POINT('',(-2.6,-8.,-22.2));
#8994=CARTESIAN_POINT('',(-2.6,-8.,-22.2));
#8995=CARTESIAN_POINT('',(-2.6,-8.,-23.448767994558));
#8996=CARTESIAN_POINT('',(-2.6,-8.,-23.448767994558));
#8997=CARTESIAN_POINT('',(-2.6,0.,-22.2));
#8998=CARTESIAN_POINT('',(-3.25,0.,-22.2));
#8999=CARTESIAN_POINT('',(-3.25,-8.,-22.2));
#9000=CARTESIAN_POINT('',(-3.25,-8.,-22.2));
#9001=CARTESIAN_POINT('',(-2.6,-8.,-22.2));
#9002=CARTESIAN_POINT('',(-2.6,-8.,-22.2));
#9003=CARTESIAN_POINT('',(-3.25,0.,-22.2));
#9004=CARTESIAN_POINT('',(-3.25,0.,-19.));
#9005=CARTESIAN_POINT('',(-3.25,-8.,-19.));
#9006=CARTESIAN_POINT('',(-3.25,-8.,-19.));
#9007=CARTESIAN_POINT('',(-3.25,-8.,-22.2));
#9008=CARTESIAN_POINT('',(-3.25,-8.,-22.2));
#9009=CARTESIAN_POINT('',(-3.25,0.,-19.));
#9010=CARTESIAN_POINT('',(3.25,0.,-19.));
#9011=CARTESIAN_POINT('',(3.25,-8.,-19.));
#9012=CARTESIAN_POINT('',(3.25,-8.,-19.));
#9013=CARTESIAN_POINT('',(-3.25,-8.,-19.));
#9014=CARTESIAN_POINT('',(-3.25,-8.,-19.));
#9015=CARTESIAN_POINT('',(3.25,0.,-19.));
#9016=CARTESIAN_POINT('',(3.25,0.,-22.2));
#9017=CARTESIAN_POINT('',(3.25,-8.,-22.2));
#9018=CARTESIAN_POINT('',(3.25,-8.,-22.2));
#9019=CARTESIAN_POINT('',(3.25,-8.,-19.));
#9020=CARTESIAN_POINT('',(3.25,-8.,-19.));
#9021=CARTESIAN_POINT('',(3.25,0.,-22.2));
#9022=CARTESIAN_POINT('',(2.6,0.,-22.2));
#9023=CARTESIAN_POINT('',(2.6,-8.,-22.2));
#9024=CARTESIAN_POINT('',(2.6,-8.,-22.2));
#9025=CARTESIAN_POINT('',(3.25,-8.,-22.2));
#9026=CARTESIAN_POINT('',(3.25,-8.,-22.2));
#9027=CARTESIAN_POINT('',(2.6,0.,-22.2));
#9028=CARTESIAN_POINT('',(2.6,0.,-23.448767994558));
#9029=CARTESIAN_POINT('',(2.6,-8.,-23.448767994558));
#9030=CARTESIAN_POINT('',(2.6,-8.,-23.448767994558));
#9031=CARTESIAN_POINT('',(2.6,-8.,-22.2));
#9032=CARTESIAN_POINT('',(2.6,-8.,-22.2));
#9033=CARTESIAN_POINT('',(-2.28983498828939E-13,0.,42.4999999999639));
#9034=CARTESIAN_POINT('',(10.664634146341,0.,-22.632676733915));
#9035=CARTESIAN_POINT('',(10.664634146341,-8.,-22.632676733915));
#9036=CARTESIAN_POINT('',(10.664634146341,-8.,-22.632676733915));
#9037=CARTESIAN_POINT('',(-2.28983498828939E-13,-8.,42.4999999999639));
#9038=CARTESIAN_POINT('',(-2.28983498828939E-13,-8.,42.4999999999639));
#9039=CARTESIAN_POINT('',(10.5999999999985,0.,-22.2379332385566));
#9040=CARTESIAN_POINT('',(11.,0.,-22.2379332385566));
#9041=CARTESIAN_POINT('',(11.,-8.,-22.2379332385566));
#9042=CARTESIAN_POINT('',(11.,-8.,-22.2379332385566));
#9043=CARTESIAN_POINT('',(10.5999999999985,-8.,-22.2379332385566));
#9044=CARTESIAN_POINT('',(10.5999999999985,-8.,-22.2379332385566));
#9045=CARTESIAN_POINT('',(11.,0.,-22.237933238558));
#9046=CARTESIAN_POINT('',(11.,0.,22.237933238558));
#9047=CARTESIAN_POINT('',(11.,-8.,22.237933238558));
#9048=CARTESIAN_POINT('',(11.,-8.,22.237933238558));
#9049=CARTESIAN_POINT('',(11.,-8.,-22.237933238558));
#9050=CARTESIAN_POINT('',(11.,-8.,-22.237933238558));
#9051=CARTESIAN_POINT('',(10.5999999999986,0.,22.2379332385566));
#9052=CARTESIAN_POINT('',(10.5999999999986,-8.,22.2379332385566));
#9053=CARTESIAN_POINT('',(10.5999999999986,-8.,22.2379332385566));
#9054=CARTESIAN_POINT('',(1.37390099297363E-12,-8.,-42.499999999948));
#9055=CARTESIAN_POINT('',(1.37390099297363E-12,0.,-42.499999999948));
#9056=CARTESIAN_POINT('',(-5.,59.,0.));
#9057=CARTESIAN_POINT('',(-5.,59.,0.));
#9058=CARTESIAN_POINT('',(5.,59.,0.));
#9059=CARTESIAN_POINT('',(-5.,57.55,0.));
#9060=CARTESIAN_POINT('',(-5.,57.55,0.));
#9061=CARTESIAN_POINT('',(-3.,57.55,0.));
#9062=CARTESIAN_POINT('',(-3.,57.55,0.));
#9063=CARTESIAN_POINT('',(-3.,54.,0.));
#9064=CARTESIAN_POINT('',(-3.,54.,0.));
#9065=CARTESIAN_POINT('',(-5.,54.,0.));
#9066=CARTESIAN_POINT('',(-5.,54.,0.));
#9067=CARTESIAN_POINT('',(-5.,47.5,0.));
#9068=CARTESIAN_POINT('',(-5.,47.5,0.));
#9069=CARTESIAN_POINT('',(5.,47.5,0.));
#9070=CARTESIAN_POINT('',(5.,47.5,0.));
#9071=CARTESIAN_POINT('',(5.,54.,0.));
#9072=CARTESIAN_POINT('',(5.,54.,0.));
#9073=CARTESIAN_POINT('',(3.,54.,0.));
#9074=CARTESIAN_POINT('',(3.,54.,0.));
#9075=CARTESIAN_POINT('',(3.,57.55,0.));
#9076=CARTESIAN_POINT('',(3.,57.55,0.));
#9077=CARTESIAN_POINT('',(5.,57.55,0.));
#9078=CARTESIAN_POINT('',(5.,57.55,0.));
#9079=CARTESIAN_POINT('',(5.,80.,0.));
#9080=CARTESIAN_POINT('',(0.,47.5,0.));
#9081=CARTESIAN_POINT('',(5.,59.9999999999993,-7.90000000000069));
#9082=CARTESIAN_POINT('',(5.,60.,-8.9));
#9083=CARTESIAN_POINT('',(5.,59.,-7.9));
#9084=CARTESIAN_POINT('',(5.,59.,-7.9));
#9085=CARTESIAN_POINT('',(5.,57.55,-21.9));
#9086=CARTESIAN_POINT('',(5.,57.55,-21.9));
#9087=CARTESIAN_POINT('',(5.,80.,-21.9));
#9088=CARTESIAN_POINT('',(5.,80.,-21.9));
#9089=CARTESIAN_POINT('',(5.,80.,-21.9));
#9090=CARTESIAN_POINT('',(5.,80.,-8.9));
#9091=CARTESIAN_POINT('',(5.,80.,-8.9));
#9092=CARTESIAN_POINT('',(5.,80.,-21.9));
#9093=CARTESIAN_POINT('',(5.,47.5,-21.9));
#9094=CARTESIAN_POINT('',(5.,47.5,-21.9));
#9095=CARTESIAN_POINT('',(5.,54.,-21.9));
#9096=CARTESIAN_POINT('',(5.,54.,-21.9));
#9097=CARTESIAN_POINT('',(5.,54.,-21.9));
#9098=CARTESIAN_POINT('',(5.,54.,-21.9));
#9099=CARTESIAN_POINT('',(-0.75,47.5,-1.5));
#9100=CARTESIAN_POINT('',(-0.75,47.5,-1.5));
#9101=CARTESIAN_POINT('',(0.75,47.5,-1.5));
#9102=CARTESIAN_POINT('',(0.75,47.5,-1.5));
#9103=CARTESIAN_POINT('',(0.75,47.5,-3.));
#9104=CARTESIAN_POINT('',(0.75,47.5,-3.));
#9105=CARTESIAN_POINT('',(-0.75,47.5,-3.));
#9106=CARTESIAN_POINT('',(-0.75,47.5,-3.));
#9107=CARTESIAN_POINT('',(-5.,47.5,-21.9));
#9108=CARTESIAN_POINT('',(-5.,47.5,-21.9));
#9109=CARTESIAN_POINT('',(5.,47.5,-21.9));
#9110=CARTESIAN_POINT('',(5.,47.5,-21.9));
#9111=CARTESIAN_POINT('',(-5.,54.,-21.9));
#9112=CARTESIAN_POINT('',(-5.,54.,-21.9));
#9113=CARTESIAN_POINT('',(-5.,47.5,-21.9));
#9114=CARTESIAN_POINT('',(-5.,47.5,-21.9));
#9115=CARTESIAN_POINT('',(-3.,54.,-21.9));
#9116=CARTESIAN_POINT('',(-3.,54.,-21.9));
#9117=CARTESIAN_POINT('',(-5.,54.,-21.9));
#9118=CARTESIAN_POINT('',(-5.,54.,-21.9));
#9119=CARTESIAN_POINT('',(-3.,57.55,-21.9));
#9120=CARTESIAN_POINT('',(-3.,57.55,-21.9));
#9121=CARTESIAN_POINT('',(-3.,54.,-21.9));
#9122=CARTESIAN_POINT('',(-3.,54.,-21.9));
#9123=CARTESIAN_POINT('',(-5.,57.55,-21.9));
#9124=CARTESIAN_POINT('',(-5.,57.55,-21.9));
#9125=CARTESIAN_POINT('',(-3.,57.55,-21.9));
#9126=CARTESIAN_POINT('',(-3.,57.55,-21.9));
#9127=CARTESIAN_POINT('',(-5.,59.,-7.9));
#9128=CARTESIAN_POINT('',(-5.,59.,-7.9));
#9129=CARTESIAN_POINT('',(-5.,59.9999999999993,-7.90000000000069));
#9130=CARTESIAN_POINT('',(-5.,60.,-8.9));
#9131=CARTESIAN_POINT('',(-5.,80.,-8.9));
#9132=CARTESIAN_POINT('',(-5.,80.,-8.9));
#9133=CARTESIAN_POINT('',(-5.,80.,-21.9));
#9134=CARTESIAN_POINT('',(-5.,80.,-21.9));
#9135=CARTESIAN_POINT('',(-5.,57.55,-21.9));
#9136=CARTESIAN_POINT('',(-5.,57.55,-21.9));
#9137=CARTESIAN_POINT('',(-5.,80.,-8.9));
#9138=CARTESIAN_POINT('',(-5.,80.,-21.9));
#9139=CARTESIAN_POINT('',(-5.,80.,-21.9));
#9140=CARTESIAN_POINT('',(3.,57.55,-21.9));
#9141=CARTESIAN_POINT('',(3.,57.55,-21.9));
#9142=CARTESIAN_POINT('',(5.,57.55,-21.9));
#9143=CARTESIAN_POINT('',(5.,57.55,-21.9));
#9144=CARTESIAN_POINT('',(3.,54.,-21.9));
#9145=CARTESIAN_POINT('',(3.,54.,-21.9));
#9146=CARTESIAN_POINT('',(3.,57.55,-21.9));
#9147=CARTESIAN_POINT('',(3.,57.55,-21.9));
#9148=CARTESIAN_POINT('',(3.,54.,-21.9));
#9149=CARTESIAN_POINT('',(3.,54.,-21.9));
#9150=CARTESIAN_POINT('',(0.,75.5,-21.9));
#9151=CARTESIAN_POINT('',(-3.7,75.5,-21.9));
#9152=CARTESIAN_POINT('',(0.,64.5,-21.9));
#9153=CARTESIAN_POINT('',(-3.7,64.5,-21.9));
#9154=CARTESIAN_POINT('',(0.,70.,-21.9));
#9155=CARTESIAN_POINT('',(1.7,70.,-21.9));
#9156=CARTESIAN_POINT('',(0.,47.5,-21.9));
#9157=CARTESIAN_POINT('',(-5.,59.,-7.9));
#9158=CARTESIAN_POINT('',(-5.,59.,-7.9));
#9159=CARTESIAN_POINT('',(0.,75.5,-8.9));
#9160=CARTESIAN_POINT('',(-1.621,75.5,-8.9));
#9161=CARTESIAN_POINT('',(0.,64.5,-8.9));
#9162=CARTESIAN_POINT('',(-1.621,64.5,-8.9));
#9163=CARTESIAN_POINT('',(0.,70.,-8.9));
#9164=CARTESIAN_POINT('',(1.7,70.,-8.9));
#9165=CARTESIAN_POINT('',(-5.,60.,-8.9));
#9166=CARTESIAN_POINT('',(-5.,80.,-8.9));
#9167=CARTESIAN_POINT('',(-5.,59.9999999999993,-7.90000000000069));
#9168=CARTESIAN_POINT('',(0.,70.,-9.1));
#9169=CARTESIAN_POINT('',(1.5,70.,-9.1));
#9170=CARTESIAN_POINT('',(0.,70.,-21.7));
#9171=CARTESIAN_POINT('',(1.5,70.,-21.7));
#9172=CARTESIAN_POINT('',(0.,70.,-8.9));
#9173=CARTESIAN_POINT('',(0.,70.,-21.9));
#9174=CARTESIAN_POINT('',(0.,70.,-10.6));
#9175=CARTESIAN_POINT('',(0.,64.5,-21.7));
#9176=CARTESIAN_POINT('',(-3.5,64.5,-21.7));
#9177=CARTESIAN_POINT('',(0.,64.5,-21.9));
#9178=CARTESIAN_POINT('',(0.,64.5,-20.3));
#9179=CARTESIAN_POINT('',(-3.5,64.5,-20.3));
#9180=CARTESIAN_POINT('',(0.,64.5,-8.9));
#9181=CARTESIAN_POINT('',(0.,64.5,-20.3));
#9182=CARTESIAN_POINT('',(-1.621,64.5,-20.3));
#9183=CARTESIAN_POINT('',(0.,68.,-20.3));
#9184=CARTESIAN_POINT('',(0.,64.5,-8.9));
#9185=CARTESIAN_POINT('',(0.,75.5,-21.7));
#9186=CARTESIAN_POINT('',(-3.5,75.5,-21.7));
#9187=CARTESIAN_POINT('',(0.,75.5,-21.9));
#9188=CARTESIAN_POINT('',(0.,75.5,-20.3));
#9189=CARTESIAN_POINT('',(-3.5,75.5,-20.3));
#9190=CARTESIAN_POINT('',(0.,75.5,-8.9));
#9191=CARTESIAN_POINT('',(0.,75.5,-20.3));
#9192=CARTESIAN_POINT('',(-1.621,75.5,-20.3));
#9193=CARTESIAN_POINT('',(0.,79.,-20.3));
#9194=CARTESIAN_POINT('',(0.,75.5,-8.9));
#9195=CARTESIAN_POINT('',(0.75,46.,-1.5));
#9196=CARTESIAN_POINT('',(0.75,46.,-1.5));
#9197=CARTESIAN_POINT('',(0.75,46.,-1.5));
#9198=CARTESIAN_POINT('',(0.75,46.,-3.));
#9199=CARTESIAN_POINT('',(0.75,46.,-3.));
#9200=CARTESIAN_POINT('',(0.75,46.,-1.5));
#9201=CARTESIAN_POINT('',(0.75,46.,-3.));
#9202=CARTESIAN_POINT('',(-0.75,46.,-3.));
#9203=CARTESIAN_POINT('',(-0.75,46.,-3.));
#9204=CARTESIAN_POINT('',(0.75,46.,-3.));
#9205=CARTESIAN_POINT('',(-0.75,46.,-3.));
#9206=CARTESIAN_POINT('',(-0.75,46.,-1.5));
#9207=CARTESIAN_POINT('',(-0.75,46.,-1.5));
#9208=CARTESIAN_POINT('',(-0.75,46.,-3.));
#9209=CARTESIAN_POINT('',(-0.75,46.,-1.5));
#9210=CARTESIAN_POINT('',(-0.75,46.,-1.5));
#9211=CARTESIAN_POINT('',(0.,46.,0.));
#9212=CARTESIAN_POINT('',(0.,64.5,-20.3));
#9213=CARTESIAN_POINT('',(-2.65,64.5,-20.3));
#9214=CARTESIAN_POINT('',(0.,64.5,-20.3));
#9215=CARTESIAN_POINT('',(-3.3267949192431,64.5,-20.3));
#9216=CARTESIAN_POINT('',(0.,67.8267949192431,-20.3));
#9217=CARTESIAN_POINT('',(0.,64.5,-23.3));
#9218=CARTESIAN_POINT('',(-2.65,64.5,-23.3));
#9219=CARTESIAN_POINT('',(0.,64.5,-23.3));
#9220=CARTESIAN_POINT('',(0.,64.5,-23.3));
#9221=CARTESIAN_POINT('',(-3.3267949192431,64.5,-23.3));
#9222=CARTESIAN_POINT('',(0.,67.15,-23.3));
#9223=CARTESIAN_POINT('',(0.,64.5,-23.));
#9224=CARTESIAN_POINT('',(-3.5,64.5,-23.));
#9225=CARTESIAN_POINT('',(0.,64.5,-23.3));
#9226=CARTESIAN_POINT('',(0.,64.5,-20.6));
#9227=CARTESIAN_POINT('',(-3.5,64.5,-20.6));
#9228=CARTESIAN_POINT('',(0.,64.5,-23.3));
#9229=CARTESIAN_POINT('',(0.,64.5,-20.6));
#9230=CARTESIAN_POINT('',(0.,-5.,12.5));
#9231=CARTESIAN_POINT('',(4.28626379701574E-16,-5.,16.));
#9232=CARTESIAN_POINT('',(0.,1.4,12.5));
#9233=CARTESIAN_POINT('',(4.28626379701574E-16,1.4,16.));
#9234=CARTESIAN_POINT('',(0.,-5.,12.5));
#9235=CARTESIAN_POINT('',(0.,-5.,12.5));
#9236=CARTESIAN_POINT('',(0.,1.4,12.5));
#9237=CARTESIAN_POINT('',(-6.5,-12.,-13.5));
#9238=CARTESIAN_POINT('',(-6.5,-12.,-16.));
#9239=CARTESIAN_POINT('',(-6.5,-7.7,-13.5));
#9240=CARTESIAN_POINT('',(-6.5,-7.7,-16.));
#9241=CARTESIAN_POINT('',(-6.5,-12.,-13.5));
#9242=CARTESIAN_POINT('',(-6.5,-12.,-13.5));
#9243=CARTESIAN_POINT('',(-6.5,-7.7,-13.5));
#9244=CARTESIAN_POINT('',(0.,-5.,-12.5));
#9245=CARTESIAN_POINT('',(0.,-5.,-9.));
#9246=CARTESIAN_POINT('',(0.,1.4,-12.5));
#9247=CARTESIAN_POINT('',(0.,1.4,-9.));
#9248=CARTESIAN_POINT('',(0.,-5.,-12.5));
#9249=CARTESIAN_POINT('',(0.,-5.,-12.5));
#9250=CARTESIAN_POINT('',(0.,1.4,-12.5));
#9251=CARTESIAN_POINT('',(0.,5.,-12.5));
#9252=CARTESIAN_POINT('',(0.,5.,-11.));
#9253=CARTESIAN_POINT('',(0.,0.,-12.5));
#9254=CARTESIAN_POINT('',(0.,0.,-11.));
#9255=CARTESIAN_POINT('',(0.,5.,-12.5));
#9256=CARTESIAN_POINT('',(0.,5.,-12.5));
#9257=CARTESIAN_POINT('',(0.,0.,-12.5));
#9258=CARTESIAN_POINT('',(6.5,-12.,-13.5));
#9259=CARTESIAN_POINT('',(6.5,-12.,-16.));
#9260=CARTESIAN_POINT('',(6.5,-7.7,-13.5));
#9261=CARTESIAN_POINT('',(6.5,-7.7,-16.));
#9262=CARTESIAN_POINT('',(6.5,-12.,-13.5));
#9263=CARTESIAN_POINT('',(6.5,-12.,-13.5));
#9264=CARTESIAN_POINT('',(6.5,-7.7,-13.5));
#9265=CARTESIAN_POINT('',(-6.5,-12.,13.5));
#9266=CARTESIAN_POINT('',(-6.5,-12.,11.));
#9267=CARTESIAN_POINT('',(-6.5,-7.7,13.5));
#9268=CARTESIAN_POINT('',(-6.5,-7.7,11.));
#9269=CARTESIAN_POINT('',(-6.5,-12.,13.5));
#9270=CARTESIAN_POINT('',(-6.5,-12.,13.5));
#9271=CARTESIAN_POINT('',(-6.5,-7.7,13.5));
#9272=CARTESIAN_POINT('',(0.,5.,12.5));
#9273=CARTESIAN_POINT('',(1.83697019872103E-16,5.,14.));
#9274=CARTESIAN_POINT('',(0.,0.,12.5));
#9275=CARTESIAN_POINT('',(1.83697019872103E-16,0.,14.));
#9276=CARTESIAN_POINT('',(0.,5.,12.5));
#9277=CARTESIAN_POINT('',(0.,5.,12.5));
#9278=CARTESIAN_POINT('',(0.,0.,12.5));
#9279=CARTESIAN_POINT('',(6.5,-12.,13.5));
#9280=CARTESIAN_POINT('',(6.5,-12.,11.));
#9281=CARTESIAN_POINT('',(6.5,-7.7,13.5));
#9282=CARTESIAN_POINT('',(6.5,-7.7,11.));
#9283=CARTESIAN_POINT('',(6.5,-12.,13.5));
#9284=CARTESIAN_POINT('',(6.5,-12.,13.5));
#9285=CARTESIAN_POINT('',(6.5,-7.7,13.5));
#9286=CARTESIAN_POINT('',(0.,75.5,-20.3));
#9287=CARTESIAN_POINT('',(-2.65,75.5,-20.3));
#9288=CARTESIAN_POINT('',(0.,75.5,-20.3));
#9289=CARTESIAN_POINT('',(-3.3267949192431,75.5,-20.3));
#9290=CARTESIAN_POINT('',(0.,78.8267949192431,-20.3));
#9291=CARTESIAN_POINT('',(0.,75.5,-23.3));
#9292=CARTESIAN_POINT('',(-2.65,75.5,-23.3));
#9293=CARTESIAN_POINT('',(0.,75.5,-23.3));
#9294=CARTESIAN_POINT('',(0.,75.5,-23.3));
#9295=CARTESIAN_POINT('',(-3.3267949192431,75.5,-23.3));
#9296=CARTESIAN_POINT('',(0.,78.15,-23.3));
#9297=CARTESIAN_POINT('',(0.,75.5,-23.));
#9298=CARTESIAN_POINT('',(-3.5,75.5,-23.));
#9299=CARTESIAN_POINT('',(0.,75.5,-23.3));
#9300=CARTESIAN_POINT('',(0.,75.5,-20.6));
#9301=CARTESIAN_POINT('',(-3.5,75.5,-20.6));
#9302=CARTESIAN_POINT('',(0.,75.5,-23.3));
#9303=CARTESIAN_POINT('',(0.,75.5,-20.6));
#9304=CARTESIAN_POINT('',(-11.1369318036881,-20.,-11.1369318036882));
#9305=CARTESIAN_POINT('',(-11.1369318036881,-20.,-9.03693180368816));
#9306=CARTESIAN_POINT('',(-11.1369318036881,-14.,-11.1369318036882));
#9307=CARTESIAN_POINT('',(-11.1369318036881,-14.,-9.03693180368816));
#9308=CARTESIAN_POINT('',(-11.1369318036881,-20.,-11.1369318036882));
#9309=CARTESIAN_POINT('',(-11.1369318036881,-20.,-11.1369318036882));
#9310=CARTESIAN_POINT('',(-11.1369318036881,-14.,-11.1369318036882));
#9311=CARTESIAN_POINT('',(2.8421709430404E-14,-20.,0.));
#9312=CARTESIAN_POINT('',(2.8421709430404E-14,-20.,10.));
#9313=CARTESIAN_POINT('',(2.8421709430404E-14,-14.,0.));
#9314=CARTESIAN_POINT('',(2.8421709430404E-14,-14.,10.));
#9315=CARTESIAN_POINT('',(2.8421709430404E-14,-20.,0.));
#9316=CARTESIAN_POINT('',(2.8421709430404E-14,-20.,0.));
#9317=CARTESIAN_POINT('',(2.8421709430404E-14,-14.,0.));
#9318=CARTESIAN_POINT('',(2.8421709430404E-14,-8.,0.));
#9319=CARTESIAN_POINT('',(2.59724158321093E-14,-8.,20.));
#9320=CARTESIAN_POINT('',(-6.5,-8.,-13.5));
#9321=CARTESIAN_POINT('',(-9.,-8.,-13.5));
#9322=CARTESIAN_POINT('',(-6.50000000000003,-8.,13.5));
#9323=CARTESIAN_POINT('',(-9.00000000000003,-8.,13.5));
#9324=CARTESIAN_POINT('',(6.49999999999997,-8.,13.5));
#9325=CARTESIAN_POINT('',(3.99999999999997,-8.,13.5));
#9326=CARTESIAN_POINT('',(6.5,-8.,-13.5));
#9327=CARTESIAN_POINT('',(4.,-8.,-13.5));
#9328=CARTESIAN_POINT('',(2.8421709430404E-14,-8.,0.));
#9329=CARTESIAN_POINT('',(2.8421709430404E-14,-14.,0.));
#9330=CARTESIAN_POINT('',(2.59724158321093E-14,-14.,20.));
#9331=CARTESIAN_POINT('',(2.8421709430404E-14,-8.,0.));
#9332=CARTESIAN_POINT('',(2.8421709430404E-14,-14.,0.));
#9333=CARTESIAN_POINT('',(-6.5,-12.,-13.5));
#9334=CARTESIAN_POINT('',(-9.,-12.,-13.5));
#9335=CARTESIAN_POINT('',(-6.5,-12.,-13.5));
#9336=CARTESIAN_POINT('',(-6.5,-12.,-13.5));
#9337=CARTESIAN_POINT('',(-6.50000000000003,-12.,13.5));
#9338=CARTESIAN_POINT('',(-9.00000000000003,-12.,13.5));
#9339=CARTESIAN_POINT('',(-6.50000000000003,-12.,13.5));
#9340=CARTESIAN_POINT('',(-6.50000000000003,-12.,13.5));
#9341=CARTESIAN_POINT('',(6.49999999999997,-12.,13.5));
#9342=CARTESIAN_POINT('',(3.99999999999997,-12.,13.5));
#9343=CARTESIAN_POINT('',(6.49999999999997,-12.,13.5));
#9344=CARTESIAN_POINT('',(6.49999999999997,-12.,13.5));
#9345=CARTESIAN_POINT('',(6.5,-12.,-13.5));
#9346=CARTESIAN_POINT('',(4.,-12.,-13.5));
#9347=CARTESIAN_POINT('',(6.5,-12.,-13.5));
#9348=CARTESIAN_POINT('',(6.5,-12.,-13.5));
#9349=CARTESIAN_POINT('',(11.1369318036882,-20.,-11.1369318036882));
#9350=CARTESIAN_POINT('',(11.1369318036882,-20.,-9.03693180368816));
#9351=CARTESIAN_POINT('',(11.1369318036882,-14.,-11.1369318036882));
#9352=CARTESIAN_POINT('',(11.1369318036882,-14.,-9.03693180368816));
#9353=CARTESIAN_POINT('',(11.1369318036882,-20.,-11.1369318036882));
#9354=CARTESIAN_POINT('',(11.1369318036882,-20.,-11.1369318036882));
#9355=CARTESIAN_POINT('',(11.1369318036882,-14.,-11.1369318036882));
#9356=CARTESIAN_POINT('',(11.1369318036882,-20.,11.1369318036881));
#9357=CARTESIAN_POINT('',(11.1369318036882,-20.,13.2369318036881));
#9358=CARTESIAN_POINT('',(11.1369318036882,-14.,11.1369318036881));
#9359=CARTESIAN_POINT('',(11.1369318036882,-14.,13.2369318036881));
#9360=CARTESIAN_POINT('',(11.1369318036882,-20.,11.1369318036881));
#9361=CARTESIAN_POINT('',(11.1369318036882,-20.,11.1369318036881));
#9362=CARTESIAN_POINT('',(11.1369318036882,-14.,11.1369318036881));
#9363=CARTESIAN_POINT('',(-15.75,-20.,0.));
#9364=CARTESIAN_POINT('',(-15.75,-20.,2.5));
#9365=CARTESIAN_POINT('',(-15.75,-14.,0.));
#9366=CARTESIAN_POINT('',(-15.75,-14.,2.5));
#9367=CARTESIAN_POINT('',(-15.75,-20.,0.));
#9368=CARTESIAN_POINT('',(-15.75,-20.,0.));
#9369=CARTESIAN_POINT('',(-15.75,-14.,0.));
#9370=CARTESIAN_POINT('',(-11.1369318036881,-20.,11.1369318036882));
#9371=CARTESIAN_POINT('',(-11.1369318036881,-20.,13.2369318036882));
#9372=CARTESIAN_POINT('',(-11.1369318036881,-14.,11.1369318036882));
#9373=CARTESIAN_POINT('',(-11.1369318036881,-14.,13.2369318036882));
#9374=CARTESIAN_POINT('',(-11.1369318036881,-20.,11.1369318036882));
#9375=CARTESIAN_POINT('',(-11.1369318036881,-20.,11.1369318036882));
#9376=CARTESIAN_POINT('',(-11.1369318036881,-14.,11.1369318036882));
#9377=CARTESIAN_POINT('',(5.,59.,0.));
#9378=CARTESIAN_POINT('',(5.,59.,0.));
#9379=CARTESIAN_POINT('',(-5.,59.,0.));
#9380=CARTESIAN_POINT('',(5.,57.55,0.));
#9381=CARTESIAN_POINT('',(5.,57.55,0.));
#9382=CARTESIAN_POINT('',(3.,57.55,0.));
#9383=CARTESIAN_POINT('',(3.,57.55,0.));
#9384=CARTESIAN_POINT('',(3.,54.,0.));
#9385=CARTESIAN_POINT('',(3.,54.,0.));
#9386=CARTESIAN_POINT('',(5.,54.,0.));
#9387=CARTESIAN_POINT('',(5.,54.,0.));
#9388=CARTESIAN_POINT('',(5.,47.5,0.));
#9389=CARTESIAN_POINT('',(5.,47.5,0.));
#9390=CARTESIAN_POINT('',(-5.,47.5,0.));
#9391=CARTESIAN_POINT('',(-5.,47.5,0.));
#9392=CARTESIAN_POINT('',(-5.,54.,0.));
#9393=CARTESIAN_POINT('',(-5.,54.,0.));
#9394=CARTESIAN_POINT('',(-3.,54.,0.));
#9395=CARTESIAN_POINT('',(-3.,54.,0.));
#9396=CARTESIAN_POINT('',(-3.,57.55,0.));
#9397=CARTESIAN_POINT('',(-3.,57.55,0.));
#9398=CARTESIAN_POINT('',(-5.,57.55,0.));
#9399=CARTESIAN_POINT('',(-5.,57.55,0.));
#9400=CARTESIAN_POINT('',(-5.,80.,0.));
#9401=CARTESIAN_POINT('',(0.,47.5,0.));
#9402=CARTESIAN_POINT('',(-5.,59.9999999999993,7.90000000000069));
#9403=CARTESIAN_POINT('',(-5.,60.,8.9));
#9404=CARTESIAN_POINT('',(-5.,59.,7.9));
#9405=CARTESIAN_POINT('',(-5.,59.,7.9));
#9406=CARTESIAN_POINT('',(-5.,57.55,21.9));
#9407=CARTESIAN_POINT('',(-5.,57.55,21.9));
#9408=CARTESIAN_POINT('',(-5.,80.,21.9));
#9409=CARTESIAN_POINT('',(-5.,80.,21.9));
#9410=CARTESIAN_POINT('',(-5.,80.,21.9));
#9411=CARTESIAN_POINT('',(-5.,80.,8.9));
#9412=CARTESIAN_POINT('',(-5.,80.,8.9));
#9413=CARTESIAN_POINT('',(-5.,80.,21.9));
#9414=CARTESIAN_POINT('',(-5.,47.5,21.9));
#9415=CARTESIAN_POINT('',(-5.,47.5,21.9));
#9416=CARTESIAN_POINT('',(-5.,54.,21.9));
#9417=CARTESIAN_POINT('',(-5.,54.,21.9));
#9418=CARTESIAN_POINT('',(-5.,54.,21.9));
#9419=CARTESIAN_POINT('',(-5.,54.,21.9));
#9420=CARTESIAN_POINT('',(0.75,47.5,1.5));
#9421=CARTESIAN_POINT('',(0.75,47.5,1.5));
#9422=CARTESIAN_POINT('',(-0.75,47.5,1.5));
#9423=CARTESIAN_POINT('',(-0.75,47.5,1.5));
#9424=CARTESIAN_POINT('',(-0.75,47.5,3.));
#9425=CARTESIAN_POINT('',(-0.75,47.5,3.));
#9426=CARTESIAN_POINT('',(0.75,47.5,3.));
#9427=CARTESIAN_POINT('',(0.75,47.5,3.));
#9428=CARTESIAN_POINT('',(5.,47.5,21.9));
#9429=CARTESIAN_POINT('',(5.,47.5,21.9));
#9430=CARTESIAN_POINT('',(-5.,47.5,21.9));
#9431=CARTESIAN_POINT('',(-5.,47.5,21.9));
#9432=CARTESIAN_POINT('',(5.,54.,21.9));
#9433=CARTESIAN_POINT('',(5.,54.,21.9));
#9434=CARTESIAN_POINT('',(5.,47.5,21.9));
#9435=CARTESIAN_POINT('',(5.,47.5,21.9));
#9436=CARTESIAN_POINT('',(3.,54.,21.9));
#9437=CARTESIAN_POINT('',(3.,54.,21.9));
#9438=CARTESIAN_POINT('',(5.,54.,21.9));
#9439=CARTESIAN_POINT('',(5.,54.,21.9));
#9440=CARTESIAN_POINT('',(3.,57.55,21.9));
#9441=CARTESIAN_POINT('',(3.,57.55,21.9));
#9442=CARTESIAN_POINT('',(3.,54.,21.9));
#9443=CARTESIAN_POINT('',(3.,54.,21.9));
#9444=CARTESIAN_POINT('',(5.,57.55,21.9));
#9445=CARTESIAN_POINT('',(5.,57.55,21.9));
#9446=CARTESIAN_POINT('',(3.,57.55,21.9));
#9447=CARTESIAN_POINT('',(3.,57.55,21.9));
#9448=CARTESIAN_POINT('',(5.,59.,7.9));
#9449=CARTESIAN_POINT('',(5.,59.,7.9));
#9450=CARTESIAN_POINT('',(5.,59.9999999999993,7.90000000000069));
#9451=CARTESIAN_POINT('',(5.,60.,8.9));
#9452=CARTESIAN_POINT('',(5.,80.,8.9));
#9453=CARTESIAN_POINT('',(5.,80.,8.9));
#9454=CARTESIAN_POINT('',(5.,80.,21.9));
#9455=CARTESIAN_POINT('',(5.,80.,21.9));
#9456=CARTESIAN_POINT('',(5.,57.55,21.9));
#9457=CARTESIAN_POINT('',(5.,57.55,21.9));
#9458=CARTESIAN_POINT('',(5.,80.,8.9));
#9459=CARTESIAN_POINT('',(5.,80.,21.9));
#9460=CARTESIAN_POINT('',(5.,80.,21.9));
#9461=CARTESIAN_POINT('',(-3.,57.55,21.9));
#9462=CARTESIAN_POINT('',(-3.,57.55,21.9));
#9463=CARTESIAN_POINT('',(-5.,57.55,21.9));
#9464=CARTESIAN_POINT('',(-5.,57.55,21.9));
#9465=CARTESIAN_POINT('',(-3.,54.,21.9));
#9466=CARTESIAN_POINT('',(-3.,54.,21.9));
#9467=CARTESIAN_POINT('',(-3.,57.55,21.9));
#9468=CARTESIAN_POINT('',(-3.,57.55,21.9));
#9469=CARTESIAN_POINT('',(-3.,54.,21.9));
#9470=CARTESIAN_POINT('',(-3.,54.,21.9));
#9471=CARTESIAN_POINT('',(0.,75.5,21.9));
#9472=CARTESIAN_POINT('',(3.7,75.5,21.9));
#9473=CARTESIAN_POINT('',(0.,64.5,21.9));
#9474=CARTESIAN_POINT('',(3.7,64.5,21.9));
#9475=CARTESIAN_POINT('',(0.,70.,21.9));
#9476=CARTESIAN_POINT('',(-1.7,70.,21.9));
#9477=CARTESIAN_POINT('',(0.,47.5,21.9));
#9478=CARTESIAN_POINT('',(5.,59.,7.9));
#9479=CARTESIAN_POINT('',(5.,59.,7.9));
#9480=CARTESIAN_POINT('',(0.,75.5,8.9));
#9481=CARTESIAN_POINT('',(1.621,75.5,8.9));
#9482=CARTESIAN_POINT('',(0.,64.5,8.9));
#9483=CARTESIAN_POINT('',(1.621,64.5,8.9));
#9484=CARTESIAN_POINT('',(0.,70.,8.9));
#9485=CARTESIAN_POINT('',(-1.7,70.,8.9));
#9486=CARTESIAN_POINT('',(5.,60.,8.9));
#9487=CARTESIAN_POINT('',(5.,80.,8.9));
#9488=CARTESIAN_POINT('',(5.,59.9999999999993,7.90000000000069));
#9489=CARTESIAN_POINT('',(0.,70.,9.1));
#9490=CARTESIAN_POINT('',(-1.5,70.,9.1));
#9491=CARTESIAN_POINT('',(0.,70.,21.7));
#9492=CARTESIAN_POINT('',(-1.5,70.,21.7));
#9493=CARTESIAN_POINT('',(0.,70.,8.9));
#9494=CARTESIAN_POINT('',(0.,70.,21.9));
#9495=CARTESIAN_POINT('',(0.,70.,10.6));
#9496=CARTESIAN_POINT('',(0.,64.5,21.7));
#9497=CARTESIAN_POINT('',(3.5,64.5,21.7));
#9498=CARTESIAN_POINT('',(0.,64.5,21.9));
#9499=CARTESIAN_POINT('',(0.,64.5,20.3));
#9500=CARTESIAN_POINT('',(3.5,64.5,20.3));
#9501=CARTESIAN_POINT('',(0.,64.5,8.9));
#9502=CARTESIAN_POINT('',(0.,64.5,20.3));
#9503=CARTESIAN_POINT('',(1.621,64.5,20.3));
#9504=CARTESIAN_POINT('',(0.,68.,20.3));
#9505=CARTESIAN_POINT('',(0.,64.5,8.9));
#9506=CARTESIAN_POINT('',(0.,75.5,21.7));
#9507=CARTESIAN_POINT('',(3.5,75.5,21.7));
#9508=CARTESIAN_POINT('',(0.,75.5,21.9));
#9509=CARTESIAN_POINT('',(0.,75.5,20.3));
#9510=CARTESIAN_POINT('',(3.5,75.5,20.3));
#9511=CARTESIAN_POINT('',(0.,75.5,8.9));
#9512=CARTESIAN_POINT('',(0.,75.5,20.3));
#9513=CARTESIAN_POINT('',(1.621,75.5,20.3));
#9514=CARTESIAN_POINT('',(0.,79.,20.3));
#9515=CARTESIAN_POINT('',(0.,75.5,8.9));
#9516=CARTESIAN_POINT('',(-0.75,46.,1.5));
#9517=CARTESIAN_POINT('',(-0.75,46.,1.5));
#9518=CARTESIAN_POINT('',(-0.75,46.,1.5));
#9519=CARTESIAN_POINT('',(-0.75,46.,3.));
#9520=CARTESIAN_POINT('',(-0.75,46.,3.));
#9521=CARTESIAN_POINT('',(-0.75,46.,1.5));
#9522=CARTESIAN_POINT('',(-0.75,46.,3.));
#9523=CARTESIAN_POINT('',(0.75,46.,3.));
#9524=CARTESIAN_POINT('',(0.75,46.,3.));
#9525=CARTESIAN_POINT('',(-0.75,46.,3.));
#9526=CARTESIAN_POINT('',(0.75,46.,3.));
#9527=CARTESIAN_POINT('',(0.75,46.,1.5));
#9528=CARTESIAN_POINT('',(0.75,46.,1.5));
#9529=CARTESIAN_POINT('',(0.75,46.,3.));
#9530=CARTESIAN_POINT('',(0.75,46.,1.5));
#9531=CARTESIAN_POINT('',(0.75,46.,1.5));
#9532=CARTESIAN_POINT('',(0.,46.,0.));
#9533=CARTESIAN_POINT('',(0.,64.5,20.3));
#9534=CARTESIAN_POINT('',(2.65,64.5,20.3));
#9535=CARTESIAN_POINT('',(0.,64.5,20.3));
#9536=CARTESIAN_POINT('',(3.3267949192431,64.5,20.3));
#9537=CARTESIAN_POINT('',(0.,67.8267949192431,20.3));
#9538=CARTESIAN_POINT('',(0.,64.5,23.3));
#9539=CARTESIAN_POINT('',(2.65,64.5,23.3));
#9540=CARTESIAN_POINT('',(0.,64.5,23.3));
#9541=CARTESIAN_POINT('',(0.,64.5,23.3));
#9542=CARTESIAN_POINT('',(3.3267949192431,64.5,23.3));
#9543=CARTESIAN_POINT('',(0.,67.15,23.3));
#9544=CARTESIAN_POINT('',(0.,64.5,23.));
#9545=CARTESIAN_POINT('',(3.5,64.5,23.));
#9546=CARTESIAN_POINT('',(0.,64.5,23.3));
#9547=CARTESIAN_POINT('',(0.,64.5,20.6));
#9548=CARTESIAN_POINT('',(3.5,64.5,20.6));
#9549=CARTESIAN_POINT('',(0.,64.5,23.3));
#9550=CARTESIAN_POINT('',(0.,64.5,20.6));
#9551=CARTESIAN_POINT('',(0.,75.5,20.3));
#9552=CARTESIAN_POINT('',(2.65,75.5,20.3));
#9553=CARTESIAN_POINT('',(0.,75.5,20.3));
#9554=CARTESIAN_POINT('',(3.3267949192431,75.5,20.3));
#9555=CARTESIAN_POINT('',(0.,78.8267949192431,20.3));
#9556=CARTESIAN_POINT('',(0.,75.5,23.3));
#9557=CARTESIAN_POINT('',(2.65,75.5,23.3));
#9558=CARTESIAN_POINT('',(0.,75.5,23.3));
#9559=CARTESIAN_POINT('',(0.,75.5,23.3));
#9560=CARTESIAN_POINT('',(3.3267949192431,75.5,23.3));
#9561=CARTESIAN_POINT('',(0.,78.15,23.3));
#9562=CARTESIAN_POINT('',(0.,75.5,23.));
#9563=CARTESIAN_POINT('',(3.5,75.5,23.));
#9564=CARTESIAN_POINT('',(0.,75.5,23.3));
#9565=CARTESIAN_POINT('',(0.,75.5,20.6));
#9566=CARTESIAN_POINT('',(3.5,75.5,20.6));
#9567=CARTESIAN_POINT('',(0.,75.5,23.3));
#9568=CARTESIAN_POINT('',(0.,75.5,20.6));
#9569=CARTESIAN_POINT('',(9.4,7.5,-12.5));
#9570=CARTESIAN_POINT('',(9.4,7.5,-9.85));
#9571=CARTESIAN_POINT('',(9.4,7.5,-12.5));
#9572=CARTESIAN_POINT('',(9.4,7.5,-9.1732050807569));
#9573=CARTESIAN_POINT('',(9.4,4.1732050807569,-12.5));
#9574=CARTESIAN_POINT('',(12.4,7.5,-12.5));
#9575=CARTESIAN_POINT('',(12.4,7.5,-9.85));
#9576=CARTESIAN_POINT('',(12.4,7.5,-12.5));
#9577=CARTESIAN_POINT('',(12.4,7.5,-12.5));
#9578=CARTESIAN_POINT('',(12.4,7.5,-9.1732050807569));
#9579=CARTESIAN_POINT('',(12.4,4.85,-12.5));
#9580=CARTESIAN_POINT('',(12.1,7.5,-12.5));
#9581=CARTESIAN_POINT('',(12.1,7.5,-9.));
#9582=CARTESIAN_POINT('',(12.4,7.5,-12.5));
#9583=CARTESIAN_POINT('',(9.7,7.5,-12.5));
#9584=CARTESIAN_POINT('',(9.7,7.5,-9.));
#9585=CARTESIAN_POINT('',(12.4,7.5,-12.5));
#9586=CARTESIAN_POINT('',(9.7,7.5,-12.5));
#9587=MECHANICAL_DESIGN_GEOMETRIC_PRESENTATION_REPRESENTATION('',(#5696,
#5697,#5698,#5699,#5700,#38,#39,#40,#41,#42,#43,#44,#45,#46,#47,#48,#49,
#50,#51,#52,#53,#54,#55,#56,#57,#58,#59,#60,#61,#62,#63,#64,#65,#66,#67,
#68,#69,#70,#71,#72,#73,#74,#75,#76,#77,#78,#79,#80,#81,#82,#83,#84,#85,
#86,#87,#88,#89,#90,#91,#92,#5701,#5702,#5703,#5704,#5705,#5706,#5707,#5708,
#5709,#5710,#5711,#5712,#5713,#5714,#5715,#5716,#5717,#5718,#5719,#5720,
#5721,#5722,#5723,#5724,#5725),#9588);
#9588=(
GEOMETRIC_REPRESENTATION_CONTEXT(3)
GLOBAL_UNCERTAINTY_ASSIGNED_CONTEXT((#9589))
GLOBAL_UNIT_ASSIGNED_CONTEXT((#9595,#9591,#9590))
REPRESENTATION_CONTEXT('ferrrrraaa_1','TOP_LEVEL_ASSEMBLY_PART')
);
#9589=UNCERTAINTY_MEASURE_WITH_UNIT(LENGTH_MEASURE(0.0508),#9595,
'DISTANCE_ACCURACY_VALUE','Maximum Tolerance applied to model');
#9590=(
NAMED_UNIT(*)
SI_UNIT($,.STERADIAN.)
SOLID_ANGLE_UNIT()
);
#9591=(
CONVERSION_BASED_UNIT('DEGREE',#9593)
NAMED_UNIT(#9592)
PLANE_ANGLE_UNIT()
);
#9592=DIMENSIONAL_EXPONENTS(0.,0.,0.,0.,0.,0.,0.);
#9593=PLANE_ANGLE_MEASURE_WITH_UNIT(PLANE_ANGLE_MEASURE(0.0174532925),#9594);
#9594=(
NAMED_UNIT(*)
PLANE_ANGLE_UNIT()
SI_UNIT($,.RADIAN.)
);
#9595=(
LENGTH_UNIT()
NAMED_UNIT(*)
SI_UNIT(.MILLI.,.METRE.)
);
ENDSEC;
END-ISO-10303-21;
