ISO-10303-21;
HEADER;
/* Generated by software containing ST-Developer
 * from STEP Tools, Inc. (www.steptools.com) 
 */
/* OPTION: using custom schema-name function */

FILE_DESCRIPTION(
/* description */ (''),
/* implementation_level */ '2;1');

FILE_NAME(
/* name */ 'conveyor.stp',
/* time_stamp */ '2026-05-24T20:27:47+02:00',
/* author */ (''),
/* organization */ (''),
/* preprocessor_version */ 'ST-DEVELOPER v19.3',
/* originating_system */ 'SIEMENS PLM Software NX2212.5000',
/* authorisation */ '');

FILE_SCHEMA (('AUTOMOTIVE_DESIGN { 1 0 10303 214 3 1 1 1 }'));
ENDSEC;

DATA;
#10=SHAPE_REPRESENTATION_RELATIONSHIP('None',
'relationship between conveyor-None and conveyor-None',#22,#11);
#11=ADVANCED_BREP_SHAPE_REPRESENTATION('conveyor-None',(#781,#782,#783,
#784,#785,#786,#787,#788,#789,#790,#791,#792,#793,#794,#795,#796,#797,#798,
#799,#800,#801,#802,#803,#804,#805,#806),#2507);
#12=SHAPE_DEFINITION_REPRESENTATION(#13,#22);
#13=PRODUCT_DEFINITION_SHAPE('','',#14);
#14=PRODUCT_DEFINITION(' ','',#16,#15);
#15=PRODUCT_DEFINITION_CONTEXT('part definition',#21,'design');
#16=PRODUCT_DEFINITION_FORMATION_WITH_SPECIFIED_SOURCE(' ',' ',#18,
 .NOT_KNOWN.);
#17=PRODUCT_RELATED_PRODUCT_CATEGORY('part','',(#18));
#18=PRODUCT('conveyor','conveyor',' ',(#19));
#19=PRODUCT_CONTEXT(' ',#21,'mechanical');
#20=APPLICATION_PROTOCOL_DEFINITION('international standard',
'automotive_design',2010,#21);
#21=APPLICATION_CONTEXT(
'core data for automotive mechanical design processes');
#22=SHAPE_REPRESENTATION('conveyor-None',(#1732),#2507);
#23=OVER_RIDING_STYLED_ITEM('',(#175),#936,#148);
#24=OVER_RIDING_STYLED_ITEM('',(#176),#937,#148);
#25=OVER_RIDING_STYLED_ITEM('',(#177),#938,#148);
#26=OVER_RIDING_STYLED_ITEM('',(#179),#939,#149);
#27=OVER_RIDING_STYLED_ITEM('',(#180),#940,#149);
#28=OVER_RIDING_STYLED_ITEM('',(#181),#941,#149);
#29=OVER_RIDING_STYLED_ITEM('',(#183),#942,#150);
#30=OVER_RIDING_STYLED_ITEM('',(#184),#943,#150);
#31=OVER_RIDING_STYLED_ITEM('',(#185),#944,#150);
#32=OVER_RIDING_STYLED_ITEM('',(#187),#945,#151);
#33=OVER_RIDING_STYLED_ITEM('',(#188),#946,#151);
#34=OVER_RIDING_STYLED_ITEM('',(#189),#947,#151);
#35=OVER_RIDING_STYLED_ITEM('',(#191),#948,#152);
#36=OVER_RIDING_STYLED_ITEM('',(#192),#949,#152);
#37=OVER_RIDING_STYLED_ITEM('',(#193),#950,#152);
#38=OVER_RIDING_STYLED_ITEM('',(#195),#951,#153);
#39=OVER_RIDING_STYLED_ITEM('',(#196),#952,#153);
#40=OVER_RIDING_STYLED_ITEM('',(#197),#953,#153);
#41=OVER_RIDING_STYLED_ITEM('',(#199),#954,#154);
#42=OVER_RIDING_STYLED_ITEM('',(#200),#955,#154);
#43=OVER_RIDING_STYLED_ITEM('',(#201),#956,#154);
#44=OVER_RIDING_STYLED_ITEM('',(#203),#957,#155);
#45=OVER_RIDING_STYLED_ITEM('',(#204),#958,#155);
#46=OVER_RIDING_STYLED_ITEM('',(#205),#959,#155);
#47=OVER_RIDING_STYLED_ITEM('',(#207),#960,#156);
#48=OVER_RIDING_STYLED_ITEM('',(#208),#961,#156);
#49=OVER_RIDING_STYLED_ITEM('',(#209),#962,#156);
#50=OVER_RIDING_STYLED_ITEM('',(#211),#963,#157);
#51=OVER_RIDING_STYLED_ITEM('',(#212),#964,#157);
#52=OVER_RIDING_STYLED_ITEM('',(#213),#965,#157);
#53=OVER_RIDING_STYLED_ITEM('',(#215),#966,#158);
#54=OVER_RIDING_STYLED_ITEM('',(#216),#967,#158);
#55=OVER_RIDING_STYLED_ITEM('',(#217),#968,#158);
#56=OVER_RIDING_STYLED_ITEM('',(#219),#969,#159);
#57=OVER_RIDING_STYLED_ITEM('',(#220),#970,#159);
#58=OVER_RIDING_STYLED_ITEM('',(#221),#971,#159);
#59=OVER_RIDING_STYLED_ITEM('',(#223),#972,#160);
#60=OVER_RIDING_STYLED_ITEM('',(#224),#973,#160);
#61=OVER_RIDING_STYLED_ITEM('',(#225),#974,#160);
#62=OVER_RIDING_STYLED_ITEM('',(#227),#975,#161);
#63=OVER_RIDING_STYLED_ITEM('',(#228),#976,#161);
#64=OVER_RIDING_STYLED_ITEM('',(#229),#977,#161);
#65=OVER_RIDING_STYLED_ITEM('',(#231),#978,#162);
#66=OVER_RIDING_STYLED_ITEM('',(#232),#979,#162);
#67=OVER_RIDING_STYLED_ITEM('',(#233),#980,#162);
#68=OVER_RIDING_STYLED_ITEM('',(#235),#981,#163);
#69=OVER_RIDING_STYLED_ITEM('',(#236),#982,#163);
#70=OVER_RIDING_STYLED_ITEM('',(#237),#983,#163);
#71=OVER_RIDING_STYLED_ITEM('',(#239),#984,#164);
#72=OVER_RIDING_STYLED_ITEM('',(#240),#985,#164);
#73=OVER_RIDING_STYLED_ITEM('',(#241),#986,#164);
#74=OVER_RIDING_STYLED_ITEM('',(#243),#987,#165);
#75=OVER_RIDING_STYLED_ITEM('',(#244),#988,#165);
#76=OVER_RIDING_STYLED_ITEM('',(#245),#989,#165);
#77=OVER_RIDING_STYLED_ITEM('',(#247),#990,#166);
#78=OVER_RIDING_STYLED_ITEM('',(#248),#991,#166);
#79=OVER_RIDING_STYLED_ITEM('',(#249),#992,#166);
#80=OVER_RIDING_STYLED_ITEM('',(#251),#993,#167);
#81=OVER_RIDING_STYLED_ITEM('',(#252),#994,#167);
#82=OVER_RIDING_STYLED_ITEM('',(#253),#995,#167);
#83=OVER_RIDING_STYLED_ITEM('',(#255),#996,#168);
#84=OVER_RIDING_STYLED_ITEM('',(#256),#997,#168);
#85=OVER_RIDING_STYLED_ITEM('',(#257),#998,#168);
#86=OVER_RIDING_STYLED_ITEM('',(#259),#999,#169);
#87=OVER_RIDING_STYLED_ITEM('',(#260),#1000,#169);
#88=OVER_RIDING_STYLED_ITEM('',(#261),#1001,#169);
#89=OVER_RIDING_STYLED_ITEM('',(#263),#1002,#170);
#90=OVER_RIDING_STYLED_ITEM('',(#264),#1003,#170);
#91=OVER_RIDING_STYLED_ITEM('',(#265),#1004,#170);
#92=OVER_RIDING_STYLED_ITEM('',(#267),#1005,#171);
#93=OVER_RIDING_STYLED_ITEM('',(#268),#1006,#171);
#94=OVER_RIDING_STYLED_ITEM('',(#269),#1007,#171);
#95=OVER_RIDING_STYLED_ITEM('',(#271),#1008,#172);
#96=OVER_RIDING_STYLED_ITEM('',(#272),#1009,#172);
#97=OVER_RIDING_STYLED_ITEM('',(#273),#1010,#172);
#98=FACE_BOUND('',#1169,.T.);
#99=FACE_BOUND('',#1170,.T.);
#100=FACE_BOUND('',#1173,.T.);
#101=FACE_BOUND('',#1174,.T.);
#102=FACE_BOUND('',#1177,.T.);
#103=FACE_BOUND('',#1178,.T.);
#104=FACE_BOUND('',#1181,.T.);
#105=FACE_BOUND('',#1182,.T.);
#106=FACE_BOUND('',#1185,.T.);
#107=FACE_BOUND('',#1186,.T.);
#108=FACE_BOUND('',#1189,.T.);
#109=FACE_BOUND('',#1190,.T.);
#110=FACE_BOUND('',#1193,.T.);
#111=FACE_BOUND('',#1194,.T.);
#112=FACE_BOUND('',#1197,.T.);
#113=FACE_BOUND('',#1198,.T.);
#114=FACE_BOUND('',#1201,.T.);
#115=FACE_BOUND('',#1202,.T.);
#116=FACE_BOUND('',#1205,.T.);
#117=FACE_BOUND('',#1206,.T.);
#118=FACE_BOUND('',#1209,.T.);
#119=FACE_BOUND('',#1210,.T.);
#120=FACE_BOUND('',#1213,.T.);
#121=FACE_BOUND('',#1214,.T.);
#122=FACE_BOUND('',#1217,.T.);
#123=FACE_BOUND('',#1218,.T.);
#124=FACE_BOUND('',#1221,.T.);
#125=FACE_BOUND('',#1222,.T.);
#126=FACE_BOUND('',#1225,.T.);
#127=FACE_BOUND('',#1226,.T.);
#128=FACE_BOUND('',#1229,.T.);
#129=FACE_BOUND('',#1230,.T.);
#130=FACE_BOUND('',#1233,.T.);
#131=FACE_BOUND('',#1234,.T.);
#132=FACE_BOUND('',#1237,.T.);
#133=FACE_BOUND('',#1238,.T.);
#134=FACE_BOUND('',#1241,.T.);
#135=FACE_BOUND('',#1242,.T.);
#136=FACE_BOUND('',#1245,.T.);
#137=FACE_BOUND('',#1246,.T.);
#138=FACE_BOUND('',#1249,.T.);
#139=FACE_BOUND('',#1250,.T.);
#140=FACE_BOUND('',#1253,.T.);
#141=FACE_BOUND('',#1254,.T.);
#142=FACE_BOUND('',#1257,.T.);
#143=FACE_BOUND('',#1258,.T.);
#144=FACE_BOUND('',#1261,.T.);
#145=FACE_BOUND('',#1262,.T.);
#146=PRESENTATION_LAYER_ASSIGNMENT('1','Layer 1',(#781,#782,#783,#784,#785,
#786,#787,#788,#789,#790,#791,#792,#793,#794,#795,#796,#797,#798,#799,#800,
#801,#802,#803,#804,#805,#806));
#147=STYLED_ITEM('',(#173),#781);
#148=STYLED_ITEM('',(#174),#782);
#149=STYLED_ITEM('',(#178),#783);
#150=STYLED_ITEM('',(#182),#784);
#151=STYLED_ITEM('',(#186),#785);
#152=STYLED_ITEM('',(#190),#786);
#153=STYLED_ITEM('',(#194),#787);
#154=STYLED_ITEM('',(#198),#788);
#155=STYLED_ITEM('',(#202),#789);
#156=STYLED_ITEM('',(#206),#790);
#157=STYLED_ITEM('',(#210),#791);
#158=STYLED_ITEM('',(#214),#792);
#159=STYLED_ITEM('',(#218),#793);
#160=STYLED_ITEM('',(#222),#794);
#161=STYLED_ITEM('',(#226),#795);
#162=STYLED_ITEM('',(#230),#796);
#163=STYLED_ITEM('',(#234),#797);
#164=STYLED_ITEM('',(#238),#798);
#165=STYLED_ITEM('',(#242),#799);
#166=STYLED_ITEM('',(#246),#800);
#167=STYLED_ITEM('',(#250),#801);
#168=STYLED_ITEM('',(#254),#802);
#169=STYLED_ITEM('',(#258),#803);
#170=STYLED_ITEM('',(#262),#804);
#171=STYLED_ITEM('',(#266),#805);
#172=STYLED_ITEM('',(#270),#806);
#173=PRESENTATION_STYLE_ASSIGNMENT((#274));
#174=PRESENTATION_STYLE_ASSIGNMENT((#275));
#175=PRESENTATION_STYLE_ASSIGNMENT((#276));
#176=PRESENTATION_STYLE_ASSIGNMENT((#277));
#177=PRESENTATION_STYLE_ASSIGNMENT((#278));
#178=PRESENTATION_STYLE_ASSIGNMENT((#279));
#179=PRESENTATION_STYLE_ASSIGNMENT((#280));
#180=PRESENTATION_STYLE_ASSIGNMENT((#281));
#181=PRESENTATION_STYLE_ASSIGNMENT((#282));
#182=PRESENTATION_STYLE_ASSIGNMENT((#283));
#183=PRESENTATION_STYLE_ASSIGNMENT((#284));
#184=PRESENTATION_STYLE_ASSIGNMENT((#285));
#185=PRESENTATION_STYLE_ASSIGNMENT((#286));
#186=PRESENTATION_STYLE_ASSIGNMENT((#287));
#187=PRESENTATION_STYLE_ASSIGNMENT((#288));
#188=PRESENTATION_STYLE_ASSIGNMENT((#289));
#189=PRESENTATION_STYLE_ASSIGNMENT((#290));
#190=PRESENTATION_STYLE_ASSIGNMENT((#291));
#191=PRESENTATION_STYLE_ASSIGNMENT((#292));
#192=PRESENTATION_STYLE_ASSIGNMENT((#293));
#193=PRESENTATION_STYLE_ASSIGNMENT((#294));
#194=PRESENTATION_STYLE_ASSIGNMENT((#295));
#195=PRESENTATION_STYLE_ASSIGNMENT((#296));
#196=PRESENTATION_STYLE_ASSIGNMENT((#297));
#197=PRESENTATION_STYLE_ASSIGNMENT((#298));
#198=PRESENTATION_STYLE_ASSIGNMENT((#299));
#199=PRESENTATION_STYLE_ASSIGNMENT((#300));
#200=PRESENTATION_STYLE_ASSIGNMENT((#301));
#201=PRESENTATION_STYLE_ASSIGNMENT((#302));
#202=PRESENTATION_STYLE_ASSIGNMENT((#303));
#203=PRESENTATION_STYLE_ASSIGNMENT((#304));
#204=PRESENTATION_STYLE_ASSIGNMENT((#305));
#205=PRESENTATION_STYLE_ASSIGNMENT((#306));
#206=PRESENTATION_STYLE_ASSIGNMENT((#307));
#207=PRESENTATION_STYLE_ASSIGNMENT((#308));
#208=PRESENTATION_STYLE_ASSIGNMENT((#309));
#209=PRESENTATION_STYLE_ASSIGNMENT((#310));
#210=PRESENTATION_STYLE_ASSIGNMENT((#311));
#211=PRESENTATION_STYLE_ASSIGNMENT((#312));
#212=PRESENTATION_STYLE_ASSIGNMENT((#313));
#213=PRESENTATION_STYLE_ASSIGNMENT((#314));
#214=PRESENTATION_STYLE_ASSIGNMENT((#315));
#215=PRESENTATION_STYLE_ASSIGNMENT((#316));
#216=PRESENTATION_STYLE_ASSIGNMENT((#317));
#217=PRESENTATION_STYLE_ASSIGNMENT((#318));
#218=PRESENTATION_STYLE_ASSIGNMENT((#319));
#219=PRESENTATION_STYLE_ASSIGNMENT((#320));
#220=PRESENTATION_STYLE_ASSIGNMENT((#321));
#221=PRESENTATION_STYLE_ASSIGNMENT((#322));
#222=PRESENTATION_STYLE_ASSIGNMENT((#323));
#223=PRESENTATION_STYLE_ASSIGNMENT((#324));
#224=PRESENTATION_STYLE_ASSIGNMENT((#325));
#225=PRESENTATION_STYLE_ASSIGNMENT((#326));
#226=PRESENTATION_STYLE_ASSIGNMENT((#327));
#227=PRESENTATION_STYLE_ASSIGNMENT((#328));
#228=PRESENTATION_STYLE_ASSIGNMENT((#329));
#229=PRESENTATION_STYLE_ASSIGNMENT((#330));
#230=PRESENTATION_STYLE_ASSIGNMENT((#331));
#231=PRESENTATION_STYLE_ASSIGNMENT((#332));
#232=PRESENTATION_STYLE_ASSIGNMENT((#333));
#233=PRESENTATION_STYLE_ASSIGNMENT((#334));
#234=PRESENTATION_STYLE_ASSIGNMENT((#335));
#235=PRESENTATION_STYLE_ASSIGNMENT((#336));
#236=PRESENTATION_STYLE_ASSIGNMENT((#337));
#237=PRESENTATION_STYLE_ASSIGNMENT((#338));
#238=PRESENTATION_STYLE_ASSIGNMENT((#339));
#239=PRESENTATION_STYLE_ASSIGNMENT((#340));
#240=PRESENTATION_STYLE_ASSIGNMENT((#341));
#241=PRESENTATION_STYLE_ASSIGNMENT((#342));
#242=PRESENTATION_STYLE_ASSIGNMENT((#343));
#243=PRESENTATION_STYLE_ASSIGNMENT((#344));
#244=PRESENTATION_STYLE_ASSIGNMENT((#345));
#245=PRESENTATION_STYLE_ASSIGNMENT((#346));
#246=PRESENTATION_STYLE_ASSIGNMENT((#347));
#247=PRESENTATION_STYLE_ASSIGNMENT((#348));
#248=PRESENTATION_STYLE_ASSIGNMENT((#349));
#249=PRESENTATION_STYLE_ASSIGNMENT((#350));
#250=PRESENTATION_STYLE_ASSIGNMENT((#351));
#251=PRESENTATION_STYLE_ASSIGNMENT((#352));
#252=PRESENTATION_STYLE_ASSIGNMENT((#353));
#253=PRESENTATION_STYLE_ASSIGNMENT((#354));
#254=PRESENTATION_STYLE_ASSIGNMENT((#355));
#255=PRESENTATION_STYLE_ASSIGNMENT((#356));
#256=PRESENTATION_STYLE_ASSIGNMENT((#357));
#257=PRESENTATION_STYLE_ASSIGNMENT((#358));
#258=PRESENTATION_STYLE_ASSIGNMENT((#359));
#259=PRESENTATION_STYLE_ASSIGNMENT((#360));
#260=PRESENTATION_STYLE_ASSIGNMENT((#361));
#261=PRESENTATION_STYLE_ASSIGNMENT((#362));
#262=PRESENTATION_STYLE_ASSIGNMENT((#363));
#263=PRESENTATION_STYLE_ASSIGNMENT((#364));
#264=PRESENTATION_STYLE_ASSIGNMENT((#365));
#265=PRESENTATION_STYLE_ASSIGNMENT((#366));
#266=PRESENTATION_STYLE_ASSIGNMENT((#367));
#267=PRESENTATION_STYLE_ASSIGNMENT((#368));
#268=PRESENTATION_STYLE_ASSIGNMENT((#369));
#269=PRESENTATION_STYLE_ASSIGNMENT((#370));
#270=PRESENTATION_STYLE_ASSIGNMENT((#371));
#271=PRESENTATION_STYLE_ASSIGNMENT((#372));
#272=PRESENTATION_STYLE_ASSIGNMENT((#373));
#273=PRESENTATION_STYLE_ASSIGNMENT((#374));
#274=SURFACE_STYLE_USAGE(.BOTH.,#375);
#275=SURFACE_STYLE_USAGE(.BOTH.,#376);
#276=SURFACE_STYLE_USAGE(.BOTH.,#377);
#277=SURFACE_STYLE_USAGE(.BOTH.,#378);
#278=SURFACE_STYLE_USAGE(.BOTH.,#379);
#279=SURFACE_STYLE_USAGE(.BOTH.,#380);
#280=SURFACE_STYLE_USAGE(.BOTH.,#381);
#281=SURFACE_STYLE_USAGE(.BOTH.,#382);
#282=SURFACE_STYLE_USAGE(.BOTH.,#383);
#283=SURFACE_STYLE_USAGE(.BOTH.,#384);
#284=SURFACE_STYLE_USAGE(.BOTH.,#385);
#285=SURFACE_STYLE_USAGE(.BOTH.,#386);
#286=SURFACE_STYLE_USAGE(.BOTH.,#387);
#287=SURFACE_STYLE_USAGE(.BOTH.,#388);
#288=SURFACE_STYLE_USAGE(.BOTH.,#389);
#289=SURFACE_STYLE_USAGE(.BOTH.,#390);
#290=SURFACE_STYLE_USAGE(.BOTH.,#391);
#291=SURFACE_STYLE_USAGE(.BOTH.,#392);
#292=SURFACE_STYLE_USAGE(.BOTH.,#393);
#293=SURFACE_STYLE_USAGE(.BOTH.,#394);
#294=SURFACE_STYLE_USAGE(.BOTH.,#395);
#295=SURFACE_STYLE_USAGE(.BOTH.,#396);
#296=SURFACE_STYLE_USAGE(.BOTH.,#397);
#297=SURFACE_STYLE_USAGE(.BOTH.,#398);
#298=SURFACE_STYLE_USAGE(.BOTH.,#399);
#299=SURFACE_STYLE_USAGE(.BOTH.,#400);
#300=SURFACE_STYLE_USAGE(.BOTH.,#401);
#301=SURFACE_STYLE_USAGE(.BOTH.,#402);
#302=SURFACE_STYLE_USAGE(.BOTH.,#403);
#303=SURFACE_STYLE_USAGE(.BOTH.,#404);
#304=SURFACE_STYLE_USAGE(.BOTH.,#405);
#305=SURFACE_STYLE_USAGE(.BOTH.,#406);
#306=SURFACE_STYLE_USAGE(.BOTH.,#407);
#307=SURFACE_STYLE_USAGE(.BOTH.,#408);
#308=SURFACE_STYLE_USAGE(.BOTH.,#409);
#309=SURFACE_STYLE_USAGE(.BOTH.,#410);
#310=SURFACE_STYLE_USAGE(.BOTH.,#411);
#311=SURFACE_STYLE_USAGE(.BOTH.,#412);
#312=SURFACE_STYLE_USAGE(.BOTH.,#413);
#313=SURFACE_STYLE_USAGE(.BOTH.,#414);
#314=SURFACE_STYLE_USAGE(.BOTH.,#415);
#315=SURFACE_STYLE_USAGE(.BOTH.,#416);
#316=SURFACE_STYLE_USAGE(.BOTH.,#417);
#317=SURFACE_STYLE_USAGE(.BOTH.,#418);
#318=SURFACE_STYLE_USAGE(.BOTH.,#419);
#319=SURFACE_STYLE_USAGE(.BOTH.,#420);
#320=SURFACE_STYLE_USAGE(.BOTH.,#421);
#321=SURFACE_STYLE_USAGE(.BOTH.,#422);
#322=SURFACE_STYLE_USAGE(.BOTH.,#423);
#323=SURFACE_STYLE_USAGE(.BOTH.,#424);
#324=SURFACE_STYLE_USAGE(.BOTH.,#425);
#325=SURFACE_STYLE_USAGE(.BOTH.,#426);
#326=SURFACE_STYLE_USAGE(.BOTH.,#427);
#327=SURFACE_STYLE_USAGE(.BOTH.,#428);
#328=SURFACE_STYLE_USAGE(.BOTH.,#429);
#329=SURFACE_STYLE_USAGE(.BOTH.,#430);
#330=SURFACE_STYLE_USAGE(.BOTH.,#431);
#331=SURFACE_STYLE_USAGE(.BOTH.,#432);
#332=SURFACE_STYLE_USAGE(.BOTH.,#433);
#333=SURFACE_STYLE_USAGE(.BOTH.,#434);
#334=SURFACE_STYLE_USAGE(.BOTH.,#435);
#335=SURFACE_STYLE_USAGE(.BOTH.,#436);
#336=SURFACE_STYLE_USAGE(.BOTH.,#437);
#337=SURFACE_STYLE_USAGE(.BOTH.,#438);
#338=SURFACE_STYLE_USAGE(.BOTH.,#439);
#339=SURFACE_STYLE_USAGE(.BOTH.,#440);
#340=SURFACE_STYLE_USAGE(.BOTH.,#441);
#341=SURFACE_STYLE_USAGE(.BOTH.,#442);
#342=SURFACE_STYLE_USAGE(.BOTH.,#443);
#343=SURFACE_STYLE_USAGE(.BOTH.,#444);
#344=SURFACE_STYLE_USAGE(.BOTH.,#445);
#345=SURFACE_STYLE_USAGE(.BOTH.,#446);
#346=SURFACE_STYLE_USAGE(.BOTH.,#447);
#347=SURFACE_STYLE_USAGE(.BOTH.,#448);
#348=SURFACE_STYLE_USAGE(.BOTH.,#449);
#349=SURFACE_STYLE_USAGE(.BOTH.,#450);
#350=SURFACE_STYLE_USAGE(.BOTH.,#451);
#351=SURFACE_STYLE_USAGE(.BOTH.,#452);
#352=SURFACE_STYLE_USAGE(.BOTH.,#453);
#353=SURFACE_STYLE_USAGE(.BOTH.,#454);
#354=SURFACE_STYLE_USAGE(.BOTH.,#455);
#355=SURFACE_STYLE_USAGE(.BOTH.,#456);
#356=SURFACE_STYLE_USAGE(.BOTH.,#457);
#357=SURFACE_STYLE_USAGE(.BOTH.,#458);
#358=SURFACE_STYLE_USAGE(.BOTH.,#459);
#359=SURFACE_STYLE_USAGE(.BOTH.,#460);
#360=SURFACE_STYLE_USAGE(.BOTH.,#461);
#361=SURFACE_STYLE_USAGE(.BOTH.,#462);
#362=SURFACE_STYLE_USAGE(.BOTH.,#463);
#363=SURFACE_STYLE_USAGE(.BOTH.,#464);
#364=SURFACE_STYLE_USAGE(.BOTH.,#465);
#365=SURFACE_STYLE_USAGE(.BOTH.,#466);
#366=SURFACE_STYLE_USAGE(.BOTH.,#467);
#367=SURFACE_STYLE_USAGE(.BOTH.,#468);
#368=SURFACE_STYLE_USAGE(.BOTH.,#469);
#369=SURFACE_STYLE_USAGE(.BOTH.,#470);
#370=SURFACE_STYLE_USAGE(.BOTH.,#471);
#371=SURFACE_STYLE_USAGE(.BOTH.,#472);
#372=SURFACE_STYLE_USAGE(.BOTH.,#473);
#373=SURFACE_STYLE_USAGE(.BOTH.,#474);
#374=SURFACE_STYLE_USAGE(.BOTH.,#475);
#375=SURFACE_SIDE_STYLE('',(#476));
#376=SURFACE_SIDE_STYLE('',(#477));
#377=SURFACE_SIDE_STYLE('',(#478));
#378=SURFACE_SIDE_STYLE('',(#479));
#379=SURFACE_SIDE_STYLE('',(#480));
#380=SURFACE_SIDE_STYLE('',(#481));
#381=SURFACE_SIDE_STYLE('',(#482));
#382=SURFACE_SIDE_STYLE('',(#483));
#383=SURFACE_SIDE_STYLE('',(#484));
#384=SURFACE_SIDE_STYLE('',(#485));
#385=SURFACE_SIDE_STYLE('',(#486));
#386=SURFACE_SIDE_STYLE('',(#487));
#387=SURFACE_SIDE_STYLE('',(#488));
#388=SURFACE_SIDE_STYLE('',(#489));
#389=SURFACE_SIDE_STYLE('',(#490));
#390=SURFACE_SIDE_STYLE('',(#491));
#391=SURFACE_SIDE_STYLE('',(#492));
#392=SURFACE_SIDE_STYLE('',(#493));
#393=SURFACE_SIDE_STYLE('',(#494));
#394=SURFACE_SIDE_STYLE('',(#495));
#395=SURFACE_SIDE_STYLE('',(#496));
#396=SURFACE_SIDE_STYLE('',(#497));
#397=SURFACE_SIDE_STYLE('',(#498));
#398=SURFACE_SIDE_STYLE('',(#499));
#399=SURFACE_SIDE_STYLE('',(#500));
#400=SURFACE_SIDE_STYLE('',(#501));
#401=SURFACE_SIDE_STYLE('',(#502));
#402=SURFACE_SIDE_STYLE('',(#503));
#403=SURFACE_SIDE_STYLE('',(#504));
#404=SURFACE_SIDE_STYLE('',(#505));
#405=SURFACE_SIDE_STYLE('',(#506));
#406=SURFACE_SIDE_STYLE('',(#507));
#407=SURFACE_SIDE_STYLE('',(#508));
#408=SURFACE_SIDE_STYLE('',(#509));
#409=SURFACE_SIDE_STYLE('',(#510));
#410=SURFACE_SIDE_STYLE('',(#511));
#411=SURFACE_SIDE_STYLE('',(#512));
#412=SURFACE_SIDE_STYLE('',(#513));
#413=SURFACE_SIDE_STYLE('',(#514));
#414=SURFACE_SIDE_STYLE('',(#515));
#415=SURFACE_SIDE_STYLE('',(#516));
#416=SURFACE_SIDE_STYLE('',(#517));
#417=SURFACE_SIDE_STYLE('',(#518));
#418=SURFACE_SIDE_STYLE('',(#519));
#419=SURFACE_SIDE_STYLE('',(#520));
#420=SURFACE_SIDE_STYLE('',(#521));
#421=SURFACE_SIDE_STYLE('',(#522));
#422=SURFACE_SIDE_STYLE('',(#523));
#423=SURFACE_SIDE_STYLE('',(#524));
#424=SURFACE_SIDE_STYLE('',(#525));
#425=SURFACE_SIDE_STYLE('',(#526));
#426=SURFACE_SIDE_STYLE('',(#527));
#427=SURFACE_SIDE_STYLE('',(#528));
#428=SURFACE_SIDE_STYLE('',(#529));
#429=SURFACE_SIDE_STYLE('',(#530));
#430=SURFACE_SIDE_STYLE('',(#531));
#431=SURFACE_SIDE_STYLE('',(#532));
#432=SURFACE_SIDE_STYLE('',(#533));
#433=SURFACE_SIDE_STYLE('',(#534));
#434=SURFACE_SIDE_STYLE('',(#535));
#435=SURFACE_SIDE_STYLE('',(#536));
#436=SURFACE_SIDE_STYLE('',(#537));
#437=SURFACE_SIDE_STYLE('',(#538));
#438=SURFACE_SIDE_STYLE('',(#539));
#439=SURFACE_SIDE_STYLE('',(#540));
#440=SURFACE_SIDE_STYLE('',(#541));
#441=SURFACE_SIDE_STYLE('',(#542));
#442=SURFACE_SIDE_STYLE('',(#543));
#443=SURFACE_SIDE_STYLE('',(#544));
#444=SURFACE_SIDE_STYLE('',(#545));
#445=SURFACE_SIDE_STYLE('',(#546));
#446=SURFACE_SIDE_STYLE('',(#547));
#447=SURFACE_SIDE_STYLE('',(#548));
#448=SURFACE_SIDE_STYLE('',(#549));
#449=SURFACE_SIDE_STYLE('',(#550));
#450=SURFACE_SIDE_STYLE('',(#551));
#451=SURFACE_SIDE_STYLE('',(#552));
#452=SURFACE_SIDE_STYLE('',(#553));
#453=SURFACE_SIDE_STYLE('',(#554));
#454=SURFACE_SIDE_STYLE('',(#555));
#455=SURFACE_SIDE_STYLE('',(#556));
#456=SURFACE_SIDE_STYLE('',(#557));
#457=SURFACE_SIDE_STYLE('',(#558));
#458=SURFACE_SIDE_STYLE('',(#559));
#459=SURFACE_SIDE_STYLE('',(#560));
#460=SURFACE_SIDE_STYLE('',(#561));
#461=SURFACE_SIDE_STYLE('',(#562));
#462=SURFACE_SIDE_STYLE('',(#563));
#463=SURFACE_SIDE_STYLE('',(#564));
#464=SURFACE_SIDE_STYLE('',(#565));
#465=SURFACE_SIDE_STYLE('',(#566));
#466=SURFACE_SIDE_STYLE('',(#567));
#467=SURFACE_SIDE_STYLE('',(#568));
#468=SURFACE_SIDE_STYLE('',(#569));
#469=SURFACE_SIDE_STYLE('',(#570));
#470=SURFACE_SIDE_STYLE('',(#571));
#471=SURFACE_SIDE_STYLE('',(#572));
#472=SURFACE_SIDE_STYLE('',(#573));
#473=SURFACE_SIDE_STYLE('',(#574));
#474=SURFACE_SIDE_STYLE('',(#575));
#475=SURFACE_SIDE_STYLE('',(#576));
#476=SURFACE_STYLE_FILL_AREA(#577);
#477=SURFACE_STYLE_FILL_AREA(#578);
#478=SURFACE_STYLE_FILL_AREA(#579);
#479=SURFACE_STYLE_FILL_AREA(#580);
#480=SURFACE_STYLE_FILL_AREA(#581);
#481=SURFACE_STYLE_FILL_AREA(#582);
#482=SURFACE_STYLE_FILL_AREA(#583);
#483=SURFACE_STYLE_FILL_AREA(#584);
#484=SURFACE_STYLE_FILL_AREA(#585);
#485=SURFACE_STYLE_FILL_AREA(#586);
#486=SURFACE_STYLE_FILL_AREA(#587);
#487=SURFACE_STYLE_FILL_AREA(#588);
#488=SURFACE_STYLE_FILL_AREA(#589);
#489=SURFACE_STYLE_FILL_AREA(#590);
#490=SURFACE_STYLE_FILL_AREA(#591);
#491=SURFACE_STYLE_FILL_AREA(#592);
#492=SURFACE_STYLE_FILL_AREA(#593);
#493=SURFACE_STYLE_FILL_AREA(#594);
#494=SURFACE_STYLE_FILL_AREA(#595);
#495=SURFACE_STYLE_FILL_AREA(#596);
#496=SURFACE_STYLE_FILL_AREA(#597);
#497=SURFACE_STYLE_FILL_AREA(#598);
#498=SURFACE_STYLE_FILL_AREA(#599);
#499=SURFACE_STYLE_FILL_AREA(#600);
#500=SURFACE_STYLE_FILL_AREA(#601);
#501=SURFACE_STYLE_FILL_AREA(#602);
#502=SURFACE_STYLE_FILL_AREA(#603);
#503=SURFACE_STYLE_FILL_AREA(#604);
#504=SURFACE_STYLE_FILL_AREA(#605);
#505=SURFACE_STYLE_FILL_AREA(#606);
#506=SURFACE_STYLE_FILL_AREA(#607);
#507=SURFACE_STYLE_FILL_AREA(#608);
#508=SURFACE_STYLE_FILL_AREA(#609);
#509=SURFACE_STYLE_FILL_AREA(#610);
#510=SURFACE_STYLE_FILL_AREA(#611);
#511=SURFACE_STYLE_FILL_AREA(#612);
#512=SURFACE_STYLE_FILL_AREA(#613);
#513=SURFACE_STYLE_FILL_AREA(#614);
#514=SURFACE_STYLE_FILL_AREA(#615);
#515=SURFACE_STYLE_FILL_AREA(#616);
#516=SURFACE_STYLE_FILL_AREA(#617);
#517=SURFACE_STYLE_FILL_AREA(#618);
#518=SURFACE_STYLE_FILL_AREA(#619);
#519=SURFACE_STYLE_FILL_AREA(#620);
#520=SURFACE_STYLE_FILL_AREA(#621);
#521=SURFACE_STYLE_FILL_AREA(#622);
#522=SURFACE_STYLE_FILL_AREA(#623);
#523=SURFACE_STYLE_FILL_AREA(#624);
#524=SURFACE_STYLE_FILL_AREA(#625);
#525=SURFACE_STYLE_FILL_AREA(#626);
#526=SURFACE_STYLE_FILL_AREA(#627);
#527=SURFACE_STYLE_FILL_AREA(#628);
#528=SURFACE_STYLE_FILL_AREA(#629);
#529=SURFACE_STYLE_FILL_AREA(#630);
#530=SURFACE_STYLE_FILL_AREA(#631);
#531=SURFACE_STYLE_FILL_AREA(#632);
#532=SURFACE_STYLE_FILL_AREA(#633);
#533=SURFACE_STYLE_FILL_AREA(#634);
#534=SURFACE_STYLE_FILL_AREA(#635);
#535=SURFACE_STYLE_FILL_AREA(#636);
#536=SURFACE_STYLE_FILL_AREA(#637);
#537=SURFACE_STYLE_FILL_AREA(#638);
#538=SURFACE_STYLE_FILL_AREA(#639);
#539=SURFACE_STYLE_FILL_AREA(#640);
#540=SURFACE_STYLE_FILL_AREA(#641);
#541=SURFACE_STYLE_FILL_AREA(#642);
#542=SURFACE_STYLE_FILL_AREA(#643);
#543=SURFACE_STYLE_FILL_AREA(#644);
#544=SURFACE_STYLE_FILL_AREA(#645);
#545=SURFACE_STYLE_FILL_AREA(#646);
#546=SURFACE_STYLE_FILL_AREA(#647);
#547=SURFACE_STYLE_FILL_AREA(#648);
#548=SURFACE_STYLE_FILL_AREA(#649);
#549=SURFACE_STYLE_FILL_AREA(#650);
#550=SURFACE_STYLE_FILL_AREA(#651);
#551=SURFACE_STYLE_FILL_AREA(#652);
#552=SURFACE_STYLE_FILL_AREA(#653);
#553=SURFACE_STYLE_FILL_AREA(#654);
#554=SURFACE_STYLE_FILL_AREA(#655);
#555=SURFACE_STYLE_FILL_AREA(#656);
#556=SURFACE_STYLE_FILL_AREA(#657);
#557=SURFACE_STYLE_FILL_AREA(#658);
#558=SURFACE_STYLE_FILL_AREA(#659);
#559=SURFACE_STYLE_FILL_AREA(#660);
#560=SURFACE_STYLE_FILL_AREA(#661);
#561=SURFACE_STYLE_FILL_AREA(#662);
#562=SURFACE_STYLE_FILL_AREA(#663);
#563=SURFACE_STYLE_FILL_AREA(#664);
#564=SURFACE_STYLE_FILL_AREA(#665);
#565=SURFACE_STYLE_FILL_AREA(#666);
#566=SURFACE_STYLE_FILL_AREA(#667);
#567=SURFACE_STYLE_FILL_AREA(#668);
#568=SURFACE_STYLE_FILL_AREA(#669);
#569=SURFACE_STYLE_FILL_AREA(#670);
#570=SURFACE_STYLE_FILL_AREA(#671);
#571=SURFACE_STYLE_FILL_AREA(#672);
#572=SURFACE_STYLE_FILL_AREA(#673);
#573=SURFACE_STYLE_FILL_AREA(#674);
#574=SURFACE_STYLE_FILL_AREA(#675);
#575=SURFACE_STYLE_FILL_AREA(#676);
#576=SURFACE_STYLE_FILL_AREA(#677);
#577=FILL_AREA_STYLE('',(#678));
#578=FILL_AREA_STYLE('',(#679));
#579=FILL_AREA_STYLE('',(#680));
#580=FILL_AREA_STYLE('',(#681));
#581=FILL_AREA_STYLE('',(#682));
#582=FILL_AREA_STYLE('',(#683));
#583=FILL_AREA_STYLE('',(#684));
#584=FILL_AREA_STYLE('',(#685));
#585=FILL_AREA_STYLE('',(#686));
#586=FILL_AREA_STYLE('',(#687));
#587=FILL_AREA_STYLE('',(#688));
#588=FILL_AREA_STYLE('',(#689));
#589=FILL_AREA_STYLE('',(#690));
#590=FILL_AREA_STYLE('',(#691));
#591=FILL_AREA_STYLE('',(#692));
#592=FILL_AREA_STYLE('',(#693));
#593=FILL_AREA_STYLE('',(#694));
#594=FILL_AREA_STYLE('',(#695));
#595=FILL_AREA_STYLE('',(#696));
#596=FILL_AREA_STYLE('',(#697));
#597=FILL_AREA_STYLE('',(#698));
#598=FILL_AREA_STYLE('',(#699));
#599=FILL_AREA_STYLE('',(#700));
#600=FILL_AREA_STYLE('',(#701));
#601=FILL_AREA_STYLE('',(#702));
#602=FILL_AREA_STYLE('',(#703));
#603=FILL_AREA_STYLE('',(#704));
#604=FILL_AREA_STYLE('',(#705));
#605=FILL_AREA_STYLE('',(#706));
#606=FILL_AREA_STYLE('',(#707));
#607=FILL_AREA_STYLE('',(#708));
#608=FILL_AREA_STYLE('',(#709));
#609=FILL_AREA_STYLE('',(#710));
#610=FILL_AREA_STYLE('',(#711));
#611=FILL_AREA_STYLE('',(#712));
#612=FILL_AREA_STYLE('',(#713));
#613=FILL_AREA_STYLE('',(#714));
#614=FILL_AREA_STYLE('',(#715));
#615=FILL_AREA_STYLE('',(#716));
#616=FILL_AREA_STYLE('',(#717));
#617=FILL_AREA_STYLE('',(#718));
#618=FILL_AREA_STYLE('',(#719));
#619=FILL_AREA_STYLE('',(#720));
#620=FILL_AREA_STYLE('',(#721));
#621=FILL_AREA_STYLE('',(#722));
#622=FILL_AREA_STYLE('',(#723));
#623=FILL_AREA_STYLE('',(#724));
#624=FILL_AREA_STYLE('',(#725));
#625=FILL_AREA_STYLE('',(#726));
#626=FILL_AREA_STYLE('',(#727));
#627=FILL_AREA_STYLE('',(#728));
#628=FILL_AREA_STYLE('',(#729));
#629=FILL_AREA_STYLE('',(#730));
#630=FILL_AREA_STYLE('',(#731));
#631=FILL_AREA_STYLE('',(#732));
#632=FILL_AREA_STYLE('',(#733));
#633=FILL_AREA_STYLE('',(#734));
#634=FILL_AREA_STYLE('',(#735));
#635=FILL_AREA_STYLE('',(#736));
#636=FILL_AREA_STYLE('',(#737));
#637=FILL_AREA_STYLE('',(#738));
#638=FILL_AREA_STYLE('',(#739));
#639=FILL_AREA_STYLE('',(#740));
#640=FILL_AREA_STYLE('',(#741));
#641=FILL_AREA_STYLE('',(#742));
#642=FILL_AREA_STYLE('',(#743));
#643=FILL_AREA_STYLE('',(#744));
#644=FILL_AREA_STYLE('',(#745));
#645=FILL_AREA_STYLE('',(#746));
#646=FILL_AREA_STYLE('',(#747));
#647=FILL_AREA_STYLE('',(#748));
#648=FILL_AREA_STYLE('',(#749));
#649=FILL_AREA_STYLE('',(#750));
#650=FILL_AREA_STYLE('',(#751));
#651=FILL_AREA_STYLE('',(#752));
#652=FILL_AREA_STYLE('',(#753));
#653=FILL_AREA_STYLE('',(#754));
#654=FILL_AREA_STYLE('',(#755));
#655=FILL_AREA_STYLE('',(#756));
#656=FILL_AREA_STYLE('',(#757));
#657=FILL_AREA_STYLE('',(#758));
#658=FILL_AREA_STYLE('',(#759));
#659=FILL_AREA_STYLE('',(#760));
#660=FILL_AREA_STYLE('',(#761));
#661=FILL_AREA_STYLE('',(#762));
#662=FILL_AREA_STYLE('',(#763));
#663=FILL_AREA_STYLE('',(#764));
#664=FILL_AREA_STYLE('',(#765));
#665=FILL_AREA_STYLE('',(#766));
#666=FILL_AREA_STYLE('',(#767));
#667=FILL_AREA_STYLE('',(#768));
#668=FILL_AREA_STYLE('',(#769));
#669=FILL_AREA_STYLE('',(#770));
#670=FILL_AREA_STYLE('',(#771));
#671=FILL_AREA_STYLE('',(#772));
#672=FILL_AREA_STYLE('',(#773));
#673=FILL_AREA_STYLE('',(#774));
#674=FILL_AREA_STYLE('',(#775));
#675=FILL_AREA_STYLE('',(#776));
#676=FILL_AREA_STYLE('',(#777));
#677=FILL_AREA_STYLE('',(#778));
#678=FILL_AREA_STYLE_COLOUR('',#779);
#679=FILL_AREA_STYLE_COLOUR('',#779);
#680=FILL_AREA_STYLE_COLOUR('',#780);
#681=FILL_AREA_STYLE_COLOUR('',#780);
#682=FILL_AREA_STYLE_COLOUR('',#780);
#683=FILL_AREA_STYLE_COLOUR('',#779);
#684=FILL_AREA_STYLE_COLOUR('',#780);
#685=FILL_AREA_STYLE_COLOUR('',#780);
#686=FILL_AREA_STYLE_COLOUR('',#780);
#687=FILL_AREA_STYLE_COLOUR('',#779);
#688=FILL_AREA_STYLE_COLOUR('',#780);
#689=FILL_AREA_STYLE_COLOUR('',#780);
#690=FILL_AREA_STYLE_COLOUR('',#780);
#691=FILL_AREA_STYLE_COLOUR('',#779);
#692=FILL_AREA_STYLE_COLOUR('',#780);
#693=FILL_AREA_STYLE_COLOUR('',#780);
#694=FILL_AREA_STYLE_COLOUR('',#780);
#695=FILL_AREA_STYLE_COLOUR('',#779);
#696=FILL_AREA_STYLE_COLOUR('',#780);
#697=FILL_AREA_STYLE_COLOUR('',#780);
#698=FILL_AREA_STYLE_COLOUR('',#780);
#699=FILL_AREA_STYLE_COLOUR('',#779);
#700=FILL_AREA_STYLE_COLOUR('',#780);
#701=FILL_AREA_STYLE_COLOUR('',#780);
#702=FILL_AREA_STYLE_COLOUR('',#780);
#703=FILL_AREA_STYLE_COLOUR('',#779);
#704=FILL_AREA_STYLE_COLOUR('',#780);
#705=FILL_AREA_STYLE_COLOUR('',#780);
#706=FILL_AREA_STYLE_COLOUR('',#780);
#707=FILL_AREA_STYLE_COLOUR('',#779);
#708=FILL_AREA_STYLE_COLOUR('',#780);
#709=FILL_AREA_STYLE_COLOUR('',#780);
#710=FILL_AREA_STYLE_COLOUR('',#780);
#711=FILL_AREA_STYLE_COLOUR('',#779);
#712=FILL_AREA_STYLE_COLOUR('',#780);
#713=FILL_AREA_STYLE_COLOUR('',#780);
#714=FILL_AREA_STYLE_COLOUR('',#780);
#715=FILL_AREA_STYLE_COLOUR('',#779);
#716=FILL_AREA_STYLE_COLOUR('',#780);
#717=FILL_AREA_STYLE_COLOUR('',#780);
#718=FILL_AREA_STYLE_COLOUR('',#780);
#719=FILL_AREA_STYLE_COLOUR('',#779);
#720=FILL_AREA_STYLE_COLOUR('',#780);
#721=FILL_AREA_STYLE_COLOUR('',#780);
#722=FILL_AREA_STYLE_COLOUR('',#780);
#723=FILL_AREA_STYLE_COLOUR('',#779);
#724=FILL_AREA_STYLE_COLOUR('',#780);
#725=FILL_AREA_STYLE_COLOUR('',#780);
#726=FILL_AREA_STYLE_COLOUR('',#780);
#727=FILL_AREA_STYLE_COLOUR('',#779);
#728=FILL_AREA_STYLE_COLOUR('',#780);
#729=FILL_AREA_STYLE_COLOUR('',#780);
#730=FILL_AREA_STYLE_COLOUR('',#780);
#731=FILL_AREA_STYLE_COLOUR('',#779);
#732=FILL_AREA_STYLE_COLOUR('',#780);
#733=FILL_AREA_STYLE_COLOUR('',#780);
#734=FILL_AREA_STYLE_COLOUR('',#780);
#735=FILL_AREA_STYLE_COLOUR('',#779);
#736=FILL_AREA_STYLE_COLOUR('',#780);
#737=FILL_AREA_STYLE_COLOUR('',#780);
#738=FILL_AREA_STYLE_COLOUR('',#780);
#739=FILL_AREA_STYLE_COLOUR('',#779);
#740=FILL_AREA_STYLE_COLOUR('',#780);
#741=FILL_AREA_STYLE_COLOUR('',#780);
#742=FILL_AREA_STYLE_COLOUR('',#780);
#743=FILL_AREA_STYLE_COLOUR('',#779);
#744=FILL_AREA_STYLE_COLOUR('',#780);
#745=FILL_AREA_STYLE_COLOUR('',#780);
#746=FILL_AREA_STYLE_COLOUR('',#780);
#747=FILL_AREA_STYLE_COLOUR('',#779);
#748=FILL_AREA_STYLE_COLOUR('',#780);
#749=FILL_AREA_STYLE_COLOUR('',#780);
#750=FILL_AREA_STYLE_COLOUR('',#780);
#751=FILL_AREA_STYLE_COLOUR('',#779);
#752=FILL_AREA_STYLE_COLOUR('',#780);
#753=FILL_AREA_STYLE_COLOUR('',#780);
#754=FILL_AREA_STYLE_COLOUR('',#780);
#755=FILL_AREA_STYLE_COLOUR('',#779);
#756=FILL_AREA_STYLE_COLOUR('',#780);
#757=FILL_AREA_STYLE_COLOUR('',#780);
#758=FILL_AREA_STYLE_COLOUR('',#780);
#759=FILL_AREA_STYLE_COLOUR('',#779);
#760=FILL_AREA_STYLE_COLOUR('',#780);
#761=FILL_AREA_STYLE_COLOUR('',#780);
#762=FILL_AREA_STYLE_COLOUR('',#780);
#763=FILL_AREA_STYLE_COLOUR('',#779);
#764=FILL_AREA_STYLE_COLOUR('',#780);
#765=FILL_AREA_STYLE_COLOUR('',#780);
#766=FILL_AREA_STYLE_COLOUR('',#780);
#767=FILL_AREA_STYLE_COLOUR('',#779);
#768=FILL_AREA_STYLE_COLOUR('',#780);
#769=FILL_AREA_STYLE_COLOUR('',#780);
#770=FILL_AREA_STYLE_COLOUR('',#780);
#771=FILL_AREA_STYLE_COLOUR('',#779);
#772=FILL_AREA_STYLE_COLOUR('',#780);
#773=FILL_AREA_STYLE_COLOUR('',#780);
#774=FILL_AREA_STYLE_COLOUR('',#780);
#775=FILL_AREA_STYLE_COLOUR('',#779);
#776=FILL_AREA_STYLE_COLOUR('',#780);
#777=FILL_AREA_STYLE_COLOUR('',#780);
#778=FILL_AREA_STYLE_COLOUR('',#780);
#779=COLOUR_RGB('medium steel',0.611764705882353,0.658823529411765,0.670588235294118);
#780=COLOUR_RGB('black',0.,0.,0.);
#781=MANIFOLD_SOLID_BREP('',#807);
#782=MANIFOLD_SOLID_BREP('',#808);
#783=MANIFOLD_SOLID_BREP('',#809);
#784=MANIFOLD_SOLID_BREP('',#810);
#785=MANIFOLD_SOLID_BREP('',#811);
#786=MANIFOLD_SOLID_BREP('',#812);
#787=MANIFOLD_SOLID_BREP('',#813);
#788=MANIFOLD_SOLID_BREP('',#814);
#789=MANIFOLD_SOLID_BREP('',#815);
#790=MANIFOLD_SOLID_BREP('',#816);
#791=MANIFOLD_SOLID_BREP('',#817);
#792=MANIFOLD_SOLID_BREP('',#818);
#793=MANIFOLD_SOLID_BREP('',#819);
#794=MANIFOLD_SOLID_BREP('',#820);
#795=MANIFOLD_SOLID_BREP('',#821);
#796=MANIFOLD_SOLID_BREP('',#822);
#797=MANIFOLD_SOLID_BREP('',#823);
#798=MANIFOLD_SOLID_BREP('',#824);
#799=MANIFOLD_SOLID_BREP('',#825);
#800=MANIFOLD_SOLID_BREP('',#826);
#801=MANIFOLD_SOLID_BREP('',#827);
#802=MANIFOLD_SOLID_BREP('',#828);
#803=MANIFOLD_SOLID_BREP('',#829);
#804=MANIFOLD_SOLID_BREP('',#830);
#805=MANIFOLD_SOLID_BREP('',#831);
#806=MANIFOLD_SOLID_BREP('',#832);
#807=CLOSED_SHELL('',(#917,#918,#919,#920,#921,#922,#923,#924,#925,#926,
#927,#928,#929,#930,#931,#932,#933,#934,#935));
#808=CLOSED_SHELL('',(#936,#937,#938));
#809=CLOSED_SHELL('',(#939,#940,#941));
#810=CLOSED_SHELL('',(#942,#943,#944));
#811=CLOSED_SHELL('',(#945,#946,#947));
#812=CLOSED_SHELL('',(#948,#949,#950));
#813=CLOSED_SHELL('',(#951,#952,#953));
#814=CLOSED_SHELL('',(#954,#955,#956));
#815=CLOSED_SHELL('',(#957,#958,#959));
#816=CLOSED_SHELL('',(#960,#961,#962));
#817=CLOSED_SHELL('',(#963,#964,#965));
#818=CLOSED_SHELL('',(#966,#967,#968));
#819=CLOSED_SHELL('',(#969,#970,#971));
#820=CLOSED_SHELL('',(#972,#973,#974));
#821=CLOSED_SHELL('',(#975,#976,#977));
#822=CLOSED_SHELL('',(#978,#979,#980));
#823=CLOSED_SHELL('',(#981,#982,#983));
#824=CLOSED_SHELL('',(#984,#985,#986));
#825=CLOSED_SHELL('',(#987,#988,#989));
#826=CLOSED_SHELL('',(#990,#991,#992));
#827=CLOSED_SHELL('',(#993,#994,#995));
#828=CLOSED_SHELL('',(#996,#997,#998));
#829=CLOSED_SHELL('',(#999,#1000,#1001));
#830=CLOSED_SHELL('',(#1002,#1003,#1004));
#831=CLOSED_SHELL('',(#1005,#1006,#1007));
#832=CLOSED_SHELL('',(#1008,#1009,#1010,#1011));
#833=CYLINDRICAL_SURFACE('',#1743,15.);
#834=CYLINDRICAL_SURFACE('',#1746,15.);
#835=CYLINDRICAL_SURFACE('',#1749,15.);
#836=CYLINDRICAL_SURFACE('',#1760,10.);
#837=CYLINDRICAL_SURFACE('',#1765,10.);
#838=CYLINDRICAL_SURFACE('',#1770,10.);
#839=CYLINDRICAL_SURFACE('',#1775,10.);
#840=CYLINDRICAL_SURFACE('',#1780,10.);
#841=CYLINDRICAL_SURFACE('',#1785,10.);
#842=CYLINDRICAL_SURFACE('',#1790,10.);
#843=CYLINDRICAL_SURFACE('',#1795,10.);
#844=CYLINDRICAL_SURFACE('',#1800,10.);
#845=CYLINDRICAL_SURFACE('',#1805,10.);
#846=CYLINDRICAL_SURFACE('',#1810,10.);
#847=CYLINDRICAL_SURFACE('',#1815,10.);
#848=CYLINDRICAL_SURFACE('',#1820,10.);
#849=CYLINDRICAL_SURFACE('',#1825,10.);
#850=CYLINDRICAL_SURFACE('',#1830,10.);
#851=CYLINDRICAL_SURFACE('',#1835,10.);
#852=CYLINDRICAL_SURFACE('',#1840,10.);
#853=CYLINDRICAL_SURFACE('',#1845,10.);
#854=CYLINDRICAL_SURFACE('',#1850,10.);
#855=CYLINDRICAL_SURFACE('',#1855,10.);
#856=CYLINDRICAL_SURFACE('',#1860,10.);
#857=CYLINDRICAL_SURFACE('',#1865,10.);
#858=CYLINDRICAL_SURFACE('',#1870,10.);
#859=CYLINDRICAL_SURFACE('',#1875,10.);
#860=CYLINDRICAL_SURFACE('',#1880,10.);
#861=CIRCLE('',#1735,15.);
#862=CIRCLE('',#1737,15.);
#863=CIRCLE('',#1741,15.);
#864=CIRCLE('',#1742,15.);
#865=CIRCLE('',#1745,15.);
#866=CIRCLE('',#1748,15.);
#867=CIRCLE('',#1758,10.);
#868=CIRCLE('',#1759,10.);
#869=CIRCLE('',#1763,10.);
#870=CIRCLE('',#1764,10.);
#871=CIRCLE('',#1768,10.);
#872=CIRCLE('',#1769,10.);
#873=CIRCLE('',#1773,10.);
#874=CIRCLE('',#1774,10.);
#875=CIRCLE('',#1778,10.);
#876=CIRCLE('',#1779,10.);
#877=CIRCLE('',#1783,10.);
#878=CIRCLE('',#1784,10.);
#879=CIRCLE('',#1788,10.);
#880=CIRCLE('',#1789,10.);
#881=CIRCLE('',#1793,10.);
#882=CIRCLE('',#1794,10.);
#883=CIRCLE('',#1798,10.);
#884=CIRCLE('',#1799,10.);
#885=CIRCLE('',#1803,10.);
#886=CIRCLE('',#1804,10.);
#887=CIRCLE('',#1808,10.);
#888=CIRCLE('',#1809,10.);
#889=CIRCLE('',#1813,10.);
#890=CIRCLE('',#1814,10.);
#891=CIRCLE('',#1818,10.);
#892=CIRCLE('',#1819,10.);
#893=CIRCLE('',#1823,10.);
#894=CIRCLE('',#1824,10.);
#895=CIRCLE('',#1828,10.);
#896=CIRCLE('',#1829,10.);
#897=CIRCLE('',#1833,10.);
#898=CIRCLE('',#1834,10.);
#899=CIRCLE('',#1838,10.);
#900=CIRCLE('',#1839,10.);
#901=CIRCLE('',#1843,10.);
#902=CIRCLE('',#1844,10.);
#903=CIRCLE('',#1848,10.);
#904=CIRCLE('',#1849,10.);
#905=CIRCLE('',#1853,10.);
#906=CIRCLE('',#1854,10.);
#907=CIRCLE('',#1858,10.);
#908=CIRCLE('',#1859,10.);
#909=CIRCLE('',#1863,10.);
#910=CIRCLE('',#1864,10.);
#911=CIRCLE('',#1868,10.);
#912=CIRCLE('',#1869,10.);
#913=CIRCLE('',#1873,10.);
#914=CIRCLE('',#1874,10.);
#915=CIRCLE('',#1878,10.);
#916=CIRCLE('',#1879,10.);
#917=ADVANCED_FACE('',(#1079),#1012,.T.);
#918=ADVANCED_FACE('',(#1080),#1013,.T.);
#919=ADVANCED_FACE('',(#1081),#1014,.F.);
#920=ADVANCED_FACE('',(#1082),#1015,.T.);
#921=ADVANCED_FACE('',(#1083),#1016,.F.);
#922=ADVANCED_FACE('',(#1084),#1017,.F.);
#923=ADVANCED_FACE('',(#1085),#833,.T.);
#924=ADVANCED_FACE('',(#1086),#1018,.F.);
#925=ADVANCED_FACE('',(#1087),#834,.F.);
#926=ADVANCED_FACE('',(#1088),#1019,.T.);
#927=ADVANCED_FACE('',(#1089),#835,.F.);
#928=ADVANCED_FACE('',(#1090),#1020,.T.);
#929=ADVANCED_FACE('',(#1091),#1021,.F.);
#930=ADVANCED_FACE('',(#1092),#1022,.F.);
#931=ADVANCED_FACE('',(#1093),#1023,.F.);
#932=ADVANCED_FACE('',(#1094),#1024,.T.);
#933=ADVANCED_FACE('',(#1095),#1025,.F.);
#934=ADVANCED_FACE('',(#1096),#1026,.T.);
#935=ADVANCED_FACE('',(#1097),#1027,.F.);
#936=ADVANCED_FACE('',(#98,#99),#836,.T.);
#937=ADVANCED_FACE('',(#1098),#1028,.F.);
#938=ADVANCED_FACE('',(#1099),#1029,.T.);
#939=ADVANCED_FACE('',(#100,#101),#837,.T.);
#940=ADVANCED_FACE('',(#1100),#1030,.F.);
#941=ADVANCED_FACE('',(#1101),#1031,.T.);
#942=ADVANCED_FACE('',(#102,#103),#838,.T.);
#943=ADVANCED_FACE('',(#1102),#1032,.F.);
#944=ADVANCED_FACE('',(#1103),#1033,.T.);
#945=ADVANCED_FACE('',(#104,#105),#839,.T.);
#946=ADVANCED_FACE('',(#1104),#1034,.F.);
#947=ADVANCED_FACE('',(#1105),#1035,.T.);
#948=ADVANCED_FACE('',(#106,#107),#840,.T.);
#949=ADVANCED_FACE('',(#1106),#1036,.F.);
#950=ADVANCED_FACE('',(#1107),#1037,.T.);
#951=ADVANCED_FACE('',(#108,#109),#841,.T.);
#952=ADVANCED_FACE('',(#1108),#1038,.F.);
#953=ADVANCED_FACE('',(#1109),#1039,.T.);
#954=ADVANCED_FACE('',(#110,#111),#842,.T.);
#955=ADVANCED_FACE('',(#1110),#1040,.F.);
#956=ADVANCED_FACE('',(#1111),#1041,.T.);
#957=ADVANCED_FACE('',(#112,#113),#843,.T.);
#958=ADVANCED_FACE('',(#1112),#1042,.F.);
#959=ADVANCED_FACE('',(#1113),#1043,.T.);
#960=ADVANCED_FACE('',(#114,#115),#844,.T.);
#961=ADVANCED_FACE('',(#1114),#1044,.F.);
#962=ADVANCED_FACE('',(#1115),#1045,.T.);
#963=ADVANCED_FACE('',(#116,#117),#845,.T.);
#964=ADVANCED_FACE('',(#1116),#1046,.F.);
#965=ADVANCED_FACE('',(#1117),#1047,.T.);
#966=ADVANCED_FACE('',(#118,#119),#846,.T.);
#967=ADVANCED_FACE('',(#1118),#1048,.F.);
#968=ADVANCED_FACE('',(#1119),#1049,.T.);
#969=ADVANCED_FACE('',(#120,#121),#847,.T.);
#970=ADVANCED_FACE('',(#1120),#1050,.F.);
#971=ADVANCED_FACE('',(#1121),#1051,.T.);
#972=ADVANCED_FACE('',(#122,#123),#848,.T.);
#973=ADVANCED_FACE('',(#1122),#1052,.F.);
#974=ADVANCED_FACE('',(#1123),#1053,.T.);
#975=ADVANCED_FACE('',(#124,#125),#849,.T.);
#976=ADVANCED_FACE('',(#1124),#1054,.F.);
#977=ADVANCED_FACE('',(#1125),#1055,.T.);
#978=ADVANCED_FACE('',(#126,#127),#850,.T.);
#979=ADVANCED_FACE('',(#1126),#1056,.F.);
#980=ADVANCED_FACE('',(#1127),#1057,.T.);
#981=ADVANCED_FACE('',(#128,#129),#851,.T.);
#982=ADVANCED_FACE('',(#1128),#1058,.F.);
#983=ADVANCED_FACE('',(#1129),#1059,.T.);
#984=ADVANCED_FACE('',(#130,#131),#852,.T.);
#985=ADVANCED_FACE('',(#1130),#1060,.F.);
#986=ADVANCED_FACE('',(#1131),#1061,.T.);
#987=ADVANCED_FACE('',(#132,#133),#853,.T.);
#988=ADVANCED_FACE('',(#1132),#1062,.F.);
#989=ADVANCED_FACE('',(#1133),#1063,.T.);
#990=ADVANCED_FACE('',(#134,#135),#854,.T.);
#991=ADVANCED_FACE('',(#1134),#1064,.F.);
#992=ADVANCED_FACE('',(#1135),#1065,.T.);
#993=ADVANCED_FACE('',(#136,#137),#855,.T.);
#994=ADVANCED_FACE('',(#1136),#1066,.F.);
#995=ADVANCED_FACE('',(#1137),#1067,.T.);
#996=ADVANCED_FACE('',(#138,#139),#856,.T.);
#997=ADVANCED_FACE('',(#1138),#1068,.F.);
#998=ADVANCED_FACE('',(#1139),#1069,.T.);
#999=ADVANCED_FACE('',(#140,#141),#857,.T.);
#1000=ADVANCED_FACE('',(#1140),#1070,.F.);
#1001=ADVANCED_FACE('',(#1141),#1071,.T.);
#1002=ADVANCED_FACE('',(#142,#143),#858,.T.);
#1003=ADVANCED_FACE('',(#1142),#1072,.F.);
#1004=ADVANCED_FACE('',(#1143),#1073,.T.);
#1005=ADVANCED_FACE('',(#144,#145),#859,.T.);
#1006=ADVANCED_FACE('',(#1144),#1074,.F.);
#1007=ADVANCED_FACE('',(#1145),#1075,.T.);
#1008=ADVANCED_FACE('',(#1146),#860,.T.);
#1009=ADVANCED_FACE('',(#1147),#1076,.F.);
#1010=ADVANCED_FACE('',(#1148),#1077,.T.);
#1011=ADVANCED_FACE('',(#1149),#1078,.F.);
#1012=PLANE('',#1733);
#1013=PLANE('',#1734);
#1014=PLANE('',#1736);
#1015=PLANE('',#1738);
#1016=PLANE('',#1739);
#1017=PLANE('',#1740);
#1018=PLANE('',#1744);
#1019=PLANE('',#1747);
#1020=PLANE('',#1750);
#1021=PLANE('',#1751);
#1022=PLANE('',#1752);
#1023=PLANE('',#1753);
#1024=PLANE('',#1754);
#1025=PLANE('',#1755);
#1026=PLANE('',#1756);
#1027=PLANE('',#1757);
#1028=PLANE('',#1761);
#1029=PLANE('',#1762);
#1030=PLANE('',#1766);
#1031=PLANE('',#1767);
#1032=PLANE('',#1771);
#1033=PLANE('',#1772);
#1034=PLANE('',#1776);
#1035=PLANE('',#1777);
#1036=PLANE('',#1781);
#1037=PLANE('',#1782);
#1038=PLANE('',#1786);
#1039=PLANE('',#1787);
#1040=PLANE('',#1791);
#1041=PLANE('',#1792);
#1042=PLANE('',#1796);
#1043=PLANE('',#1797);
#1044=PLANE('',#1801);
#1045=PLANE('',#1802);
#1046=PLANE('',#1806);
#1047=PLANE('',#1807);
#1048=PLANE('',#1811);
#1049=PLANE('',#1812);
#1050=PLANE('',#1816);
#1051=PLANE('',#1817);
#1052=PLANE('',#1821);
#1053=PLANE('',#1822);
#1054=PLANE('',#1826);
#1055=PLANE('',#1827);
#1056=PLANE('',#1831);
#1057=PLANE('',#1832);
#1058=PLANE('',#1836);
#1059=PLANE('',#1837);
#1060=PLANE('',#1841);
#1061=PLANE('',#1842);
#1062=PLANE('',#1846);
#1063=PLANE('',#1847);
#1064=PLANE('',#1851);
#1065=PLANE('',#1852);
#1066=PLANE('',#1856);
#1067=PLANE('',#1857);
#1068=PLANE('',#1861);
#1069=PLANE('',#1862);
#1070=PLANE('',#1866);
#1071=PLANE('',#1867);
#1072=PLANE('',#1871);
#1073=PLANE('',#1872);
#1074=PLANE('',#1876);
#1075=PLANE('',#1877);
#1076=PLANE('',#1881);
#1077=PLANE('',#1882);
#1078=PLANE('',#1883);
#1079=FACE_OUTER_BOUND('',#1150,.T.);
#1080=FACE_OUTER_BOUND('',#1151,.T.);
#1081=FACE_OUTER_BOUND('',#1152,.T.);
#1082=FACE_OUTER_BOUND('',#1153,.T.);
#1083=FACE_OUTER_BOUND('',#1154,.T.);
#1084=FACE_OUTER_BOUND('',#1155,.T.);
#1085=FACE_OUTER_BOUND('',#1156,.T.);
#1086=FACE_OUTER_BOUND('',#1157,.T.);
#1087=FACE_OUTER_BOUND('',#1158,.T.);
#1088=FACE_OUTER_BOUND('',#1159,.T.);
#1089=FACE_OUTER_BOUND('',#1160,.T.);
#1090=FACE_OUTER_BOUND('',#1161,.T.);
#1091=FACE_OUTER_BOUND('',#1162,.T.);
#1092=FACE_OUTER_BOUND('',#1163,.T.);
#1093=FACE_OUTER_BOUND('',#1164,.T.);
#1094=FACE_OUTER_BOUND('',#1165,.T.);
#1095=FACE_OUTER_BOUND('',#1166,.T.);
#1096=FACE_OUTER_BOUND('',#1167,.T.);
#1097=FACE_OUTER_BOUND('',#1168,.T.);
#1098=FACE_OUTER_BOUND('',#1171,.T.);
#1099=FACE_OUTER_BOUND('',#1172,.T.);
#1100=FACE_OUTER_BOUND('',#1175,.T.);
#1101=FACE_OUTER_BOUND('',#1176,.T.);
#1102=FACE_OUTER_BOUND('',#1179,.T.);
#1103=FACE_OUTER_BOUND('',#1180,.T.);
#1104=FACE_OUTER_BOUND('',#1183,.T.);
#1105=FACE_OUTER_BOUND('',#1184,.T.);
#1106=FACE_OUTER_BOUND('',#1187,.T.);
#1107=FACE_OUTER_BOUND('',#1188,.T.);
#1108=FACE_OUTER_BOUND('',#1191,.T.);
#1109=FACE_OUTER_BOUND('',#1192,.T.);
#1110=FACE_OUTER_BOUND('',#1195,.T.);
#1111=FACE_OUTER_BOUND('',#1196,.T.);
#1112=FACE_OUTER_BOUND('',#1199,.T.);
#1113=FACE_OUTER_BOUND('',#1200,.T.);
#1114=FACE_OUTER_BOUND('',#1203,.T.);
#1115=FACE_OUTER_BOUND('',#1204,.T.);
#1116=FACE_OUTER_BOUND('',#1207,.T.);
#1117=FACE_OUTER_BOUND('',#1208,.T.);
#1118=FACE_OUTER_BOUND('',#1211,.T.);
#1119=FACE_OUTER_BOUND('',#1212,.T.);
#1120=FACE_OUTER_BOUND('',#1215,.T.);
#1121=FACE_OUTER_BOUND('',#1216,.T.);
#1122=FACE_OUTER_BOUND('',#1219,.T.);
#1123=FACE_OUTER_BOUND('',#1220,.T.);
#1124=FACE_OUTER_BOUND('',#1223,.T.);
#1125=FACE_OUTER_BOUND('',#1224,.T.);
#1126=FACE_OUTER_BOUND('',#1227,.T.);
#1127=FACE_OUTER_BOUND('',#1228,.T.);
#1128=FACE_OUTER_BOUND('',#1231,.T.);
#1129=FACE_OUTER_BOUND('',#1232,.T.);
#1130=FACE_OUTER_BOUND('',#1235,.T.);
#1131=FACE_OUTER_BOUND('',#1236,.T.);
#1132=FACE_OUTER_BOUND('',#1239,.T.);
#1133=FACE_OUTER_BOUND('',#1240,.T.);
#1134=FACE_OUTER_BOUND('',#1243,.T.);
#1135=FACE_OUTER_BOUND('',#1244,.T.);
#1136=FACE_OUTER_BOUND('',#1247,.T.);
#1137=FACE_OUTER_BOUND('',#1248,.T.);
#1138=FACE_OUTER_BOUND('',#1251,.T.);
#1139=FACE_OUTER_BOUND('',#1252,.T.);
#1140=FACE_OUTER_BOUND('',#1255,.T.);
#1141=FACE_OUTER_BOUND('',#1256,.T.);
#1142=FACE_OUTER_BOUND('',#1259,.T.);
#1143=FACE_OUTER_BOUND('',#1260,.T.);
#1144=FACE_OUTER_BOUND('',#1263,.T.);
#1145=FACE_OUTER_BOUND('',#1264,.T.);
#1146=FACE_OUTER_BOUND('',#1265,.T.);
#1147=FACE_OUTER_BOUND('',#1266,.T.);
#1148=FACE_OUTER_BOUND('',#1267,.T.);
#1149=FACE_OUTER_BOUND('',#1268,.T.);
#1150=EDGE_LOOP('',(#1269,#1270,#1271,#1272));
#1151=EDGE_LOOP('',(#1273,#1274,#1275,#1276));
#1152=EDGE_LOOP('',(#1277,#1278,#1279,#1280,#1281,#1282,#1283,#1284));
#1153=EDGE_LOOP('',(#1285,#1286,#1287,#1288,#1289,#1290,#1291,#1292));
#1154=EDGE_LOOP('',(#1293,#1294,#1295,#1296,#1297,#1298));
#1155=EDGE_LOOP('',(#1299,#1300,#1301,#1302,#1303));
#1156=EDGE_LOOP('',(#1304,#1305,#1306,#1307,#1308,#1309));
#1157=EDGE_LOOP('',(#1310,#1311,#1312,#1313,#1314));
#1158=EDGE_LOOP('',(#1315,#1316,#1317,#1318));
#1159=EDGE_LOOP('',(#1319,#1320));
#1160=EDGE_LOOP('',(#1321,#1322,#1323,#1324));
#1161=EDGE_LOOP('',(#1325,#1326));
#1162=EDGE_LOOP('',(#1327,#1328,#1329,#1330));
#1163=EDGE_LOOP('',(#1331,#1332,#1333,#1334));
#1164=EDGE_LOOP('',(#1335,#1336,#1337,#1338));
#1165=EDGE_LOOP('',(#1339,#1340,#1341,#1342));
#1166=EDGE_LOOP('',(#1343,#1344,#1345,#1346));
#1167=EDGE_LOOP('',(#1347,#1348,#1349,#1350));
#1168=EDGE_LOOP('',(#1351,#1352,#1353,#1354,#1355,#1356,#1357,#1358));
#1169=EDGE_LOOP('',(#1359));
#1170=EDGE_LOOP('',(#1360));
#1171=EDGE_LOOP('',(#1361));
#1172=EDGE_LOOP('',(#1362));
#1173=EDGE_LOOP('',(#1363));
#1174=EDGE_LOOP('',(#1364));
#1175=EDGE_LOOP('',(#1365));
#1176=EDGE_LOOP('',(#1366));
#1177=EDGE_LOOP('',(#1367));
#1178=EDGE_LOOP('',(#1368));
#1179=EDGE_LOOP('',(#1369));
#1180=EDGE_LOOP('',(#1370));
#1181=EDGE_LOOP('',(#1371));
#1182=EDGE_LOOP('',(#1372));
#1183=EDGE_LOOP('',(#1373));
#1184=EDGE_LOOP('',(#1374));
#1185=EDGE_LOOP('',(#1375));
#1186=EDGE_LOOP('',(#1376));
#1187=EDGE_LOOP('',(#1377));
#1188=EDGE_LOOP('',(#1378));
#1189=EDGE_LOOP('',(#1379));
#1190=EDGE_LOOP('',(#1380));
#1191=EDGE_LOOP('',(#1381));
#1192=EDGE_LOOP('',(#1382));
#1193=EDGE_LOOP('',(#1383));
#1194=EDGE_LOOP('',(#1384));
#1195=EDGE_LOOP('',(#1385));
#1196=EDGE_LOOP('',(#1386));
#1197=EDGE_LOOP('',(#1387));
#1198=EDGE_LOOP('',(#1388));
#1199=EDGE_LOOP('',(#1389));
#1200=EDGE_LOOP('',(#1390));
#1201=EDGE_LOOP('',(#1391));
#1202=EDGE_LOOP('',(#1392));
#1203=EDGE_LOOP('',(#1393));
#1204=EDGE_LOOP('',(#1394));
#1205=EDGE_LOOP('',(#1395));
#1206=EDGE_LOOP('',(#1396));
#1207=EDGE_LOOP('',(#1397));
#1208=EDGE_LOOP('',(#1398));
#1209=EDGE_LOOP('',(#1399));
#1210=EDGE_LOOP('',(#1400));
#1211=EDGE_LOOP('',(#1401));
#1212=EDGE_LOOP('',(#1402));
#1213=EDGE_LOOP('',(#1403));
#1214=EDGE_LOOP('',(#1404));
#1215=EDGE_LOOP('',(#1405));
#1216=EDGE_LOOP('',(#1406));
#1217=EDGE_LOOP('',(#1407));
#1218=EDGE_LOOP('',(#1408));
#1219=EDGE_LOOP('',(#1409));
#1220=EDGE_LOOP('',(#1410));
#1221=EDGE_LOOP('',(#1411));
#1222=EDGE_LOOP('',(#1412));
#1223=EDGE_LOOP('',(#1413));
#1224=EDGE_LOOP('',(#1414));
#1225=EDGE_LOOP('',(#1415));
#1226=EDGE_LOOP('',(#1416));
#1227=EDGE_LOOP('',(#1417));
#1228=EDGE_LOOP('',(#1418));
#1229=EDGE_LOOP('',(#1419));
#1230=EDGE_LOOP('',(#1420));
#1231=EDGE_LOOP('',(#1421));
#1232=EDGE_LOOP('',(#1422));
#1233=EDGE_LOOP('',(#1423));
#1234=EDGE_LOOP('',(#1424));
#1235=EDGE_LOOP('',(#1425));
#1236=EDGE_LOOP('',(#1426));
#1237=EDGE_LOOP('',(#1427));
#1238=EDGE_LOOP('',(#1428));
#1239=EDGE_LOOP('',(#1429));
#1240=EDGE_LOOP('',(#1430));
#1241=EDGE_LOOP('',(#1431));
#1242=EDGE_LOOP('',(#1432));
#1243=EDGE_LOOP('',(#1433));
#1244=EDGE_LOOP('',(#1434));
#1245=EDGE_LOOP('',(#1435));
#1246=EDGE_LOOP('',(#1436));
#1247=EDGE_LOOP('',(#1437));
#1248=EDGE_LOOP('',(#1438));
#1249=EDGE_LOOP('',(#1439));
#1250=EDGE_LOOP('',(#1440));
#1251=EDGE_LOOP('',(#1441));
#1252=EDGE_LOOP('',(#1442));
#1253=EDGE_LOOP('',(#1443));
#1254=EDGE_LOOP('',(#1444));
#1255=EDGE_LOOP('',(#1445));
#1256=EDGE_LOOP('',(#1446));
#1257=EDGE_LOOP('',(#1447));
#1258=EDGE_LOOP('',(#1448));
#1259=EDGE_LOOP('',(#1449));
#1260=EDGE_LOOP('',(#1450));
#1261=EDGE_LOOP('',(#1451));
#1262=EDGE_LOOP('',(#1452));
#1263=EDGE_LOOP('',(#1453));
#1264=EDGE_LOOP('',(#1454));
#1265=EDGE_LOOP('',(#1455,#1456,#1457,#1458));
#1266=EDGE_LOOP('',(#1459,#1460));
#1267=EDGE_LOOP('',(#1461,#1462));
#1268=EDGE_LOOP('',(#1463,#1464,#1465,#1466));
#1269=ORIENTED_EDGE('',*,*,#1547,.F.);
#1270=ORIENTED_EDGE('',*,*,#1548,.F.);
#1271=ORIENTED_EDGE('',*,*,#1549,.T.);
#1272=ORIENTED_EDGE('',*,*,#1550,.T.);
#1273=ORIENTED_EDGE('',*,*,#1551,.F.);
#1274=ORIENTED_EDGE('',*,*,#1550,.F.);
#1275=ORIENTED_EDGE('',*,*,#1552,.T.);
#1276=ORIENTED_EDGE('',*,*,#1553,.T.);
#1277=ORIENTED_EDGE('',*,*,#1549,.F.);
#1278=ORIENTED_EDGE('',*,*,#1554,.T.);
#1279=ORIENTED_EDGE('',*,*,#1555,.F.);
#1280=ORIENTED_EDGE('',*,*,#1556,.T.);
#1281=ORIENTED_EDGE('',*,*,#1557,.T.);
#1282=ORIENTED_EDGE('',*,*,#1558,.F.);
#1283=ORIENTED_EDGE('',*,*,#1559,.T.);
#1284=ORIENTED_EDGE('',*,*,#1552,.F.);
#1285=ORIENTED_EDGE('',*,*,#1547,.T.);
#1286=ORIENTED_EDGE('',*,*,#1551,.T.);
#1287=ORIENTED_EDGE('',*,*,#1560,.F.);
#1288=ORIENTED_EDGE('',*,*,#1561,.T.);
#1289=ORIENTED_EDGE('',*,*,#1562,.T.);
#1290=ORIENTED_EDGE('',*,*,#1563,.F.);
#1291=ORIENTED_EDGE('',*,*,#1564,.F.);
#1292=ORIENTED_EDGE('',*,*,#1565,.F.);
#1293=ORIENTED_EDGE('',*,*,#1554,.F.);
#1294=ORIENTED_EDGE('',*,*,#1548,.T.);
#1295=ORIENTED_EDGE('',*,*,#1565,.T.);
#1296=ORIENTED_EDGE('',*,*,#1566,.F.);
#1297=ORIENTED_EDGE('',*,*,#1567,.F.);
#1298=ORIENTED_EDGE('',*,*,#1568,.F.);
#1299=ORIENTED_EDGE('',*,*,#1569,.T.);
#1300=ORIENTED_EDGE('',*,*,#1570,.T.);
#1301=ORIENTED_EDGE('',*,*,#1571,.F.);
#1302=ORIENTED_EDGE('',*,*,#1556,.F.);
#1303=ORIENTED_EDGE('',*,*,#1572,.T.);
#1304=ORIENTED_EDGE('',*,*,#1573,.F.);
#1305=ORIENTED_EDGE('',*,*,#1567,.T.);
#1306=ORIENTED_EDGE('',*,*,#1574,.F.);
#1307=ORIENTED_EDGE('',*,*,#1575,.F.);
#1308=ORIENTED_EDGE('',*,*,#1576,.T.);
#1309=ORIENTED_EDGE('',*,*,#1569,.F.);
#1310=ORIENTED_EDGE('',*,*,#1563,.T.);
#1311=ORIENTED_EDGE('',*,*,#1577,.F.);
#1312=ORIENTED_EDGE('',*,*,#1578,.T.);
#1313=ORIENTED_EDGE('',*,*,#1575,.T.);
#1314=ORIENTED_EDGE('',*,*,#1579,.T.);
#1315=ORIENTED_EDGE('',*,*,#1580,.T.);
#1316=ORIENTED_EDGE('',*,*,#1566,.T.);
#1317=ORIENTED_EDGE('',*,*,#1564,.T.);
#1318=ORIENTED_EDGE('',*,*,#1579,.F.);
#1319=ORIENTED_EDGE('',*,*,#1580,.F.);
#1320=ORIENTED_EDGE('',*,*,#1574,.T.);
#1321=ORIENTED_EDGE('',*,*,#1555,.T.);
#1322=ORIENTED_EDGE('',*,*,#1568,.T.);
#1323=ORIENTED_EDGE('',*,*,#1581,.T.);
#1324=ORIENTED_EDGE('',*,*,#1572,.F.);
#1325=ORIENTED_EDGE('',*,*,#1581,.F.);
#1326=ORIENTED_EDGE('',*,*,#1573,.T.);
#1327=ORIENTED_EDGE('',*,*,#1570,.F.);
#1328=ORIENTED_EDGE('',*,*,#1582,.F.);
#1329=ORIENTED_EDGE('',*,*,#1583,.F.);
#1330=ORIENTED_EDGE('',*,*,#1584,.F.);
#1331=ORIENTED_EDGE('',*,*,#1576,.F.);
#1332=ORIENTED_EDGE('',*,*,#1585,.F.);
#1333=ORIENTED_EDGE('',*,*,#1586,.F.);
#1334=ORIENTED_EDGE('',*,*,#1582,.T.);
#1335=ORIENTED_EDGE('',*,*,#1578,.F.);
#1336=ORIENTED_EDGE('',*,*,#1587,.F.);
#1337=ORIENTED_EDGE('',*,*,#1588,.F.);
#1338=ORIENTED_EDGE('',*,*,#1585,.T.);
#1339=ORIENTED_EDGE('',*,*,#1588,.T.);
#1340=ORIENTED_EDGE('',*,*,#1589,.T.);
#1341=ORIENTED_EDGE('',*,*,#1583,.T.);
#1342=ORIENTED_EDGE('',*,*,#1586,.T.);
#1343=ORIENTED_EDGE('',*,*,#1560,.T.);
#1344=ORIENTED_EDGE('',*,*,#1553,.F.);
#1345=ORIENTED_EDGE('',*,*,#1559,.F.);
#1346=ORIENTED_EDGE('',*,*,#1590,.T.);
#1347=ORIENTED_EDGE('',*,*,#1590,.F.);
#1348=ORIENTED_EDGE('',*,*,#1558,.T.);
#1349=ORIENTED_EDGE('',*,*,#1591,.F.);
#1350=ORIENTED_EDGE('',*,*,#1561,.F.);
#1351=ORIENTED_EDGE('',*,*,#1562,.F.);
#1352=ORIENTED_EDGE('',*,*,#1591,.T.);
#1353=ORIENTED_EDGE('',*,*,#1557,.F.);
#1354=ORIENTED_EDGE('',*,*,#1571,.T.);
#1355=ORIENTED_EDGE('',*,*,#1584,.T.);
#1356=ORIENTED_EDGE('',*,*,#1589,.F.);
#1357=ORIENTED_EDGE('',*,*,#1587,.T.);
#1358=ORIENTED_EDGE('',*,*,#1577,.T.);
#1359=ORIENTED_EDGE('',*,*,#1592,.T.);
#1360=ORIENTED_EDGE('',*,*,#1593,.F.);
#1361=ORIENTED_EDGE('',*,*,#1592,.F.);
#1362=ORIENTED_EDGE('',*,*,#1593,.T.);
#1363=ORIENTED_EDGE('',*,*,#1594,.T.);
#1364=ORIENTED_EDGE('',*,*,#1595,.F.);
#1365=ORIENTED_EDGE('',*,*,#1594,.F.);
#1366=ORIENTED_EDGE('',*,*,#1595,.T.);
#1367=ORIENTED_EDGE('',*,*,#1596,.T.);
#1368=ORIENTED_EDGE('',*,*,#1597,.F.);
#1369=ORIENTED_EDGE('',*,*,#1596,.F.);
#1370=ORIENTED_EDGE('',*,*,#1597,.T.);
#1371=ORIENTED_EDGE('',*,*,#1598,.T.);
#1372=ORIENTED_EDGE('',*,*,#1599,.F.);
#1373=ORIENTED_EDGE('',*,*,#1598,.F.);
#1374=ORIENTED_EDGE('',*,*,#1599,.T.);
#1375=ORIENTED_EDGE('',*,*,#1600,.T.);
#1376=ORIENTED_EDGE('',*,*,#1601,.F.);
#1377=ORIENTED_EDGE('',*,*,#1600,.F.);
#1378=ORIENTED_EDGE('',*,*,#1601,.T.);
#1379=ORIENTED_EDGE('',*,*,#1602,.T.);
#1380=ORIENTED_EDGE('',*,*,#1603,.F.);
#1381=ORIENTED_EDGE('',*,*,#1602,.F.);
#1382=ORIENTED_EDGE('',*,*,#1603,.T.);
#1383=ORIENTED_EDGE('',*,*,#1604,.T.);
#1384=ORIENTED_EDGE('',*,*,#1605,.F.);
#1385=ORIENTED_EDGE('',*,*,#1604,.F.);
#1386=ORIENTED_EDGE('',*,*,#1605,.T.);
#1387=ORIENTED_EDGE('',*,*,#1606,.T.);
#1388=ORIENTED_EDGE('',*,*,#1607,.F.);
#1389=ORIENTED_EDGE('',*,*,#1606,.F.);
#1390=ORIENTED_EDGE('',*,*,#1607,.T.);
#1391=ORIENTED_EDGE('',*,*,#1608,.T.);
#1392=ORIENTED_EDGE('',*,*,#1609,.F.);
#1393=ORIENTED_EDGE('',*,*,#1608,.F.);
#1394=ORIENTED_EDGE('',*,*,#1609,.T.);
#1395=ORIENTED_EDGE('',*,*,#1610,.T.);
#1396=ORIENTED_EDGE('',*,*,#1611,.F.);
#1397=ORIENTED_EDGE('',*,*,#1610,.F.);
#1398=ORIENTED_EDGE('',*,*,#1611,.T.);
#1399=ORIENTED_EDGE('',*,*,#1612,.T.);
#1400=ORIENTED_EDGE('',*,*,#1613,.F.);
#1401=ORIENTED_EDGE('',*,*,#1612,.F.);
#1402=ORIENTED_EDGE('',*,*,#1613,.T.);
#1403=ORIENTED_EDGE('',*,*,#1614,.T.);
#1404=ORIENTED_EDGE('',*,*,#1615,.F.);
#1405=ORIENTED_EDGE('',*,*,#1614,.F.);
#1406=ORIENTED_EDGE('',*,*,#1615,.T.);
#1407=ORIENTED_EDGE('',*,*,#1616,.T.);
#1408=ORIENTED_EDGE('',*,*,#1617,.F.);
#1409=ORIENTED_EDGE('',*,*,#1616,.F.);
#1410=ORIENTED_EDGE('',*,*,#1617,.T.);
#1411=ORIENTED_EDGE('',*,*,#1618,.T.);
#1412=ORIENTED_EDGE('',*,*,#1619,.F.);
#1413=ORIENTED_EDGE('',*,*,#1618,.F.);
#1414=ORIENTED_EDGE('',*,*,#1619,.T.);
#1415=ORIENTED_EDGE('',*,*,#1620,.T.);
#1416=ORIENTED_EDGE('',*,*,#1621,.F.);
#1417=ORIENTED_EDGE('',*,*,#1620,.F.);
#1418=ORIENTED_EDGE('',*,*,#1621,.T.);
#1419=ORIENTED_EDGE('',*,*,#1622,.T.);
#1420=ORIENTED_EDGE('',*,*,#1623,.F.);
#1421=ORIENTED_EDGE('',*,*,#1622,.F.);
#1422=ORIENTED_EDGE('',*,*,#1623,.T.);
#1423=ORIENTED_EDGE('',*,*,#1624,.T.);
#1424=ORIENTED_EDGE('',*,*,#1625,.F.);
#1425=ORIENTED_EDGE('',*,*,#1624,.F.);
#1426=ORIENTED_EDGE('',*,*,#1625,.T.);
#1427=ORIENTED_EDGE('',*,*,#1626,.T.);
#1428=ORIENTED_EDGE('',*,*,#1627,.F.);
#1429=ORIENTED_EDGE('',*,*,#1626,.F.);
#1430=ORIENTED_EDGE('',*,*,#1627,.T.);
#1431=ORIENTED_EDGE('',*,*,#1628,.T.);
#1432=ORIENTED_EDGE('',*,*,#1629,.F.);
#1433=ORIENTED_EDGE('',*,*,#1628,.F.);
#1434=ORIENTED_EDGE('',*,*,#1629,.T.);
#1435=ORIENTED_EDGE('',*,*,#1630,.T.);
#1436=ORIENTED_EDGE('',*,*,#1631,.F.);
#1437=ORIENTED_EDGE('',*,*,#1630,.F.);
#1438=ORIENTED_EDGE('',*,*,#1631,.T.);
#1439=ORIENTED_EDGE('',*,*,#1632,.T.);
#1440=ORIENTED_EDGE('',*,*,#1633,.F.);
#1441=ORIENTED_EDGE('',*,*,#1632,.F.);
#1442=ORIENTED_EDGE('',*,*,#1633,.T.);
#1443=ORIENTED_EDGE('',*,*,#1634,.T.);
#1444=ORIENTED_EDGE('',*,*,#1635,.F.);
#1445=ORIENTED_EDGE('',*,*,#1634,.F.);
#1446=ORIENTED_EDGE('',*,*,#1635,.T.);
#1447=ORIENTED_EDGE('',*,*,#1636,.T.);
#1448=ORIENTED_EDGE('',*,*,#1637,.F.);
#1449=ORIENTED_EDGE('',*,*,#1636,.F.);
#1450=ORIENTED_EDGE('',*,*,#1637,.T.);
#1451=ORIENTED_EDGE('',*,*,#1638,.T.);
#1452=ORIENTED_EDGE('',*,*,#1639,.F.);
#1453=ORIENTED_EDGE('',*,*,#1638,.F.);
#1454=ORIENTED_EDGE('',*,*,#1639,.T.);
#1455=ORIENTED_EDGE('',*,*,#1640,.T.);
#1456=ORIENTED_EDGE('',*,*,#1641,.F.);
#1457=ORIENTED_EDGE('',*,*,#1642,.T.);
#1458=ORIENTED_EDGE('',*,*,#1643,.T.);
#1459=ORIENTED_EDGE('',*,*,#1643,.F.);
#1460=ORIENTED_EDGE('',*,*,#1644,.F.);
#1461=ORIENTED_EDGE('',*,*,#1645,.F.);
#1462=ORIENTED_EDGE('',*,*,#1641,.T.);
#1463=ORIENTED_EDGE('',*,*,#1642,.F.);
#1464=ORIENTED_EDGE('',*,*,#1645,.T.);
#1465=ORIENTED_EDGE('',*,*,#1640,.F.);
#1466=ORIENTED_EDGE('',*,*,#1644,.T.);
#1467=VERTEX_POINT('',#2233);
#1468=VERTEX_POINT('',#2234);
#1469=VERTEX_POINT('',#2236);
#1470=VERTEX_POINT('',#2238);
#1471=VERTEX_POINT('',#2242);
#1472=VERTEX_POINT('',#2244);
#1473=VERTEX_POINT('',#2248);
#1474=VERTEX_POINT('',#2250);
#1475=VERTEX_POINT('',#2252);
#1476=VERTEX_POINT('',#2254);
#1477=VERTEX_POINT('',#2256);
#1478=VERTEX_POINT('',#2260);
#1479=VERTEX_POINT('',#2262);
#1480=VERTEX_POINT('',#2264);
#1481=VERTEX_POINT('',#2266);
#1482=VERTEX_POINT('',#2268);
#1483=VERTEX_POINT('',#2272);
#1484=VERTEX_POINT('',#2274);
#1485=VERTEX_POINT('',#2278);
#1486=VERTEX_POINT('',#2279);
#1487=VERTEX_POINT('',#2281);
#1488=VERTEX_POINT('',#2287);
#1489=VERTEX_POINT('',#2289);
#1490=VERTEX_POINT('',#2293);
#1491=VERTEX_POINT('',#2304);
#1492=VERTEX_POINT('',#2306);
#1493=VERTEX_POINT('',#2310);
#1494=VERTEX_POINT('',#2314);
#1495=VERTEX_POINT('',#2325);
#1496=VERTEX_POINT('',#2327);
#1497=VERTEX_POINT('',#2332);
#1498=VERTEX_POINT('',#2334);
#1499=VERTEX_POINT('',#2339);
#1500=VERTEX_POINT('',#2341);
#1501=VERTEX_POINT('',#2346);
#1502=VERTEX_POINT('',#2348);
#1503=VERTEX_POINT('',#2353);
#1504=VERTEX_POINT('',#2355);
#1505=VERTEX_POINT('',#2360);
#1506=VERTEX_POINT('',#2362);
#1507=VERTEX_POINT('',#2367);
#1508=VERTEX_POINT('',#2369);
#1509=VERTEX_POINT('',#2374);
#1510=VERTEX_POINT('',#2376);
#1511=VERTEX_POINT('',#2381);
#1512=VERTEX_POINT('',#2383);
#1513=VERTEX_POINT('',#2388);
#1514=VERTEX_POINT('',#2390);
#1515=VERTEX_POINT('',#2395);
#1516=VERTEX_POINT('',#2397);
#1517=VERTEX_POINT('',#2402);
#1518=VERTEX_POINT('',#2404);
#1519=VERTEX_POINT('',#2409);
#1520=VERTEX_POINT('',#2411);
#1521=VERTEX_POINT('',#2416);
#1522=VERTEX_POINT('',#2418);
#1523=VERTEX_POINT('',#2423);
#1524=VERTEX_POINT('',#2425);
#1525=VERTEX_POINT('',#2430);
#1526=VERTEX_POINT('',#2432);
#1527=VERTEX_POINT('',#2437);
#1528=VERTEX_POINT('',#2439);
#1529=VERTEX_POINT('',#2444);
#1530=VERTEX_POINT('',#2446);
#1531=VERTEX_POINT('',#2451);
#1532=VERTEX_POINT('',#2453);
#1533=VERTEX_POINT('',#2458);
#1534=VERTEX_POINT('',#2460);
#1535=VERTEX_POINT('',#2465);
#1536=VERTEX_POINT('',#2467);
#1537=VERTEX_POINT('',#2472);
#1538=VERTEX_POINT('',#2474);
#1539=VERTEX_POINT('',#2479);
#1540=VERTEX_POINT('',#2481);
#1541=VERTEX_POINT('',#2486);
#1542=VERTEX_POINT('',#2488);
#1543=VERTEX_POINT('',#2493);
#1544=VERTEX_POINT('',#2494);
#1545=VERTEX_POINT('',#2496);
#1546=VERTEX_POINT('',#2498);
#1547=EDGE_CURVE('',#1467,#1468,#1646,.T.);
#1548=EDGE_CURVE('',#1469,#1467,#1647,.T.);
#1549=EDGE_CURVE('',#1469,#1470,#1648,.T.);
#1550=EDGE_CURVE('',#1470,#1468,#1649,.T.);
#1551=EDGE_CURVE('',#1468,#1471,#1650,.T.);
#1552=EDGE_CURVE('',#1470,#1472,#1651,.T.);
#1553=EDGE_CURVE('',#1472,#1471,#1652,.T.);
#1554=EDGE_CURVE('',#1469,#1473,#1653,.T.);
#1555=EDGE_CURVE('',#1474,#1473,#861,.T.);
#1556=EDGE_CURVE('',#1474,#1475,#1654,.T.);
#1557=EDGE_CURVE('',#1475,#1476,#1655,.T.);
#1558=EDGE_CURVE('',#1477,#1476,#1656,.T.);
#1559=EDGE_CURVE('',#1477,#1472,#1657,.T.);
#1560=EDGE_CURVE('',#1478,#1471,#1658,.T.);
#1561=EDGE_CURVE('',#1478,#1479,#1659,.T.);
#1562=EDGE_CURVE('',#1479,#1480,#1660,.T.);
#1563=EDGE_CURVE('',#1481,#1480,#1661,.T.);
#1564=EDGE_CURVE('',#1482,#1481,#862,.T.);
#1565=EDGE_CURVE('',#1467,#1482,#1662,.T.);
#1566=EDGE_CURVE('',#1483,#1482,#1663,.T.);
#1567=EDGE_CURVE('',#1484,#1483,#1664,.T.);
#1568=EDGE_CURVE('',#1473,#1484,#1665,.T.);
#1569=EDGE_CURVE('',#1485,#1486,#1666,.T.);
#1570=EDGE_CURVE('',#1486,#1487,#1667,.T.);
#1571=EDGE_CURVE('',#1475,#1487,#1668,.T.);
#1572=EDGE_CURVE('',#1474,#1485,#1669,.T.);
#1573=EDGE_CURVE('',#1484,#1485,#863,.T.);
#1574=EDGE_CURVE('',#1488,#1483,#864,.T.);
#1575=EDGE_CURVE('',#1489,#1488,#1670,.T.);
#1576=EDGE_CURVE('',#1489,#1486,#1671,.T.);
#1577=EDGE_CURVE('',#1490,#1480,#1672,.T.);
#1578=EDGE_CURVE('',#1490,#1489,#1673,.T.);
#1579=EDGE_CURVE('',#1488,#1481,#1674,.T.);
#1580=EDGE_CURVE('',#1488,#1483,#865,.T.);
#1581=EDGE_CURVE('',#1484,#1485,#866,.T.);
#1582=EDGE_CURVE('',#1491,#1486,#1675,.T.);
#1583=EDGE_CURVE('',#1492,#1491,#1676,.T.);
#1584=EDGE_CURVE('',#1487,#1492,#1677,.T.);
#1585=EDGE_CURVE('',#1493,#1489,#1678,.T.);
#1586=EDGE_CURVE('',#1491,#1493,#1679,.T.);
#1587=EDGE_CURVE('',#1494,#1490,#1680,.T.);
#1588=EDGE_CURVE('',#1493,#1494,#1681,.T.);
#1589=EDGE_CURVE('',#1494,#1492,#1682,.T.);
#1590=EDGE_CURVE('',#1477,#1478,#1683,.T.);
#1591=EDGE_CURVE('',#1479,#1476,#1684,.T.);
#1592=EDGE_CURVE('',#1495,#1495,#867,.T.);
#1593=EDGE_CURVE('',#1496,#1496,#868,.T.);
#1594=EDGE_CURVE('',#1497,#1497,#869,.T.);
#1595=EDGE_CURVE('',#1498,#1498,#870,.T.);
#1596=EDGE_CURVE('',#1499,#1499,#871,.T.);
#1597=EDGE_CURVE('',#1500,#1500,#872,.T.);
#1598=EDGE_CURVE('',#1501,#1501,#873,.T.);
#1599=EDGE_CURVE('',#1502,#1502,#874,.T.);
#1600=EDGE_CURVE('',#1503,#1503,#875,.T.);
#1601=EDGE_CURVE('',#1504,#1504,#876,.T.);
#1602=EDGE_CURVE('',#1505,#1505,#877,.T.);
#1603=EDGE_CURVE('',#1506,#1506,#878,.T.);
#1604=EDGE_CURVE('',#1507,#1507,#879,.T.);
#1605=EDGE_CURVE('',#1508,#1508,#880,.T.);
#1606=EDGE_CURVE('',#1509,#1509,#881,.T.);
#1607=EDGE_CURVE('',#1510,#1510,#882,.T.);
#1608=EDGE_CURVE('',#1511,#1511,#883,.T.);
#1609=EDGE_CURVE('',#1512,#1512,#884,.T.);
#1610=EDGE_CURVE('',#1513,#1513,#885,.T.);
#1611=EDGE_CURVE('',#1514,#1514,#886,.T.);
#1612=EDGE_CURVE('',#1515,#1515,#887,.T.);
#1613=EDGE_CURVE('',#1516,#1516,#888,.T.);
#1614=EDGE_CURVE('',#1517,#1517,#889,.T.);
#1615=EDGE_CURVE('',#1518,#1518,#890,.T.);
#1616=EDGE_CURVE('',#1519,#1519,#891,.T.);
#1617=EDGE_CURVE('',#1520,#1520,#892,.T.);
#1618=EDGE_CURVE('',#1521,#1521,#893,.T.);
#1619=EDGE_CURVE('',#1522,#1522,#894,.T.);
#1620=EDGE_CURVE('',#1523,#1523,#895,.T.);
#1621=EDGE_CURVE('',#1524,#1524,#896,.T.);
#1622=EDGE_CURVE('',#1525,#1525,#897,.T.);
#1623=EDGE_CURVE('',#1526,#1526,#898,.T.);
#1624=EDGE_CURVE('',#1527,#1527,#899,.T.);
#1625=EDGE_CURVE('',#1528,#1528,#900,.T.);
#1626=EDGE_CURVE('',#1529,#1529,#901,.T.);
#1627=EDGE_CURVE('',#1530,#1530,#902,.T.);
#1628=EDGE_CURVE('',#1531,#1531,#903,.T.);
#1629=EDGE_CURVE('',#1532,#1532,#904,.T.);
#1630=EDGE_CURVE('',#1533,#1533,#905,.T.);
#1631=EDGE_CURVE('',#1534,#1534,#906,.T.);
#1632=EDGE_CURVE('',#1535,#1535,#907,.T.);
#1633=EDGE_CURVE('',#1536,#1536,#908,.T.);
#1634=EDGE_CURVE('',#1537,#1537,#909,.T.);
#1635=EDGE_CURVE('',#1538,#1538,#910,.T.);
#1636=EDGE_CURVE('',#1539,#1539,#911,.T.);
#1637=EDGE_CURVE('',#1540,#1540,#912,.T.);
#1638=EDGE_CURVE('',#1541,#1541,#913,.T.);
#1639=EDGE_CURVE('',#1542,#1542,#914,.T.);
#1640=EDGE_CURVE('',#1543,#1544,#1685,.T.);
#1641=EDGE_CURVE('',#1545,#1544,#915,.T.);
#1642=EDGE_CURVE('',#1545,#1546,#1686,.T.);
#1643=EDGE_CURVE('',#1546,#1543,#916,.T.);
#1644=EDGE_CURVE('',#1543,#1546,#1687,.T.);
#1645=EDGE_CURVE('',#1545,#1544,#1688,.T.);
#1646=LINE('',#2232,#1689);
#1647=LINE('',#2235,#1690);
#1648=LINE('',#2237,#1691);
#1649=LINE('',#2239,#1692);
#1650=LINE('',#2241,#1693);
#1651=LINE('',#2243,#1694);
#1652=LINE('',#2245,#1695);
#1653=LINE('',#2247,#1696);
#1654=LINE('',#2251,#1697);
#1655=LINE('',#2253,#1698);
#1656=LINE('',#2255,#1699);
#1657=LINE('',#2257,#1700);
#1658=LINE('',#2259,#1701);
#1659=LINE('',#2261,#1702);
#1660=LINE('',#2263,#1703);
#1661=LINE('',#2265,#1704);
#1662=LINE('',#2269,#1705);
#1663=LINE('',#2271,#1706);
#1664=LINE('',#2273,#1707);
#1665=LINE('',#2275,#1708);
#1666=LINE('',#2277,#1709);
#1667=LINE('',#2280,#1710);
#1668=LINE('',#2282,#1711);
#1669=LINE('',#2283,#1712);
#1670=LINE('',#2288,#1713);
#1671=LINE('',#2290,#1714);
#1672=LINE('',#2292,#1715);
#1673=LINE('',#2294,#1716);
#1674=LINE('',#2295,#1717);
#1675=LINE('',#2303,#1718);
#1676=LINE('',#2305,#1719);
#1677=LINE('',#2307,#1720);
#1678=LINE('',#2309,#1721);
#1679=LINE('',#2311,#1722);
#1680=LINE('',#2313,#1723);
#1681=LINE('',#2315,#1724);
#1682=LINE('',#2317,#1725);
#1683=LINE('',#2319,#1726);
#1684=LINE('',#2321,#1727);
#1685=LINE('',#2492,#1728);
#1686=LINE('',#2497,#1729);
#1687=LINE('',#2501,#1730);
#1688=LINE('',#2503,#1731);
#1689=VECTOR('',#1886,1.);
#1690=VECTOR('',#1887,1.);
#1691=VECTOR('',#1888,1.);
#1692=VECTOR('',#1889,1.);
#1693=VECTOR('',#1892,1.);
#1694=VECTOR('',#1893,1.);
#1695=VECTOR('',#1894,1.);
#1696=VECTOR('',#1897,1.);
#1697=VECTOR('',#1900,1.);
#1698=VECTOR('',#1901,1.);
#1699=VECTOR('',#1902,1.);
#1700=VECTOR('',#1903,1.);
#1701=VECTOR('',#1906,1.);
#1702=VECTOR('',#1907,1.);
#1703=VECTOR('',#1908,1.);
#1704=VECTOR('',#1909,1.);
#1705=VECTOR('',#1912,1.);
#1706=VECTOR('',#1915,1.);
#1707=VECTOR('',#1916,1.);
#1708=VECTOR('',#1917,1.);
#1709=VECTOR('',#1920,1.);
#1710=VECTOR('',#1921,1.);
#1711=VECTOR('',#1922,1.);
#1712=VECTOR('',#1923,1.);
#1713=VECTOR('',#1930,1.);
#1714=VECTOR('',#1931,1.);
#1715=VECTOR('',#1934,1.);
#1716=VECTOR('',#1935,1.);
#1717=VECTOR('',#1936,1.);
#1718=VECTOR('',#1951,1.);
#1719=VECTOR('',#1952,1.);
#1720=VECTOR('',#1953,1.);
#1721=VECTOR('',#1956,1.);
#1722=VECTOR('',#1957,1.);
#1723=VECTOR('',#1960,1.);
#1724=VECTOR('',#1961,1.);
#1725=VECTOR('',#1964,1.);
#1726=VECTOR('',#1967,1.);
#1727=VECTOR('',#1970,1.);
#1728=VECTOR('',#2215,1.);
#1729=VECTOR('',#2218,1.);
#1730=VECTOR('',#2223,1.);
#1731=VECTOR('',#2226,1.);
#1732=AXIS2_PLACEMENT_3D('',#2231,#1884,#1885);
#1733=AXIS2_PLACEMENT_3D('',#2240,#1890,#1891);
#1734=AXIS2_PLACEMENT_3D('',#2246,#1895,#1896);
#1735=AXIS2_PLACEMENT_3D('',#2249,#1898,#1899);
#1736=AXIS2_PLACEMENT_3D('',#2258,#1904,#1905);
#1737=AXIS2_PLACEMENT_3D('',#2267,#1910,#1911);
#1738=AXIS2_PLACEMENT_3D('',#2270,#1913,#1914);
#1739=AXIS2_PLACEMENT_3D('',#2276,#1918,#1919);
#1740=AXIS2_PLACEMENT_3D('',#2284,#1924,#1925);
#1741=AXIS2_PLACEMENT_3D('',#2285,#1926,#1927);
#1742=AXIS2_PLACEMENT_3D('',#2286,#1928,#1929);
#1743=AXIS2_PLACEMENT_3D('',#2291,#1932,#1933);
#1744=AXIS2_PLACEMENT_3D('',#2296,#1937,#1938);
#1745=AXIS2_PLACEMENT_3D('',#2297,#1939,#1940);
#1746=AXIS2_PLACEMENT_3D('',#2298,#1941,#1942);
#1747=AXIS2_PLACEMENT_3D('',#2299,#1943,#1944);
#1748=AXIS2_PLACEMENT_3D('',#2300,#1945,#1946);
#1749=AXIS2_PLACEMENT_3D('',#2301,#1947,#1948);
#1750=AXIS2_PLACEMENT_3D('',#2302,#1949,#1950);
#1751=AXIS2_PLACEMENT_3D('',#2308,#1954,#1955);
#1752=AXIS2_PLACEMENT_3D('',#2312,#1958,#1959);
#1753=AXIS2_PLACEMENT_3D('',#2316,#1962,#1963);
#1754=AXIS2_PLACEMENT_3D('',#2318,#1965,#1966);
#1755=AXIS2_PLACEMENT_3D('',#2320,#1968,#1969);
#1756=AXIS2_PLACEMENT_3D('',#2322,#1971,#1972);
#1757=AXIS2_PLACEMENT_3D('',#2323,#1973,#1974);
#1758=AXIS2_PLACEMENT_3D('',#2324,#1975,#1976);
#1759=AXIS2_PLACEMENT_3D('',#2326,#1977,#1978);
#1760=AXIS2_PLACEMENT_3D('',#2328,#1979,#1980);
#1761=AXIS2_PLACEMENT_3D('',#2329,#1981,#1982);
#1762=AXIS2_PLACEMENT_3D('',#2330,#1983,#1984);
#1763=AXIS2_PLACEMENT_3D('',#2331,#1985,#1986);
#1764=AXIS2_PLACEMENT_3D('',#2333,#1987,#1988);
#1765=AXIS2_PLACEMENT_3D('',#2335,#1989,#1990);
#1766=AXIS2_PLACEMENT_3D('',#2336,#1991,#1992);
#1767=AXIS2_PLACEMENT_3D('',#2337,#1993,#1994);
#1768=AXIS2_PLACEMENT_3D('',#2338,#1995,#1996);
#1769=AXIS2_PLACEMENT_3D('',#2340,#1997,#1998);
#1770=AXIS2_PLACEMENT_3D('',#2342,#1999,#2000);
#1771=AXIS2_PLACEMENT_3D('',#2343,#2001,#2002);
#1772=AXIS2_PLACEMENT_3D('',#2344,#2003,#2004);
#1773=AXIS2_PLACEMENT_3D('',#2345,#2005,#2006);
#1774=AXIS2_PLACEMENT_3D('',#2347,#2007,#2008);
#1775=AXIS2_PLACEMENT_3D('',#2349,#2009,#2010);
#1776=AXIS2_PLACEMENT_3D('',#2350,#2011,#2012);
#1777=AXIS2_PLACEMENT_3D('',#2351,#2013,#2014);
#1778=AXIS2_PLACEMENT_3D('',#2352,#2015,#2016);
#1779=AXIS2_PLACEMENT_3D('',#2354,#2017,#2018);
#1780=AXIS2_PLACEMENT_3D('',#2356,#2019,#2020);
#1781=AXIS2_PLACEMENT_3D('',#2357,#2021,#2022);
#1782=AXIS2_PLACEMENT_3D('',#2358,#2023,#2024);
#1783=AXIS2_PLACEMENT_3D('',#2359,#2025,#2026);
#1784=AXIS2_PLACEMENT_3D('',#2361,#2027,#2028);
#1785=AXIS2_PLACEMENT_3D('',#2363,#2029,#2030);
#1786=AXIS2_PLACEMENT_3D('',#2364,#2031,#2032);
#1787=AXIS2_PLACEMENT_3D('',#2365,#2033,#2034);
#1788=AXIS2_PLACEMENT_3D('',#2366,#2035,#2036);
#1789=AXIS2_PLACEMENT_3D('',#2368,#2037,#2038);
#1790=AXIS2_PLACEMENT_3D('',#2370,#2039,#2040);
#1791=AXIS2_PLACEMENT_3D('',#2371,#2041,#2042);
#1792=AXIS2_PLACEMENT_3D('',#2372,#2043,#2044);
#1793=AXIS2_PLACEMENT_3D('',#2373,#2045,#2046);
#1794=AXIS2_PLACEMENT_3D('',#2375,#2047,#2048);
#1795=AXIS2_PLACEMENT_3D('',#2377,#2049,#2050);
#1796=AXIS2_PLACEMENT_3D('',#2378,#2051,#2052);
#1797=AXIS2_PLACEMENT_3D('',#2379,#2053,#2054);
#1798=AXIS2_PLACEMENT_3D('',#2380,#2055,#2056);
#1799=AXIS2_PLACEMENT_3D('',#2382,#2057,#2058);
#1800=AXIS2_PLACEMENT_3D('',#2384,#2059,#2060);
#1801=AXIS2_PLACEMENT_3D('',#2385,#2061,#2062);
#1802=AXIS2_PLACEMENT_3D('',#2386,#2063,#2064);
#1803=AXIS2_PLACEMENT_3D('',#2387,#2065,#2066);
#1804=AXIS2_PLACEMENT_3D('',#2389,#2067,#2068);
#1805=AXIS2_PLACEMENT_3D('',#2391,#2069,#2070);
#1806=AXIS2_PLACEMENT_3D('',#2392,#2071,#2072);
#1807=AXIS2_PLACEMENT_3D('',#2393,#2073,#2074);
#1808=AXIS2_PLACEMENT_3D('',#2394,#2075,#2076);
#1809=AXIS2_PLACEMENT_3D('',#2396,#2077,#2078);
#1810=AXIS2_PLACEMENT_3D('',#2398,#2079,#2080);
#1811=AXIS2_PLACEMENT_3D('',#2399,#2081,#2082);
#1812=AXIS2_PLACEMENT_3D('',#2400,#2083,#2084);
#1813=AXIS2_PLACEMENT_3D('',#2401,#2085,#2086);
#1814=AXIS2_PLACEMENT_3D('',#2403,#2087,#2088);
#1815=AXIS2_PLACEMENT_3D('',#2405,#2089,#2090);
#1816=AXIS2_PLACEMENT_3D('',#2406,#2091,#2092);
#1817=AXIS2_PLACEMENT_3D('',#2407,#2093,#2094);
#1818=AXIS2_PLACEMENT_3D('',#2408,#2095,#2096);
#1819=AXIS2_PLACEMENT_3D('',#2410,#2097,#2098);
#1820=AXIS2_PLACEMENT_3D('',#2412,#2099,#2100);
#1821=AXIS2_PLACEMENT_3D('',#2413,#2101,#2102);
#1822=AXIS2_PLACEMENT_3D('',#2414,#2103,#2104);
#1823=AXIS2_PLACEMENT_3D('',#2415,#2105,#2106);
#1824=AXIS2_PLACEMENT_3D('',#2417,#2107,#2108);
#1825=AXIS2_PLACEMENT_3D('',#2419,#2109,#2110);
#1826=AXIS2_PLACEMENT_3D('',#2420,#2111,#2112);
#1827=AXIS2_PLACEMENT_3D('',#2421,#2113,#2114);
#1828=AXIS2_PLACEMENT_3D('',#2422,#2115,#2116);
#1829=AXIS2_PLACEMENT_3D('',#2424,#2117,#2118);
#1830=AXIS2_PLACEMENT_3D('',#2426,#2119,#2120);
#1831=AXIS2_PLACEMENT_3D('',#2427,#2121,#2122);
#1832=AXIS2_PLACEMENT_3D('',#2428,#2123,#2124);
#1833=AXIS2_PLACEMENT_3D('',#2429,#2125,#2126);
#1834=AXIS2_PLACEMENT_3D('',#2431,#2127,#2128);
#1835=AXIS2_PLACEMENT_3D('',#2433,#2129,#2130);
#1836=AXIS2_PLACEMENT_3D('',#2434,#2131,#2132);
#1837=AXIS2_PLACEMENT_3D('',#2435,#2133,#2134);
#1838=AXIS2_PLACEMENT_3D('',#2436,#2135,#2136);
#1839=AXIS2_PLACEMENT_3D('',#2438,#2137,#2138);
#1840=AXIS2_PLACEMENT_3D('',#2440,#2139,#2140);
#1841=AXIS2_PLACEMENT_3D('',#2441,#2141,#2142);
#1842=AXIS2_PLACEMENT_3D('',#2442,#2143,#2144);
#1843=AXIS2_PLACEMENT_3D('',#2443,#2145,#2146);
#1844=AXIS2_PLACEMENT_3D('',#2445,#2147,#2148);
#1845=AXIS2_PLACEMENT_3D('',#2447,#2149,#2150);
#1846=AXIS2_PLACEMENT_3D('',#2448,#2151,#2152);
#1847=AXIS2_PLACEMENT_3D('',#2449,#2153,#2154);
#1848=AXIS2_PLACEMENT_3D('',#2450,#2155,#2156);
#1849=AXIS2_PLACEMENT_3D('',#2452,#2157,#2158);
#1850=AXIS2_PLACEMENT_3D('',#2454,#2159,#2160);
#1851=AXIS2_PLACEMENT_3D('',#2455,#2161,#2162);
#1852=AXIS2_PLACEMENT_3D('',#2456,#2163,#2164);
#1853=AXIS2_PLACEMENT_3D('',#2457,#2165,#2166);
#1854=AXIS2_PLACEMENT_3D('',#2459,#2167,#2168);
#1855=AXIS2_PLACEMENT_3D('',#2461,#2169,#2170);
#1856=AXIS2_PLACEMENT_3D('',#2462,#2171,#2172);
#1857=AXIS2_PLACEMENT_3D('',#2463,#2173,#2174);
#1858=AXIS2_PLACEMENT_3D('',#2464,#2175,#2176);
#1859=AXIS2_PLACEMENT_3D('',#2466,#2177,#2178);
#1860=AXIS2_PLACEMENT_3D('',#2468,#2179,#2180);
#1861=AXIS2_PLACEMENT_3D('',#2469,#2181,#2182);
#1862=AXIS2_PLACEMENT_3D('',#2470,#2183,#2184);
#1863=AXIS2_PLACEMENT_3D('',#2471,#2185,#2186);
#1864=AXIS2_PLACEMENT_3D('',#2473,#2187,#2188);
#1865=AXIS2_PLACEMENT_3D('',#2475,#2189,#2190);
#1866=AXIS2_PLACEMENT_3D('',#2476,#2191,#2192);
#1867=AXIS2_PLACEMENT_3D('',#2477,#2193,#2194);
#1868=AXIS2_PLACEMENT_3D('',#2478,#2195,#2196);
#1869=AXIS2_PLACEMENT_3D('',#2480,#2197,#2198);
#1870=AXIS2_PLACEMENT_3D('',#2482,#2199,#2200);
#1871=AXIS2_PLACEMENT_3D('',#2483,#2201,#2202);
#1872=AXIS2_PLACEMENT_3D('',#2484,#2203,#2204);
#1873=AXIS2_PLACEMENT_3D('',#2485,#2205,#2206);
#1874=AXIS2_PLACEMENT_3D('',#2487,#2207,#2208);
#1875=AXIS2_PLACEMENT_3D('',#2489,#2209,#2210);
#1876=AXIS2_PLACEMENT_3D('',#2490,#2211,#2212);
#1877=AXIS2_PLACEMENT_3D('',#2491,#2213,#2214);
#1878=AXIS2_PLACEMENT_3D('',#2495,#2216,#2217);
#1879=AXIS2_PLACEMENT_3D('',#2499,#2219,#2220);
#1880=AXIS2_PLACEMENT_3D('',#2500,#2221,#2222);
#1881=AXIS2_PLACEMENT_3D('',#2502,#2224,#2225);
#1882=AXIS2_PLACEMENT_3D('',#2504,#2227,#2228);
#1883=AXIS2_PLACEMENT_3D('',#2505,#2229,#2230);
#1884=DIRECTION('',(0.,0.,1.));
#1885=DIRECTION('',(1.,0.,0.));
#1886=DIRECTION('',(-3.73775084957136E-15,0.,-1.));
#1887=DIRECTION('',(0.,1.,0.));
#1888=DIRECTION('',(-3.73775084957136E-15,0.,-1.));
#1889=DIRECTION('',(0.,1.,0.));
#1890=DIRECTION('',(1.,0.,-3.73775084957136E-15));
#1891=DIRECTION('',(-3.7470027081099E-15,0.,-1.));
#1892=DIRECTION('',(-1.,0.,1.11022302462517E-15));
#1893=DIRECTION('',(-1.,0.,1.11022302462517E-15));
#1894=DIRECTION('',(0.,1.,0.));
#1895=DIRECTION('',(-1.11022302462517E-15,0.,-1.));
#1896=DIRECTION('',(-1.,0.,1.11022302462516E-15));
#1897=DIRECTION('',(1.,0.,0.));
#1898=DIRECTION('',(0.,-1.,0.));
#1899=DIRECTION('',(1.,0.,-1.15648231731787E-16));
#1900=DIRECTION('',(-1.,0.,0.));
#1901=DIRECTION('',(0.,0.,-1.));
#1902=DIRECTION('',(-1.,0.,3.92010771854471E-15));
#1903=DIRECTION('',(-1.85037170770859E-16,0.,-1.));
#1904=DIRECTION('',(0.,1.,0.));
#1905=DIRECTION('',(0.,0.,1.));
#1906=DIRECTION('',(-1.85037170770859E-16,0.,-1.));
#1907=DIRECTION('',(-1.,0.,3.92010771854471E-15));
#1908=DIRECTION('',(0.,0.,1.));
#1909=DIRECTION('',(-1.,0.,0.));
#1910=DIRECTION('',(0.,1.,0.));
#1911=DIRECTION('',(1.,0.,1.15648231731787E-16));
#1912=DIRECTION('',(1.,0.,0.));
#1913=DIRECTION('',(0.,1.,0.));
#1914=DIRECTION('',(0.,0.,1.));
#1915=DIRECTION('',(0.,1.,0.));
#1916=DIRECTION('',(0.,1.,0.));
#1917=DIRECTION('',(0.,1.,0.));
#1918=DIRECTION('',(0.,0.,1.));
#1919=DIRECTION('',(1.,0.,0.));
#1920=DIRECTION('',(0.,1.,0.));
#1921=DIRECTION('',(-1.,1.14106255308697E-15,0.));
#1922=DIRECTION('',(0.,1.,0.));
#1923=DIRECTION('',(0.,1.,0.));
#1924=DIRECTION('',(0.,0.,-1.));
#1925=DIRECTION('',(-1.,0.,0.));
#1926=DIRECTION('',(0.,-1.,0.));
#1927=DIRECTION('',(1.,0.,-1.15648231731787E-16));
#1928=DIRECTION('',(0.,1.,0.));
#1929=DIRECTION('',(1.,0.,1.15648231731787E-16));
#1930=DIRECTION('',(0.,1.,0.));
#1931=DIRECTION('',(-2.46716227694479E-15,-1.,0.));
#1932=DIRECTION('',(0.,1.,0.));
#1933=DIRECTION('',(0.,0.,1.));
#1934=DIRECTION('',(0.,1.,0.));
#1935=DIRECTION('',(1.,-1.17190208154878E-15,0.));
#1936=DIRECTION('',(0.,1.,0.));
#1937=DIRECTION('',(0.,0.,-1.));
#1938=DIRECTION('',(-1.,0.,0.));
#1939=DIRECTION('',(0.,-1.,0.));
#1940=DIRECTION('',(1.,0.,1.15648231731787E-16));
#1941=DIRECTION('',(0.,1.,0.));
#1942=DIRECTION('',(0.,0.,1.));
#1943=DIRECTION('',(0.,1.,0.));
#1944=DIRECTION('',(0.,0.,1.));
#1945=DIRECTION('',(0.,1.,0.));
#1946=DIRECTION('',(1.,0.,-1.15648231731787E-16));
#1947=DIRECTION('',(0.,-1.,0.));
#1948=DIRECTION('',(0.,0.,-1.));
#1949=DIRECTION('',(0.,-1.,0.));
#1950=DIRECTION('',(0.,0.,-1.));
#1951=DIRECTION('',(0.,0.,1.));
#1952=DIRECTION('',(1.,-1.14106255308697E-15,0.));
#1953=DIRECTION('',(0.,4.47308812169855E-30,-1.));
#1954=DIRECTION('',(-1.14106255308697E-15,-1.,0.));
#1955=DIRECTION('',(1.,-1.13797860024079E-15,0.));
#1956=DIRECTION('',(0.,0.,1.));
#1957=DIRECTION('',(2.46716227694479E-15,1.,0.));
#1958=DIRECTION('',(1.,-2.46716227694479E-15,0.));
#1959=DIRECTION('',(2.44249065417534E-15,1.,0.));
#1960=DIRECTION('',(0.,-4.59398239525797E-30,1.));
#1961=DIRECTION('',(-1.,1.17190208154878E-15,0.));
#1962=DIRECTION('',(1.17190208154878E-15,1.,0.));
#1963=DIRECTION('',(-1.,1.17180570802233E-15,0.));
#1964=DIRECTION('',(0.,-1.,0.));
#1965=DIRECTION('',(0.,0.,1.));
#1966=DIRECTION('',(1.,0.,0.));
#1967=DIRECTION('',(0.,1.,0.));
#1968=DIRECTION('',(1.,0.,-1.85037170770859E-16));
#1969=DIRECTION('',(-1.94289029309402E-16,0.,-1.));
#1970=DIRECTION('',(0.,-1.,0.));
#1971=DIRECTION('',(-3.92010771854471E-15,0.,-1.));
#1972=DIRECTION('',(-1.,0.,3.92010771854471E-15));
#1973=DIRECTION('',(1.,0.,0.));
#1974=DIRECTION('',(0.,0.,-1.));
#1975=DIRECTION('',(0.,-1.,0.));
#1976=DIRECTION('',(-1.,0.,3.46944695195361E-16));
#1977=DIRECTION('',(0.,-1.,0.));
#1978=DIRECTION('',(-1.,0.,3.46944695195361E-16));
#1979=DIRECTION('',(0.,-1.,0.));
#1980=DIRECTION('',(0.,0.,-1.));
#1981=DIRECTION('',(0.,-1.,0.));
#1982=DIRECTION('',(0.,0.,-1.));
#1983=DIRECTION('',(0.,-1.,0.));
#1984=DIRECTION('',(0.,0.,-1.));
#1985=DIRECTION('',(0.,-1.,0.));
#1986=DIRECTION('',(-1.,0.,3.46944695195361E-16));
#1987=DIRECTION('',(0.,-1.,0.));
#1988=DIRECTION('',(-1.,0.,3.46944695195361E-16));
#1989=DIRECTION('',(0.,-1.,0.));
#1990=DIRECTION('',(0.,0.,-1.));
#1991=DIRECTION('',(0.,-1.,0.));
#1992=DIRECTION('',(0.,0.,-1.));
#1993=DIRECTION('',(0.,-1.,0.));
#1994=DIRECTION('',(0.,0.,-1.));
#1995=DIRECTION('',(0.,-1.,0.));
#1996=DIRECTION('',(-1.,0.,3.46944695195361E-16));
#1997=DIRECTION('',(0.,-1.,0.));
#1998=DIRECTION('',(-1.,0.,3.46944695195361E-16));
#1999=DIRECTION('',(0.,-1.,0.));
#2000=DIRECTION('',(0.,0.,-1.));
#2001=DIRECTION('',(0.,-1.,0.));
#2002=DIRECTION('',(0.,0.,-1.));
#2003=DIRECTION('',(0.,-1.,0.));
#2004=DIRECTION('',(0.,0.,-1.));
#2005=DIRECTION('',(0.,-1.,0.));
#2006=DIRECTION('',(-1.,0.,3.46944695195361E-16));
#2007=DIRECTION('',(0.,-1.,0.));
#2008=DIRECTION('',(-1.,0.,3.46944695195361E-16));
#2009=DIRECTION('',(0.,-1.,0.));
#2010=DIRECTION('',(0.,0.,-1.));
#2011=DIRECTION('',(0.,-1.,0.));
#2012=DIRECTION('',(0.,0.,-1.));
#2013=DIRECTION('',(0.,-1.,0.));
#2014=DIRECTION('',(0.,0.,-1.));
#2015=DIRECTION('',(0.,-1.,0.));
#2016=DIRECTION('',(-1.,0.,3.46944695195361E-16));
#2017=DIRECTION('',(0.,-1.,0.));
#2018=DIRECTION('',(-1.,0.,3.46944695195361E-16));
#2019=DIRECTION('',(0.,-1.,0.));
#2020=DIRECTION('',(0.,0.,-1.));
#2021=DIRECTION('',(0.,-1.,0.));
#2022=DIRECTION('',(0.,0.,-1.));
#2023=DIRECTION('',(0.,-1.,0.));
#2024=DIRECTION('',(0.,0.,-1.));
#2025=DIRECTION('',(0.,-1.,0.));
#2026=DIRECTION('',(-1.,0.,3.46944695195361E-16));
#2027=DIRECTION('',(0.,-1.,0.));
#2028=DIRECTION('',(-1.,0.,3.46944695195361E-16));
#2029=DIRECTION('',(0.,-1.,0.));
#2030=DIRECTION('',(0.,0.,-1.));
#2031=DIRECTION('',(0.,-1.,0.));
#2032=DIRECTION('',(0.,0.,-1.));
#2033=DIRECTION('',(0.,-1.,0.));
#2034=DIRECTION('',(0.,0.,-1.));
#2035=DIRECTION('',(0.,-1.,0.));
#2036=DIRECTION('',(-1.,0.,3.46944695195361E-16));
#2037=DIRECTION('',(0.,-1.,0.));
#2038=DIRECTION('',(-1.,0.,3.46944695195361E-16));
#2039=DIRECTION('',(0.,-1.,0.));
#2040=DIRECTION('',(0.,0.,-1.));
#2041=DIRECTION('',(0.,-1.,0.));
#2042=DIRECTION('',(0.,0.,-1.));
#2043=DIRECTION('',(0.,-1.,0.));
#2044=DIRECTION('',(0.,0.,-1.));
#2045=DIRECTION('',(0.,-1.,0.));
#2046=DIRECTION('',(-1.,0.,3.46944695195361E-16));
#2047=DIRECTION('',(0.,-1.,0.));
#2048=DIRECTION('',(-1.,0.,3.46944695195361E-16));
#2049=DIRECTION('',(0.,-1.,0.));
#2050=DIRECTION('',(0.,0.,-1.));
#2051=DIRECTION('',(0.,-1.,0.));
#2052=DIRECTION('',(0.,0.,-1.));
#2053=DIRECTION('',(0.,-1.,0.));
#2054=DIRECTION('',(0.,0.,-1.));
#2055=DIRECTION('',(0.,-1.,0.));
#2056=DIRECTION('',(-1.,0.,3.46944695195361E-16));
#2057=DIRECTION('',(0.,-1.,0.));
#2058=DIRECTION('',(-1.,0.,3.46944695195361E-16));
#2059=DIRECTION('',(0.,-1.,0.));
#2060=DIRECTION('',(0.,0.,-1.));
#2061=DIRECTION('',(0.,-1.,0.));
#2062=DIRECTION('',(0.,0.,-1.));
#2063=DIRECTION('',(0.,-1.,0.));
#2064=DIRECTION('',(0.,0.,-1.));
#2065=DIRECTION('',(0.,-1.,0.));
#2066=DIRECTION('',(-0.999999999999999,0.,3.46944695195361E-16));
#2067=DIRECTION('',(0.,-1.,0.));
#2068=DIRECTION('',(-0.999999999999999,0.,3.46944695195361E-16));
#2069=DIRECTION('',(0.,-1.,0.));
#2070=DIRECTION('',(0.,0.,-1.));
#2071=DIRECTION('',(0.,-1.,0.));
#2072=DIRECTION('',(0.,0.,-1.));
#2073=DIRECTION('',(0.,-1.,0.));
#2074=DIRECTION('',(0.,0.,-1.));
#2075=DIRECTION('',(0.,-1.,0.));
#2076=DIRECTION('',(-0.999999999999999,0.,3.46944695195361E-16));
#2077=DIRECTION('',(0.,-1.,0.));
#2078=DIRECTION('',(-0.999999999999999,0.,3.46944695195361E-16));
#2079=DIRECTION('',(0.,-1.,0.));
#2080=DIRECTION('',(0.,0.,-1.));
#2081=DIRECTION('',(0.,-1.,0.));
#2082=DIRECTION('',(0.,0.,-1.));
#2083=DIRECTION('',(0.,-1.,0.));
#2084=DIRECTION('',(0.,0.,-1.));
#2085=DIRECTION('',(0.,-1.,0.));
#2086=DIRECTION('',(-1.,0.,3.46944695195361E-16));
#2087=DIRECTION('',(0.,-1.,0.));
#2088=DIRECTION('',(-1.,0.,3.46944695195361E-16));
#2089=DIRECTION('',(0.,-1.,0.));
#2090=DIRECTION('',(0.,0.,-1.));
#2091=DIRECTION('',(0.,-1.,0.));
#2092=DIRECTION('',(0.,0.,-1.));
#2093=DIRECTION('',(0.,-1.,0.));
#2094=DIRECTION('',(0.,0.,-1.));
#2095=DIRECTION('',(0.,-1.,0.));
#2096=DIRECTION('',(-1.,0.,3.46944695195361E-16));
#2097=DIRECTION('',(0.,-1.,0.));
#2098=DIRECTION('',(-1.,0.,3.46944695195361E-16));
#2099=DIRECTION('',(0.,-1.,0.));
#2100=DIRECTION('',(0.,0.,-1.));
#2101=DIRECTION('',(0.,-1.,0.));
#2102=DIRECTION('',(0.,0.,-1.));
#2103=DIRECTION('',(0.,-1.,0.));
#2104=DIRECTION('',(0.,0.,-1.));
#2105=DIRECTION('',(0.,-1.,0.));
#2106=DIRECTION('',(-1.,0.,3.46944695195361E-16));
#2107=DIRECTION('',(0.,-1.,0.));
#2108=DIRECTION('',(-1.,0.,3.46944695195361E-16));
#2109=DIRECTION('',(0.,-1.,0.));
#2110=DIRECTION('',(0.,0.,-1.));
#2111=DIRECTION('',(0.,-1.,0.));
#2112=DIRECTION('',(0.,0.,-1.));
#2113=DIRECTION('',(0.,-1.,0.));
#2114=DIRECTION('',(0.,0.,-1.));
#2115=DIRECTION('',(0.,-1.,0.));
#2116=DIRECTION('',(-0.999999999999999,0.,3.46944695195361E-16));
#2117=DIRECTION('',(0.,-1.,0.));
#2118=DIRECTION('',(-0.999999999999999,0.,3.46944695195361E-16));
#2119=DIRECTION('',(0.,-1.,0.));
#2120=DIRECTION('',(0.,0.,-1.));
#2121=DIRECTION('',(0.,-1.,0.));
#2122=DIRECTION('',(0.,0.,-1.));
#2123=DIRECTION('',(0.,-1.,0.));
#2124=DIRECTION('',(0.,0.,-1.));
#2125=DIRECTION('',(0.,-1.,0.));
#2126=DIRECTION('',(-0.999999999999999,0.,3.46944695195361E-16));
#2127=DIRECTION('',(0.,-1.,0.));
#2128=DIRECTION('',(-0.999999999999999,0.,3.46944695195361E-16));
#2129=DIRECTION('',(0.,-1.,0.));
#2130=DIRECTION('',(0.,0.,-1.));
#2131=DIRECTION('',(0.,-1.,0.));
#2132=DIRECTION('',(0.,0.,-1.));
#2133=DIRECTION('',(0.,-1.,0.));
#2134=DIRECTION('',(0.,0.,-1.));
#2135=DIRECTION('',(0.,-1.,0.));
#2136=DIRECTION('',(-1.,0.,3.46944695195361E-16));
#2137=DIRECTION('',(0.,-1.,0.));
#2138=DIRECTION('',(-1.,0.,3.46944695195361E-16));
#2139=DIRECTION('',(0.,-1.,0.));
#2140=DIRECTION('',(0.,0.,-1.));
#2141=DIRECTION('',(0.,-1.,0.));
#2142=DIRECTION('',(0.,0.,-1.));
#2143=DIRECTION('',(0.,-1.,0.));
#2144=DIRECTION('',(0.,0.,-1.));
#2145=DIRECTION('',(0.,-1.,0.));
#2146=DIRECTION('',(-1.,0.,3.46944695195361E-16));
#2147=DIRECTION('',(0.,-1.,0.));
#2148=DIRECTION('',(-1.,0.,3.46944695195361E-16));
#2149=DIRECTION('',(0.,-1.,0.));
#2150=DIRECTION('',(0.,0.,-1.));
#2151=DIRECTION('',(0.,-1.,0.));
#2152=DIRECTION('',(0.,0.,-1.));
#2153=DIRECTION('',(0.,-1.,0.));
#2154=DIRECTION('',(0.,0.,-1.));
#2155=DIRECTION('',(0.,-1.,0.));
#2156=DIRECTION('',(-1.,0.,3.46944695195361E-16));
#2157=DIRECTION('',(0.,-1.,0.));
#2158=DIRECTION('',(-1.,0.,3.46944695195361E-16));
#2159=DIRECTION('',(0.,-1.,0.));
#2160=DIRECTION('',(0.,0.,-1.));
#2161=DIRECTION('',(0.,-1.,0.));
#2162=DIRECTION('',(0.,0.,-1.));
#2163=DIRECTION('',(0.,-1.,0.));
#2164=DIRECTION('',(0.,0.,-1.));
#2165=DIRECTION('',(0.,-1.,0.));
#2166=DIRECTION('',(-1.,0.,3.46944695195361E-16));
#2167=DIRECTION('',(0.,-1.,0.));
#2168=DIRECTION('',(-1.,0.,3.46944695195361E-16));
#2169=DIRECTION('',(0.,-1.,0.));
#2170=DIRECTION('',(0.,0.,-1.));
#2171=DIRECTION('',(0.,-1.,0.));
#2172=DIRECTION('',(0.,0.,-1.));
#2173=DIRECTION('',(0.,-1.,0.));
#2174=DIRECTION('',(0.,0.,-1.));
#2175=DIRECTION('',(0.,-1.,0.));
#2176=DIRECTION('',(-1.,0.,3.46944695195361E-16));
#2177=DIRECTION('',(0.,-1.,0.));
#2178=DIRECTION('',(-1.,0.,3.46944695195361E-16));
#2179=DIRECTION('',(0.,-1.,0.));
#2180=DIRECTION('',(0.,0.,-1.));
#2181=DIRECTION('',(0.,-1.,0.));
#2182=DIRECTION('',(0.,0.,-1.));
#2183=DIRECTION('',(0.,-1.,0.));
#2184=DIRECTION('',(0.,0.,-1.));
#2185=DIRECTION('',(0.,-1.,0.));
#2186=DIRECTION('',(-1.,0.,3.46944695195361E-16));
#2187=DIRECTION('',(0.,-1.,0.));
#2188=DIRECTION('',(-1.,0.,3.46944695195361E-16));
#2189=DIRECTION('',(0.,-1.,0.));
#2190=DIRECTION('',(0.,0.,-1.));
#2191=DIRECTION('',(0.,-1.,0.));
#2192=DIRECTION('',(0.,0.,-1.));
#2193=DIRECTION('',(0.,-1.,0.));
#2194=DIRECTION('',(0.,0.,-1.));
#2195=DIRECTION('',(0.,-1.,0.));
#2196=DIRECTION('',(-1.,0.,3.46944695195361E-16));
#2197=DIRECTION('',(0.,-1.,0.));
#2198=DIRECTION('',(-1.,0.,3.46944695195361E-16));
#2199=DIRECTION('',(0.,-1.,0.));
#2200=DIRECTION('',(0.,0.,-1.));
#2201=DIRECTION('',(0.,-1.,0.));
#2202=DIRECTION('',(0.,0.,-1.));
#2203=DIRECTION('',(0.,-1.,0.));
#2204=DIRECTION('',(0.,0.,-1.));
#2205=DIRECTION('',(0.,-1.,0.));
#2206=DIRECTION('',(-1.,0.,3.46944695195361E-16));
#2207=DIRECTION('',(0.,-1.,0.));
#2208=DIRECTION('',(-1.,0.,3.46944695195361E-16));
#2209=DIRECTION('',(0.,-1.,0.));
#2210=DIRECTION('',(0.,0.,-1.));
#2211=DIRECTION('',(0.,-1.,0.));
#2212=DIRECTION('',(0.,0.,-1.));
#2213=DIRECTION('',(0.,-1.,0.));
#2214=DIRECTION('',(0.,0.,-1.));
#2215=DIRECTION('',(0.,-1.,0.));
#2216=DIRECTION('',(0.,-1.,0.));
#2217=DIRECTION('',(-1.,0.,3.46944695195361E-16));
#2218=DIRECTION('',(0.,1.,0.));
#2219=DIRECTION('',(0.,-1.,0.));
#2220=DIRECTION('',(-1.,0.,3.46944695195361E-16));
#2221=DIRECTION('',(0.,-1.,0.));
#2222=DIRECTION('',(0.,0.,-1.));
#2223=DIRECTION('',(0.,0.,-1.));
#2224=DIRECTION('',(0.,-1.,0.));
#2225=DIRECTION('',(0.,0.,-1.));
#2226=DIRECTION('',(0.,0.,1.));
#2227=DIRECTION('',(0.,-1.,0.));
#2228=DIRECTION('',(0.,0.,-1.));
#2229=DIRECTION('',(1.,0.,0.));
#2230=DIRECTION('',(0.,0.,-1.));
#2231=CARTESIAN_POINT('',(0.,0.,0.));
#2232=CARTESIAN_POINT('',(200.,0.,0.));
#2233=CARTESIAN_POINT('',(199.999999999999,0.,0.));
#2234=CARTESIAN_POINT('',(199.999999999997,0.,-750.));
#2235=CARTESIAN_POINT('',(200.,-100.,0.));
#2236=CARTESIAN_POINT('',(200.,-100.,0.));
#2237=CARTESIAN_POINT('',(200.,-100.,0.));
#2238=CARTESIAN_POINT('',(199.999999999997,-100.,-750.));
#2239=CARTESIAN_POINT('',(199.999999999997,-100.,-750.));
#2240=CARTESIAN_POINT('',(200.,-100.,0.));
#2241=CARTESIAN_POINT('',(199.999999999997,0.,-750.));
#2242=CARTESIAN_POINT('',(-200.,0.,-749.999999999999));
#2243=CARTESIAN_POINT('',(199.999999999997,-100.,-750.));
#2244=CARTESIAN_POINT('',(-200.,-100.,-749.999999999999));
#2245=CARTESIAN_POINT('',(-200.,-100.,-749.999999999999));
#2246=CARTESIAN_POINT('',(199.999999999997,-100.,-750.));
#2247=CARTESIAN_POINT('',(0.,-100.,0.));
#2248=CARTESIAN_POINT('',(450.,-100.,1.38777878078145E-14));
#2249=CARTESIAN_POINT('',(450.,-100.,15.));
#2250=CARTESIAN_POINT('',(450.,-100.,30.));
#2251=CARTESIAN_POINT('',(450.,-100.,30.));
#2252=CARTESIAN_POINT('',(-400.,-100.,30.0000000000016));
#2253=CARTESIAN_POINT('',(-400.,-100.,15.));
#2254=CARTESIAN_POINT('',(-400.,-100.,0.));
#2255=CARTESIAN_POINT('',(0.,-100.,0.));
#2256=CARTESIAN_POINT('',(-200.,-100.,7.84021543708942E-13));
#2257=CARTESIAN_POINT('',(-200.,-100.,7.84021543708941E-13));
#2258=CARTESIAN_POINT('',(0.,-100.,0.));
#2259=CARTESIAN_POINT('',(-200.,0.,7.84021543708941E-13));
#2260=CARTESIAN_POINT('',(-200.,0.,7.84021543708941E-13));
#2261=CARTESIAN_POINT('',(0.,0.,0.));
#2262=CARTESIAN_POINT('',(-400.,0.,1.56804308741788E-12));
#2263=CARTESIAN_POINT('',(-400.,0.,15.));
#2264=CARTESIAN_POINT('',(-400.,0.,30.0000000000016));
#2265=CARTESIAN_POINT('',(450.,0.,30.));
#2266=CARTESIAN_POINT('',(450.,0.,30.));
#2267=CARTESIAN_POINT('',(450.,0.,15.));
#2268=CARTESIAN_POINT('',(450.,0.,0.));
#2269=CARTESIAN_POINT('',(0.,0.,0.));
#2270=CARTESIAN_POINT('',(0.,0.,0.));
#2271=CARTESIAN_POINT('',(450.,-100.,0.));
#2272=CARTESIAN_POINT('',(450.,-0.3,1.73472347597681E-15));
#2273=CARTESIAN_POINT('',(450.,-100.,0.));
#2274=CARTESIAN_POINT('',(450.,-99.7,0.));
#2275=CARTESIAN_POINT('',(450.,-100.,0.));
#2276=CARTESIAN_POINT('',(0.,-100.,0.));
#2277=CARTESIAN_POINT('',(450.,-100.,30.));
#2278=CARTESIAN_POINT('',(450.,-99.7,30.));
#2279=CARTESIAN_POINT('',(450.,-95.,30.));
#2280=CARTESIAN_POINT('',(-2.8421709430404E-13,-94.9999999999995,30.));
#2281=CARTESIAN_POINT('',(-400.,-94.9999999999999,30.0000000000018));
#2282=CARTESIAN_POINT('',(-400.,-100.,30.0000000000016));
#2283=CARTESIAN_POINT('',(450.,-100.,30.));
#2284=CARTESIAN_POINT('',(450.,-100.,30.));
#2285=CARTESIAN_POINT('',(450.,-99.7,15.));
#2286=CARTESIAN_POINT('',(450.,-0.3,15.));
#2287=CARTESIAN_POINT('',(450.,-0.3,30.));
#2288=CARTESIAN_POINT('',(450.,-100.,30.));
#2289=CARTESIAN_POINT('',(450.,-5.,30.));
#2290=CARTESIAN_POINT('',(450.,-95.,30.));
#2291=CARTESIAN_POINT('',(450.,-100.,15.));
#2292=CARTESIAN_POINT('',(-400.,-100.,30.0000000000016));
#2293=CARTESIAN_POINT('',(-400.,-4.99999999999994,30.0000000000018));
#2294=CARTESIAN_POINT('',(450.,-5.,30.));
#2295=CARTESIAN_POINT('',(450.,-100.,30.));
#2296=CARTESIAN_POINT('',(450.,-100.,30.));
#2297=CARTESIAN_POINT('',(450.,-0.3,15.));
#2298=CARTESIAN_POINT('',(450.,-0.3,15.));
#2299=CARTESIAN_POINT('',(450.,-0.3,15.));
#2300=CARTESIAN_POINT('',(450.,-99.7,15.));
#2301=CARTESIAN_POINT('',(450.,-99.7,15.));
#2302=CARTESIAN_POINT('',(450.,-99.7,15.));
#2303=CARTESIAN_POINT('',(450.,-95.,10.));
#2304=CARTESIAN_POINT('',(450.,-95.,10.));
#2305=CARTESIAN_POINT('',(-2.8421709430404E-13,-94.9999999999995,10.));
#2306=CARTESIAN_POINT('',(-400.,-94.9999999999999,10.0000000000016));
#2307=CARTESIAN_POINT('',(-400.,-94.9999999999999,10.0000000000018));
#2308=CARTESIAN_POINT('',(-2.8421709430404E-13,-94.9999999999995,10.));
#2309=CARTESIAN_POINT('',(450.,-5.,10.));
#2310=CARTESIAN_POINT('',(450.,-5.,10.));
#2311=CARTESIAN_POINT('',(450.,-95.,10.));
#2312=CARTESIAN_POINT('',(450.,-95.,10.));
#2313=CARTESIAN_POINT('',(-400.,-4.99999999999994,10.));
#2314=CARTESIAN_POINT('',(-400.,-4.99999999999948,10.0000000000016));
#2315=CARTESIAN_POINT('',(450.,-5.,10.));
#2316=CARTESIAN_POINT('',(450.,-5.,10.));
#2317=CARTESIAN_POINT('',(-400.,0.,10.0000000000016));
#2318=CARTESIAN_POINT('',(0.,0.,10.));
#2319=CARTESIAN_POINT('',(-200.,-100.,7.84021543708941E-13));
#2320=CARTESIAN_POINT('',(-200.,-100.,7.84021543708941E-13));
#2321=CARTESIAN_POINT('',(-400.,-100.,1.56804308741788E-12));
#2322=CARTESIAN_POINT('',(0.,-100.,0.));
#2323=CARTESIAN_POINT('',(-400.,0.,0.));
#2324=CARTESIAN_POINT('',(435.,-5.,19.9999999999983));
#2325=CARTESIAN_POINT('',(425.,-5.,19.9999999999983));
#2326=CARTESIAN_POINT('',(435.,-95.,19.9999999999983));
#2327=CARTESIAN_POINT('',(425.,-95.,19.9999999999983));
#2328=CARTESIAN_POINT('',(435.,-5.,19.9999999999983));
#2329=CARTESIAN_POINT('',(435.,-5.,19.9999999999983));
#2330=CARTESIAN_POINT('',(435.,-95.,19.9999999999983));
#2331=CARTESIAN_POINT('',(400.,-5.,19.9999999999983));
#2332=CARTESIAN_POINT('',(390.,-5.,19.9999999999983));
#2333=CARTESIAN_POINT('',(400.,-95.,19.9999999999983));
#2334=CARTESIAN_POINT('',(390.,-95.,19.9999999999983));
#2335=CARTESIAN_POINT('',(400.,-5.,19.9999999999983));
#2336=CARTESIAN_POINT('',(400.,-5.,19.9999999999983));
#2337=CARTESIAN_POINT('',(400.,-95.,19.9999999999983));
#2338=CARTESIAN_POINT('',(365.,-5.,19.9999999999983));
#2339=CARTESIAN_POINT('',(355.,-5.,19.9999999999983));
#2340=CARTESIAN_POINT('',(365.,-95.,19.9999999999983));
#2341=CARTESIAN_POINT('',(355.,-95.,19.9999999999983));
#2342=CARTESIAN_POINT('',(365.,-5.,19.9999999999983));
#2343=CARTESIAN_POINT('',(365.,-5.,19.9999999999983));
#2344=CARTESIAN_POINT('',(365.,-95.,19.9999999999983));
#2345=CARTESIAN_POINT('',(330.,-5.,19.9999999999983));
#2346=CARTESIAN_POINT('',(320.,-5.,19.9999999999983));
#2347=CARTESIAN_POINT('',(330.,-95.,19.9999999999983));
#2348=CARTESIAN_POINT('',(320.,-95.,19.9999999999983));
#2349=CARTESIAN_POINT('',(330.,-5.,19.9999999999983));
#2350=CARTESIAN_POINT('',(330.,-5.,19.9999999999983));
#2351=CARTESIAN_POINT('',(330.,-95.,19.9999999999983));
#2352=CARTESIAN_POINT('',(295.,-5.,19.9999999999983));
#2353=CARTESIAN_POINT('',(285.,-5.,19.9999999999983));
#2354=CARTESIAN_POINT('',(295.,-95.,19.9999999999983));
#2355=CARTESIAN_POINT('',(285.,-95.,19.9999999999983));
#2356=CARTESIAN_POINT('',(295.,-5.,19.9999999999983));
#2357=CARTESIAN_POINT('',(295.,-5.,19.9999999999983));
#2358=CARTESIAN_POINT('',(295.,-95.,19.9999999999983));
#2359=CARTESIAN_POINT('',(260.,-5.,19.9999999999983));
#2360=CARTESIAN_POINT('',(250.,-5.,19.9999999999983));
#2361=CARTESIAN_POINT('',(260.,-95.,19.9999999999983));
#2362=CARTESIAN_POINT('',(250.,-95.,19.9999999999983));
#2363=CARTESIAN_POINT('',(260.,-5.,19.9999999999983));
#2364=CARTESIAN_POINT('',(260.,-5.,19.9999999999983));
#2365=CARTESIAN_POINT('',(260.,-95.,19.9999999999983));
#2366=CARTESIAN_POINT('',(225.,-5.,19.9999999999983));
#2367=CARTESIAN_POINT('',(215.,-5.,19.9999999999983));
#2368=CARTESIAN_POINT('',(225.,-95.,19.9999999999983));
#2369=CARTESIAN_POINT('',(215.,-95.,19.9999999999983));
#2370=CARTESIAN_POINT('',(225.,-5.,19.9999999999983));
#2371=CARTESIAN_POINT('',(225.,-5.,19.9999999999983));
#2372=CARTESIAN_POINT('',(225.,-95.,19.9999999999983));
#2373=CARTESIAN_POINT('',(190.,-5.,19.9999999999983));
#2374=CARTESIAN_POINT('',(180.,-5.,19.9999999999983));
#2375=CARTESIAN_POINT('',(190.,-95.,19.9999999999983));
#2376=CARTESIAN_POINT('',(180.,-95.,19.9999999999983));
#2377=CARTESIAN_POINT('',(190.,-5.,19.9999999999983));
#2378=CARTESIAN_POINT('',(190.,-5.,19.9999999999983));
#2379=CARTESIAN_POINT('',(190.,-95.,19.9999999999983));
#2380=CARTESIAN_POINT('',(155.,-5.,19.9999999999983));
#2381=CARTESIAN_POINT('',(145.,-5.,19.9999999999983));
#2382=CARTESIAN_POINT('',(155.,-95.,19.9999999999983));
#2383=CARTESIAN_POINT('',(145.,-95.,19.9999999999983));
#2384=CARTESIAN_POINT('',(155.,-5.,19.9999999999983));
#2385=CARTESIAN_POINT('',(155.,-5.,19.9999999999983));
#2386=CARTESIAN_POINT('',(155.,-95.,19.9999999999983));
#2387=CARTESIAN_POINT('',(120.,-5.,19.9999999999983));
#2388=CARTESIAN_POINT('',(110.,-5.,19.9999999999983));
#2389=CARTESIAN_POINT('',(120.,-95.,19.9999999999983));
#2390=CARTESIAN_POINT('',(110.,-95.,19.9999999999983));
#2391=CARTESIAN_POINT('',(120.,-5.,19.9999999999983));
#2392=CARTESIAN_POINT('',(120.,-5.,19.9999999999983));
#2393=CARTESIAN_POINT('',(120.,-95.,19.9999999999983));
#2394=CARTESIAN_POINT('',(84.9999999999998,-5.,19.9999999999983));
#2395=CARTESIAN_POINT('',(74.9999999999998,-5.,19.9999999999983));
#2396=CARTESIAN_POINT('',(84.9999999999998,-95.,19.9999999999983));
#2397=CARTESIAN_POINT('',(74.9999999999998,-95.,19.9999999999983));
#2398=CARTESIAN_POINT('',(84.9999999999998,-5.,19.9999999999983));
#2399=CARTESIAN_POINT('',(84.9999999999998,-5.,19.9999999999983));
#2400=CARTESIAN_POINT('',(84.9999999999998,-95.,19.9999999999983));
#2401=CARTESIAN_POINT('',(49.9999999999998,-5.,19.9999999999983));
#2402=CARTESIAN_POINT('',(39.9999999999998,-5.,19.9999999999983));
#2403=CARTESIAN_POINT('',(49.9999999999998,-95.,19.9999999999983));
#2404=CARTESIAN_POINT('',(39.9999999999998,-95.,19.9999999999983));
#2405=CARTESIAN_POINT('',(49.9999999999998,-5.,19.9999999999983));
#2406=CARTESIAN_POINT('',(49.9999999999998,-5.,19.9999999999983));
#2407=CARTESIAN_POINT('',(49.9999999999998,-95.,19.9999999999983));
#2408=CARTESIAN_POINT('',(14.9999999999998,-5.,19.9999999999983));
#2409=CARTESIAN_POINT('',(4.99999999999985,-5.,19.9999999999983));
#2410=CARTESIAN_POINT('',(14.9999999999998,-95.,19.9999999999983));
#2411=CARTESIAN_POINT('',(4.99999999999985,-95.,19.9999999999983));
#2412=CARTESIAN_POINT('',(14.9999999999998,-5.,19.9999999999983));
#2413=CARTESIAN_POINT('',(14.9999999999998,-5.,19.9999999999983));
#2414=CARTESIAN_POINT('',(14.9999999999998,-95.,19.9999999999983));
#2415=CARTESIAN_POINT('',(-20.0000000000002,-5.,19.9999999999983));
#2416=CARTESIAN_POINT('',(-30.0000000000002,-5.,19.9999999999983));
#2417=CARTESIAN_POINT('',(-20.0000000000002,-95.,19.9999999999983));
#2418=CARTESIAN_POINT('',(-30.0000000000002,-95.,19.9999999999983));
#2419=CARTESIAN_POINT('',(-20.0000000000002,-5.,19.9999999999983));
#2420=CARTESIAN_POINT('',(-20.0000000000002,-5.,19.9999999999983));
#2421=CARTESIAN_POINT('',(-20.0000000000002,-95.,19.9999999999983));
#2422=CARTESIAN_POINT('',(-55.0000000000002,-5.,19.9999999999983));
#2423=CARTESIAN_POINT('',(-65.0000000000002,-5.,19.9999999999983));
#2424=CARTESIAN_POINT('',(-55.0000000000002,-95.,19.9999999999983));
#2425=CARTESIAN_POINT('',(-65.0000000000002,-95.,19.9999999999983));
#2426=CARTESIAN_POINT('',(-55.0000000000002,-5.,19.9999999999983));
#2427=CARTESIAN_POINT('',(-55.0000000000002,-5.,19.9999999999983));
#2428=CARTESIAN_POINT('',(-55.0000000000002,-95.,19.9999999999983));
#2429=CARTESIAN_POINT('',(-90.0000000000002,-5.,19.9999999999983));
#2430=CARTESIAN_POINT('',(-100.,-5.,19.9999999999983));
#2431=CARTESIAN_POINT('',(-90.0000000000002,-95.,19.9999999999983));
#2432=CARTESIAN_POINT('',(-100.,-95.,19.9999999999983));
#2433=CARTESIAN_POINT('',(-90.0000000000002,-5.,19.9999999999983));
#2434=CARTESIAN_POINT('',(-90.0000000000002,-5.,19.9999999999983));
#2435=CARTESIAN_POINT('',(-90.0000000000002,-95.,19.9999999999983));
#2436=CARTESIAN_POINT('',(-125.,-5.,19.9999999999983));
#2437=CARTESIAN_POINT('',(-135.,-5.,19.9999999999983));
#2438=CARTESIAN_POINT('',(-125.,-95.,19.9999999999983));
#2439=CARTESIAN_POINT('',(-135.,-95.,19.9999999999983));
#2440=CARTESIAN_POINT('',(-125.,-5.,19.9999999999983));
#2441=CARTESIAN_POINT('',(-125.,-5.,19.9999999999983));
#2442=CARTESIAN_POINT('',(-125.,-95.,19.9999999999983));
#2443=CARTESIAN_POINT('',(-160.,-5.,19.9999999999983));
#2444=CARTESIAN_POINT('',(-170.,-5.,19.9999999999983));
#2445=CARTESIAN_POINT('',(-160.,-95.,19.9999999999983));
#2446=CARTESIAN_POINT('',(-170.,-95.,19.9999999999983));
#2447=CARTESIAN_POINT('',(-160.,-5.,19.9999999999983));
#2448=CARTESIAN_POINT('',(-160.,-5.,19.9999999999983));
#2449=CARTESIAN_POINT('',(-160.,-95.,19.9999999999983));
#2450=CARTESIAN_POINT('',(-195.,-5.,19.9999999999983));
#2451=CARTESIAN_POINT('',(-205.,-5.,19.9999999999983));
#2452=CARTESIAN_POINT('',(-195.,-95.,19.9999999999983));
#2453=CARTESIAN_POINT('',(-205.,-95.,19.9999999999983));
#2454=CARTESIAN_POINT('',(-195.,-5.,19.9999999999983));
#2455=CARTESIAN_POINT('',(-195.,-5.,19.9999999999983));
#2456=CARTESIAN_POINT('',(-195.,-95.,19.9999999999983));
#2457=CARTESIAN_POINT('',(-230.,-5.,19.9999999999983));
#2458=CARTESIAN_POINT('',(-240.,-5.,19.9999999999983));
#2459=CARTESIAN_POINT('',(-230.,-95.,19.9999999999983));
#2460=CARTESIAN_POINT('',(-240.,-95.,19.9999999999983));
#2461=CARTESIAN_POINT('',(-230.,-5.,19.9999999999983));
#2462=CARTESIAN_POINT('',(-230.,-5.,19.9999999999983));
#2463=CARTESIAN_POINT('',(-230.,-95.,19.9999999999983));
#2464=CARTESIAN_POINT('',(-265.,-5.,19.9999999999983));
#2465=CARTESIAN_POINT('',(-275.,-5.,19.9999999999983));
#2466=CARTESIAN_POINT('',(-265.,-95.,19.9999999999983));
#2467=CARTESIAN_POINT('',(-275.,-95.,19.9999999999983));
#2468=CARTESIAN_POINT('',(-265.,-5.,19.9999999999983));
#2469=CARTESIAN_POINT('',(-265.,-5.,19.9999999999983));
#2470=CARTESIAN_POINT('',(-265.,-95.,19.9999999999983));
#2471=CARTESIAN_POINT('',(-300.,-5.,19.9999999999983));
#2472=CARTESIAN_POINT('',(-310.,-5.,19.9999999999983));
#2473=CARTESIAN_POINT('',(-300.,-95.,19.9999999999983));
#2474=CARTESIAN_POINT('',(-310.,-95.,19.9999999999983));
#2475=CARTESIAN_POINT('',(-300.,-5.,19.9999999999983));
#2476=CARTESIAN_POINT('',(-300.,-5.,19.9999999999983));
#2477=CARTESIAN_POINT('',(-300.,-95.,19.9999999999983));
#2478=CARTESIAN_POINT('',(-335.,-5.,19.9999999999983));
#2479=CARTESIAN_POINT('',(-345.,-5.,19.9999999999983));
#2480=CARTESIAN_POINT('',(-335.,-95.,19.9999999999983));
#2481=CARTESIAN_POINT('',(-345.,-95.,19.9999999999983));
#2482=CARTESIAN_POINT('',(-335.,-5.,19.9999999999983));
#2483=CARTESIAN_POINT('',(-335.,-5.,19.9999999999983));
#2484=CARTESIAN_POINT('',(-335.,-95.,19.9999999999983));
#2485=CARTESIAN_POINT('',(-370.,-5.,19.9999999999983));
#2486=CARTESIAN_POINT('',(-380.,-5.,19.9999999999983));
#2487=CARTESIAN_POINT('',(-370.,-95.,19.9999999999983));
#2488=CARTESIAN_POINT('',(-380.,-95.,19.9999999999983));
#2489=CARTESIAN_POINT('',(-370.,-5.,19.9999999999983));
#2490=CARTESIAN_POINT('',(-370.,-5.,19.9999999999983));
#2491=CARTESIAN_POINT('',(-370.,-95.,19.9999999999983));
#2492=CARTESIAN_POINT('',(-400.,-5.,28.6602540378426));
#2493=CARTESIAN_POINT('',(-400.,-5.,28.6602540378426));
#2494=CARTESIAN_POINT('',(-400.,-95.,28.6602540378426));
#2495=CARTESIAN_POINT('',(-405.,-95.,19.9999999999983));
#2496=CARTESIAN_POINT('',(-400.,-95.,11.339745962154));
#2497=CARTESIAN_POINT('',(-400.,-5.,11.339745962154));
#2498=CARTESIAN_POINT('',(-400.,-5.,11.339745962154));
#2499=CARTESIAN_POINT('',(-405.,-5.,19.9999999999983));
#2500=CARTESIAN_POINT('',(-405.,-5.,19.9999999999983));
#2501=CARTESIAN_POINT('',(-400.,-5.,19.9999999999983));
#2502=CARTESIAN_POINT('',(-405.,-5.,19.9999999999983));
#2503=CARTESIAN_POINT('',(-400.,-95.,19.9999999999983));
#2504=CARTESIAN_POINT('',(-405.,-95.,19.9999999999983));
#2505=CARTESIAN_POINT('',(-400.,0.,0.));
#2506=MECHANICAL_DESIGN_GEOMETRIC_PRESENTATION_REPRESENTATION('',(#147,
#148,#23,#24,#25,#149,#26,#27,#28,#150,#29,#30,#31,#151,#32,#33,#34,#152,
#35,#36,#37,#153,#38,#39,#40,#154,#41,#42,#43,#155,#44,#45,#46,#156,#47,
#48,#49,#157,#50,#51,#52,#158,#53,#54,#55,#159,#56,#57,#58,#160,#59,#60,
#61,#161,#62,#63,#64,#162,#65,#66,#67,#163,#68,#69,#70,#164,#71,#72,#73,
#165,#74,#75,#76,#166,#77,#78,#79,#167,#80,#81,#82,#168,#83,#84,#85,#169,
#86,#87,#88,#170,#89,#90,#91,#171,#92,#93,#94,#172,#95,#96,#97),#2507);
#2507=(
GEOMETRIC_REPRESENTATION_CONTEXT(3)
GLOBAL_UNCERTAINTY_ASSIGNED_CONTEXT((#2508))
GLOBAL_UNIT_ASSIGNED_CONTEXT((#2514,#2510,#2509))
REPRESENTATION_CONTEXT('conveyor','TOP_LEVEL_ASSEMBLY_PART')
);
#2508=UNCERTAINTY_MEASURE_WITH_UNIT(LENGTH_MEASURE(2.E-5),#2514,
'DISTANCE_ACCURACY_VALUE','Maximum Tolerance applied to model');
#2509=(
NAMED_UNIT(*)
SI_UNIT($,.STERADIAN.)
SOLID_ANGLE_UNIT()
);
#2510=(
CONVERSION_BASED_UNIT('DEGREE',#2512)
NAMED_UNIT(#2511)
PLANE_ANGLE_UNIT()
);
#2511=DIMENSIONAL_EXPONENTS(0.,0.,0.,0.,0.,0.,0.);
#2512=PLANE_ANGLE_MEASURE_WITH_UNIT(PLANE_ANGLE_MEASURE(0.0174532925),#2513);
#2513=(
NAMED_UNIT(*)
PLANE_ANGLE_UNIT()
SI_UNIT($,.RADIAN.)
);
#2514=(
LENGTH_UNIT()
NAMED_UNIT(*)
SI_UNIT(.MILLI.,.METRE.)
);
ENDSEC;
END-ISO-10303-21;
