ISO-10303-21;
HEADER;
/* Generated by software containing ST-Developer
 * from STEP Tools, Inc. (www.steptools.com) 
 */
/* OPTION: using custom schema-name function */

FILE_DESCRIPTION(
/* description */ (''),
/* implementation_level */ '2;1');

FILE_NAME(
/* name */ 'L.stp',
/* time_stamp */ '2026-06-08T00:01:42+02:00',
/* author */ (''),
/* organization */ (''),
/* preprocessor_version */ 'ST-DEVELOPER v19.3',
/* originating_system */ 'SIEMENS PLM Software NX2212.5000',
/* authorisation */ '');

FILE_SCHEMA (('AUTOMOTIVE_DESIGN { 1 0 10303 214 3 1 1 1 }'));
ENDSEC;

DATA;
#10=SHAPE_REPRESENTATION_RELATIONSHIP('None',
'relationship between L-None and L-None',#22,#11);
#11=ADVANCED_BREP_SHAPE_REPRESENTATION('L-None',(#2105,#2106,#2107,#2108,
#2109,#2110,#2111,#2112,#2113,#2114,#2115,#2116,#2117,#2118,#2119,#2120,
#2121,#2122,#2123,#2124,#2125,#2126,#2127),#9481);
#12=SHAPE_DEFINITION_REPRESENTATION(#13,#22);
#13=PRODUCT_DEFINITION_SHAPE('','',#14);
#14=PRODUCT_DEFINITION(' ','',#16,#15);
#15=PRODUCT_DEFINITION_CONTEXT('part definition',#21,'design');
#16=PRODUCT_DEFINITION_FORMATION_WITH_SPECIFIED_SOURCE(' ',' ',#18,
 .NOT_KNOWN.);
#17=PRODUCT_RELATED_PRODUCT_CATEGORY('part','',(#18));
#18=PRODUCT('L','L',' ',(#19));
#19=PRODUCT_CONTEXT(' ',#21,'mechanical');
#20=APPLICATION_PROTOCOL_DEFINITION('international standard',
'automotive_design',2010,#21);
#21=APPLICATION_CONTEXT(
'core data for automotive mechanical design processes');
#22=SHAPE_REPRESENTATION('L-None',(#5498),#9481);
#23=SURFACE_OF_LINEAR_EXTRUSION('',#243,#5250);
#24=SURFACE_OF_LINEAR_EXTRUSION('',#245,#5252);
#25=SURFACE_OF_LINEAR_EXTRUSION('',#247,#5254);
#26=SURFACE_OF_LINEAR_EXTRUSION('',#249,#5256);
#27=SURFACE_OF_LINEAR_EXTRUSION('',#252,#5259);
#28=SURFACE_OF_LINEAR_EXTRUSION('',#254,#5261);
#29=SURFACE_OF_LINEAR_EXTRUSION('',#256,#5263);
#30=SURFACE_OF_LINEAR_EXTRUSION('',#259,#5266);
#31=SURFACE_OF_LINEAR_EXTRUSION('',#262,#5269);
#32=SURFACE_OF_LINEAR_EXTRUSION('',#264,#5271);
#33=SURFACE_OF_LINEAR_EXTRUSION('',#266,#5273);
#34=SURFACE_OF_LINEAR_EXTRUSION('',#268,#5274);
#35=SURFACE_OF_LINEAR_EXTRUSION('',#270,#5277);
#36=SURFACE_OF_LINEAR_EXTRUSION('',#272,#5279);
#37=SURFACE_OF_LINEAR_EXTRUSION('',#274,#5281);
#38=SURFACE_OF_LINEAR_EXTRUSION('',#277,#5284);
#39=SURFACE_OF_LINEAR_EXTRUSION('',#279,#5286);
#40=SURFACE_OF_LINEAR_EXTRUSION('',#283,#5289);
#41=SURFACE_OF_LINEAR_EXTRUSION('',#286,#5291);
#42=SURFACE_OF_LINEAR_EXTRUSION('',#289,#5295);
#43=SURFACE_OF_LINEAR_EXTRUSION('',#292,#5298);
#44=SURFACE_OF_LINEAR_EXTRUSION('',#294,#5300);
#45=SURFACE_OF_LINEAR_EXTRUSION('',#296,#5302);
#46=SURFACE_OF_LINEAR_EXTRUSION('',#298,#5304);
#47=SURFACE_OF_LINEAR_EXTRUSION('',#300,#5306);
#48=SURFACE_OF_LINEAR_EXTRUSION('',#303,#5309);
#49=SURFACE_OF_LINEAR_EXTRUSION('',#305,#5311);
#50=SURFACE_OF_LINEAR_EXTRUSION('',#307,#5312);
#51=SURFACE_OF_LINEAR_EXTRUSION('',#310,#5313);
#52=SURFACE_OF_LINEAR_EXTRUSION('',#313,#5316);
#53=SURFACE_OF_LINEAR_EXTRUSION('',#316,#5318);
#54=SURFACE_OF_LINEAR_EXTRUSION('',#319,#5322);
#55=SURFACE_OF_LINEAR_EXTRUSION('',#322,#5325);
#56=SURFACE_OF_LINEAR_EXTRUSION('',#324,#5327);
#57=SURFACE_OF_LINEAR_EXTRUSION('',#326,#5329);
#58=SURFACE_OF_LINEAR_EXTRUSION('',#328,#5331);
#59=SURFACE_OF_LINEAR_EXTRUSION('',#330,#5333);
#60=SURFACE_OF_LINEAR_EXTRUSION('',#333,#5336);
#61=SURFACE_OF_LINEAR_EXTRUSION('',#335,#5338);
#62=SURFACE_OF_LINEAR_EXTRUSION('',#337,#5339);
#63=SURFACE_OF_LINEAR_EXTRUSION('',#340,#5340);
#64=SURFACE_OF_LINEAR_EXTRUSION('',#343,#5344);
#65=SURFACE_OF_LINEAR_EXTRUSION('',#345,#5346);
#66=SURFACE_OF_LINEAR_EXTRUSION('',#348,#5349);
#67=SURFACE_OF_LINEAR_EXTRUSION('',#351,#5352);
#68=SURFACE_OF_LINEAR_EXTRUSION('',#354,#5355);
#69=SURFACE_OF_LINEAR_EXTRUSION('',#356,#5357);
#70=SURFACE_OF_LINEAR_EXTRUSION('',#359,#5360);
#71=SURFACE_OF_LINEAR_EXTRUSION('',#361,#5362);
#72=SURFACE_OF_LINEAR_EXTRUSION('',#363,#5364);
#73=SURFACE_OF_LINEAR_EXTRUSION('',#365,#5365);
#74=SURFACE_OF_LINEAR_EXTRUSION('',#368,#5369);
#75=SURFACE_OF_LINEAR_EXTRUSION('',#370,#5371);
#76=SURFACE_OF_LINEAR_EXTRUSION('',#373,#5374);
#77=SURFACE_OF_LINEAR_EXTRUSION('',#376,#5377);
#78=SURFACE_OF_LINEAR_EXTRUSION('',#378,#5379);
#79=SURFACE_OF_LINEAR_EXTRUSION('',#380,#5381);
#80=SURFACE_OF_LINEAR_EXTRUSION('',#382,#5383);
#81=SURFACE_OF_LINEAR_EXTRUSION('',#385,#5386);
#82=SURFACE_OF_LINEAR_EXTRUSION('',#387,#5388);
#83=SURFACE_OF_LINEAR_EXTRUSION('',#389,#5390);
#84=SURFACE_OF_LINEAR_EXTRUSION('',#392,#5392);
#85=SURFACE_OF_LINEAR_EXTRUSION('',#395,#5396);
#86=SURFACE_OF_LINEAR_EXTRUSION('',#397,#5398);
#87=SURFACE_OF_LINEAR_EXTRUSION('',#399,#5400);
#88=SURFACE_OF_LINEAR_EXTRUSION('',#402,#5403);
#89=SURFACE_OF_LINEAR_EXTRUSION('',#404,#5404);
#90=SURFACE_OF_LINEAR_EXTRUSION('',#407,#5407);
#91=SURFACE_OF_LINEAR_EXTRUSION('',#410,#5409);
#92=SURFACE_OF_LINEAR_EXTRUSION('',#413,#5413);
#93=SURFACE_OF_LINEAR_EXTRUSION('',#415,#5415);
#94=SURFACE_OF_LINEAR_EXTRUSION('',#417,#5417);
#95=SURFACE_OF_LINEAR_EXTRUSION('',#419,#5419);
#96=SURFACE_OF_LINEAR_EXTRUSION('',#421,#5420);
#97=SURFACE_OF_LINEAR_EXTRUSION('',#424,#5421);
#98=SURFACE_OF_LINEAR_EXTRUSION('',#427,#5425);
#99=SURFACE_OF_LINEAR_EXTRUSION('',#429,#5427);
#100=SURFACE_OF_LINEAR_EXTRUSION('',#431,#5429);
#101=SURFACE_OF_LINEAR_EXTRUSION('',#434,#5432);
#102=SURFACE_OF_LINEAR_EXTRUSION('',#436,#5434);
#103=SURFACE_OF_LINEAR_EXTRUSION('',#439,#5437);
#104=SURFACE_OF_LINEAR_EXTRUSION('',#442,#5440);
#105=SURFACE_OF_LINEAR_EXTRUSION('',#444,#5442);
#106=SURFACE_OF_LINEAR_EXTRUSION('',#446,#5444);
#107=SURFACE_OF_LINEAR_EXTRUSION('',#448,#5446);
#108=SURFACE_OF_LINEAR_EXTRUSION('',#451,#5448);
#109=SURFACE_OF_LINEAR_EXTRUSION('',#454,#5452);
#110=SURFACE_OF_LINEAR_EXTRUSION('',#456,#5454);
#111=SURFACE_OF_LINEAR_EXTRUSION('',#459,#5457);
#112=SURFACE_OF_LINEAR_EXTRUSION('',#462,#5460);
#113=SURFACE_OF_LINEAR_EXTRUSION('',#465,#5463);
#114=SURFACE_OF_LINEAR_EXTRUSION('',#467,#5465);
#115=SURFACE_OF_LINEAR_EXTRUSION('',#470,#5468);
#116=SURFACE_OF_LINEAR_EXTRUSION('',#472,#5470);
#117=SURFACE_OF_LINEAR_EXTRUSION('',#474,#5472);
#118=SURFACE_OF_LINEAR_EXTRUSION('',#476,#5473);
#119=B_SPLINE_CURVE_WITH_KNOTS('',3,(#6546,#6547,#6548,#6549,#6550,#6551),
 .UNSPECIFIED.,.F.,.F.,(4,2,4),(0.,0.666666666666667,1.),.UNSPECIFIED.);
#120=B_SPLINE_CURVE_WITH_KNOTS('',3,(#6554,#6555,#6556,#6557),
 .UNSPECIFIED.,.F.,.F.,(4,4),(0.,1.),.UNSPECIFIED.);
#121=B_SPLINE_CURVE_WITH_KNOTS('',3,(#6559,#6560,#6561,#6562),
 .UNSPECIFIED.,.F.,.F.,(4,4),(0.,1.),.UNSPECIFIED.);
#122=B_SPLINE_CURVE_WITH_KNOTS('',3,(#6564,#6565,#6566,#6567),
 .UNSPECIFIED.,.F.,.F.,(4,4),(0.,1.),.UNSPECIFIED.);
#123=B_SPLINE_CURVE_WITH_KNOTS('',3,(#6569,#6570,#6571,#6572,#6573,#6574,
#6575,#6576),.UNSPECIFIED.,.F.,.F.,(4,2,2,4),(0.,0.346410197759368,0.695690946607758,
1.),.UNSPECIFIED.);
#124=B_SPLINE_CURVE_WITH_KNOTS('',3,(#6578,#6579,#6580,#6581,#6582,#6583,
#6584,#6585),.UNSPECIFIED.,.F.,.F.,(4,2,2,4),(0.,0.274900398406376,0.637450199203187,
1.),.UNSPECIFIED.);
#125=B_SPLINE_CURVE_WITH_KNOTS('',3,(#6587,#6588,#6589,#6590),
 .UNSPECIFIED.,.F.,.F.,(4,4),(0.,1.),.UNSPECIFIED.);
#126=B_SPLINE_CURVE_WITH_KNOTS('',3,(#6592,#6593,#6594,#6595),
 .UNSPECIFIED.,.F.,.F.,(4,4),(0.,1.),.UNSPECIFIED.);
#127=B_SPLINE_CURVE_WITH_KNOTS('',3,(#6597,#6598,#6599,#6600,#6601,#6602,
#6603,#6604,#6605,#6606,#6607,#6608),.UNSPECIFIED.,.F.,.F.,(4,2,2,2,2,4),
(0.,0.310985896418518,0.498611277321516,0.685926688536659,0.87505842719159,
1.),.UNSPECIFIED.);
#128=B_SPLINE_CURVE_WITH_KNOTS('',3,(#6610,#6611,#6612,#6613),
 .UNSPECIFIED.,.F.,.F.,(4,4),(0.,1.),.UNSPECIFIED.);
#129=B_SPLINE_CURVE_WITH_KNOTS('',3,(#6615,#6616,#6617,#6618),
 .UNSPECIFIED.,.F.,.F.,(4,4),(0.,1.),.UNSPECIFIED.);
#130=B_SPLINE_CURVE_WITH_KNOTS('',3,(#6620,#6621,#6622,#6623),
 .UNSPECIFIED.,.F.,.F.,(4,4),(0.,1.),.UNSPECIFIED.);
#131=B_SPLINE_CURVE_WITH_KNOTS('',3,(#6625,#6626,#6627,#6628,#6629,#6630),
 .UNSPECIFIED.,.F.,.F.,(4,2,4),(0.,0.5,1.),.UNSPECIFIED.);
#132=B_SPLINE_CURVE_WITH_KNOTS('',3,(#6632,#6633,#6634,#6635),
 .UNSPECIFIED.,.F.,.F.,(4,4),(0.,1.),.UNSPECIFIED.);
#133=B_SPLINE_CURVE_WITH_KNOTS('',3,(#6637,#6638,#6639,#6640),
 .UNSPECIFIED.,.F.,.F.,(4,4),(0.,1.),.UNSPECIFIED.);
#134=B_SPLINE_CURVE_WITH_KNOTS('',3,(#6641,#6642,#6643,#6644),
 .UNSPECIFIED.,.F.,.F.,(4,4),(0.,1.),.UNSPECIFIED.);
#135=B_SPLINE_CURVE_WITH_KNOTS('',3,(#6647,#6648,#6649,#6650),
 .UNSPECIFIED.,.F.,.F.,(4,4),(0.,1.),.UNSPECIFIED.);
#136=B_SPLINE_CURVE_WITH_KNOTS('',3,(#6652,#6653,#6654,#6655,#6656,#6657),
 .UNSPECIFIED.,.F.,.F.,(4,2,4),(0.,0.509749303621167,1.),.UNSPECIFIED.);
#137=B_SPLINE_CURVE_WITH_KNOTS('',3,(#6659,#6660,#6661,#6662),
 .UNSPECIFIED.,.F.,.F.,(4,4),(0.,1.),.UNSPECIFIED.);
#138=B_SPLINE_CURVE_WITH_KNOTS('',3,(#6664,#6665,#6666,#6667),
 .UNSPECIFIED.,.F.,.F.,(4,4),(0.,1.),.UNSPECIFIED.);
#139=B_SPLINE_CURVE_WITH_KNOTS('',3,(#6669,#6670,#6671,#6672),
 .UNSPECIFIED.,.F.,.F.,(4,4),(0.,1.),.UNSPECIFIED.);
#140=B_SPLINE_CURVE_WITH_KNOTS('',3,(#6674,#6675,#6676,#6677,#6678,#6679,
#6680,#6681),.UNSPECIFIED.,.F.,.F.,(4,2,2,4),(0.,0.625555678462841,0.796911554420525,
1.),.UNSPECIFIED.);
#141=B_SPLINE_CURVE_WITH_KNOTS('',3,(#6683,#6684,#6685,#6686,#6687,#6688,
#6689,#6690,#6691,#6692),.UNSPECIFIED.,.F.,.F.,(4,2,2,2,4),(0.,0.113934161828555,
0.227868323657114,0.417758593371367,1.),.UNSPECIFIED.);
#142=B_SPLINE_CURVE_WITH_KNOTS('',3,(#6694,#6695,#6696,#6697),
 .UNSPECIFIED.,.F.,.F.,(4,4),(0.,1.),.UNSPECIFIED.);
#143=B_SPLINE_CURVE_WITH_KNOTS('',3,(#6699,#6700,#6701,#6702,#6703,#6704),
 .UNSPECIFIED.,.F.,.F.,(4,2,4),(0.,0.518518518518511,1.),.UNSPECIFIED.);
#144=B_SPLINE_CURVE_WITH_KNOTS('',3,(#6706,#6707,#6708,#6709),
 .UNSPECIFIED.,.F.,.F.,(4,4),(0.,1.),.UNSPECIFIED.);
#145=B_SPLINE_CURVE_WITH_KNOTS('',3,(#6711,#6712,#6713,#6714,#6715,#6716,
#6717,#6718,#6719,#6720,#6721,#6722,#6723,#6724,#6725,#6726),
 .UNSPECIFIED.,.F.,.F.,(4,2,2,2,2,2,2,4),(0.,0.0837968443179046,0.291158526867293,
0.498931709294422,0.646625054649617,0.763569440543177,0.881784720271589,
1.),.UNSPECIFIED.);
#146=B_SPLINE_CURVE_WITH_KNOTS('',3,(#6728,#6729,#6730,#6731,#6732,#6733),
 .UNSPECIFIED.,.F.,.F.,(4,2,4),(0.,0.499999999999991,1.),.UNSPECIFIED.);
#147=B_SPLINE_CURVE_WITH_KNOTS('',3,(#6735,#6736,#6737,#6738),
 .UNSPECIFIED.,.F.,.F.,(4,4),(0.,1.),.UNSPECIFIED.);
#148=B_SPLINE_CURVE_WITH_KNOTS('',3,(#6740,#6741,#6742,#6743,#6744,#6745,
#6746,#6747,#6748,#6749),.UNSPECIFIED.,.F.,.F.,(4,2,2,2,4),(0.,0.321317408091837,
0.63957542247831,0.819105584439911,1.),.UNSPECIFIED.);
#149=B_SPLINE_CURVE_WITH_KNOTS('',3,(#6751,#6752,#6753,#6754,#6755,#6756),
 .UNSPECIFIED.,.F.,.F.,(4,2,4),(0.,0.274435907128038,1.),.UNSPECIFIED.);
#150=B_SPLINE_CURVE_WITH_KNOTS('',3,(#6757,#6758,#6759,#6760,#6761,#6762,
#6763,#6764,#6765,#6766,#6767,#6768),.UNSPECIFIED.,.F.,.F.,(4,2,2,2,2,4),
(0.,0.156278868973172,0.315231229431698,0.640232037869204,0.965058507275067,
1.),.UNSPECIFIED.);
#151=B_SPLINE_CURVE_WITH_KNOTS('',3,(#6771,#6772,#6773,#6774),
 .UNSPECIFIED.,.F.,.F.,(4,4),(0.,1.),.UNSPECIFIED.);
#152=B_SPLINE_CURVE_WITH_KNOTS('',3,(#6776,#6777,#6778,#6779,#6780,#6781,
#6782,#6783,#6784,#6785,#6786,#6787,#6788,#6789,#6790,#6791,#6792,#6793),
 .UNSPECIFIED.,.F.,.F.,(4,2,2,2,2,2,2,2,4),(0.,0.0927941419426712,0.234199252652002,
0.388874051169834,0.543462727701172,0.692231595233684,0.811161092914028,
0.867931064616428,1.),.UNSPECIFIED.);
#153=B_SPLINE_CURVE_WITH_KNOTS('',3,(#6795,#6796,#6797,#6798),
 .UNSPECIFIED.,.F.,.F.,(4,4),(0.,1.),.UNSPECIFIED.);
#154=B_SPLINE_CURVE_WITH_KNOTS('',3,(#6800,#6801,#6802,#6803),
 .UNSPECIFIED.,.F.,.F.,(4,4),(0.,1.),.UNSPECIFIED.);
#155=B_SPLINE_CURVE_WITH_KNOTS('',3,(#6805,#6806,#6807,#6808),
 .UNSPECIFIED.,.F.,.F.,(4,4),(0.,1.),.UNSPECIFIED.);
#156=B_SPLINE_CURVE_WITH_KNOTS('',3,(#6809,#6810,#6811,#6812,#6813,#6814,
#6815,#6816,#6817,#6818),.UNSPECIFIED.,.F.,.F.,(4,2,2,2,4),(0.,0.251114083975957,
0.502228167951915,0.751349283007433,1.),.UNSPECIFIED.);
#157=B_SPLINE_CURVE_WITH_KNOTS('',3,(#6821,#6822,#6823,#6824),
 .UNSPECIFIED.,.F.,.F.,(4,4),(0.,1.),.UNSPECIFIED.);
#158=B_SPLINE_CURVE_WITH_KNOTS('',3,(#6826,#6827,#6828,#6829),
 .UNSPECIFIED.,.F.,.F.,(4,4),(0.,1.),.UNSPECIFIED.);
#159=B_SPLINE_CURVE_WITH_KNOTS('',3,(#6831,#6832,#6833,#6834,#6835,#6836,
#6837,#6838,#6839,#6840,#6841,#6842,#6843,#6844),.UNSPECIFIED.,.F.,.F.,
(4,2,2,2,2,2,4),(0.,0.106426533532331,0.293500028499141,0.442002168311695,
0.591780533659608,0.741558899007521,1.),.UNSPECIFIED.);
#160=B_SPLINE_CURVE_WITH_KNOTS('',3,(#6846,#6847,#6848,#6849,#6850,#6851),
 .UNSPECIFIED.,.F.,.F.,(4,2,4),(0.,0.53846153846152,1.),.UNSPECIFIED.);
#161=B_SPLINE_CURVE_WITH_KNOTS('',3,(#6853,#6854,#6855,#6856),
 .UNSPECIFIED.,.F.,.F.,(4,4),(0.,1.),.UNSPECIFIED.);
#162=B_SPLINE_CURVE_WITH_KNOTS('',3,(#6858,#6859,#6860,#6861),
 .UNSPECIFIED.,.F.,.F.,(4,4),(0.,1.),.UNSPECIFIED.);
#163=B_SPLINE_CURVE_WITH_KNOTS('',3,(#6863,#6864,#6865,#6866,#6867,#6868,
#6869,#6870),.UNSPECIFIED.,.F.,.F.,(4,2,2,4),(0.,0.362007168458775,0.724014336917561,
1.),.UNSPECIFIED.);
#164=B_SPLINE_CURVE_WITH_KNOTS('',3,(#6872,#6873,#6874,#6875),
 .UNSPECIFIED.,.F.,.F.,(4,4),(0.,1.),.UNSPECIFIED.);
#165=B_SPLINE_CURVE_WITH_KNOTS('',3,(#6877,#6878,#6879,#6880,#6881,#6882,
#6883,#6884,#6885,#6886),.UNSPECIFIED.,.F.,.F.,(4,2,2,2,4),(0.,0.207653205066633,
0.504096056437619,0.802617180358396,1.),.UNSPECIFIED.);
#166=B_SPLINE_CURVE_WITH_KNOTS('',3,(#6888,#6889,#6890,#6891),
 .UNSPECIFIED.,.F.,.F.,(4,4),(0.,1.),.UNSPECIFIED.);
#167=B_SPLINE_CURVE_WITH_KNOTS('',3,(#6893,#6894,#6895,#6896),
 .UNSPECIFIED.,.F.,.F.,(4,4),(0.,1.),.UNSPECIFIED.);
#168=B_SPLINE_CURVE_WITH_KNOTS('',3,(#6897,#6898,#6899,#6900,#6901,#6902,
#6903,#6904,#6905,#6906,#6907,#6908,#6909,#6910,#6911,#6912,#6913,#6914,
#6915,#6916,#6917,#6918,#6919,#6920),.UNSPECIFIED.,.F.,.F.,(4,2,2,2,2,2,
2,2,2,2,2,4),(0.,0.106801874394901,0.214378181053017,0.310880456143386,
0.407382731233757,0.49280028553672,0.578919043210417,0.665037800884115,
0.752088888712237,0.857207183448083,0.962392015393734,1.),.UNSPECIFIED.);
#169=B_SPLINE_CURVE_WITH_KNOTS('',3,(#6923,#6924,#6925,#6926),
 .UNSPECIFIED.,.F.,.F.,(4,4),(0.,1.),.UNSPECIFIED.);
#170=B_SPLINE_CURVE_WITH_KNOTS('',3,(#6928,#6929,#6930,#6931,#6932,#6933),
 .UNSPECIFIED.,.F.,.F.,(4,2,4),(0.,0.835930339138405,1.),.UNSPECIFIED.);
#171=B_SPLINE_CURVE_WITH_KNOTS('',3,(#6935,#6936,#6937,#6938),
 .UNSPECIFIED.,.F.,.F.,(4,4),(0.,1.),.UNSPECIFIED.);
#172=B_SPLINE_CURVE_WITH_KNOTS('',3,(#6940,#6941,#6942,#6943,#6944,#6945,
#6946,#6947,#6948,#6949,#6950,#6951,#6952,#6953,#6954,#6955,#6956,#6957,
#6958,#6959,#6960,#6961,#6962,#6963,#6964,#6965),.UNSPECIFIED.,.F.,.F.,
(4,2,2,2,2,2,2,2,2,2,2,2,4),(0.,0.0770129679957188,0.181584380674596,0.26533013065895,
0.348960712846771,0.401830621126427,0.455348911745888,0.509452538136263,
0.59337616462169,0.675931126175914,0.797532353330109,0.919226909782949,
1.),.UNSPECIFIED.);
#173=B_SPLINE_CURVE_WITH_KNOTS('',3,(#6967,#6968,#6969,#6970,#6971,#6972),
 .UNSPECIFIED.,.F.,.F.,(4,2,4),(0.,0.459574468085107,1.),.UNSPECIFIED.);
#174=B_SPLINE_CURVE_WITH_KNOTS('',3,(#6974,#6975,#6976,#6977),
 .UNSPECIFIED.,.F.,.F.,(4,4),(0.,1.),.UNSPECIFIED.);
#175=B_SPLINE_CURVE_WITH_KNOTS('',3,(#6978,#6979,#6980,#6981),
 .UNSPECIFIED.,.F.,.F.,(4,4),(0.,1.),.UNSPECIFIED.);
#176=B_SPLINE_CURVE_WITH_KNOTS('',3,(#6984,#6985,#6986,#6987),
 .UNSPECIFIED.,.F.,.F.,(4,4),(0.,1.),.UNSPECIFIED.);
#177=B_SPLINE_CURVE_WITH_KNOTS('',3,(#6989,#6990,#6991,#6992,#6993,#6994),
 .UNSPECIFIED.,.F.,.F.,(4,2,4),(0.,0.500470039807664,1.),.UNSPECIFIED.);
#178=B_SPLINE_CURVE_WITH_KNOTS('',3,(#6996,#6997,#6998,#6999,#7000,#7001),
 .UNSPECIFIED.,.F.,.F.,(4,2,4),(0.,0.24433962264151,1.),.UNSPECIFIED.);
#179=B_SPLINE_CURVE_WITH_KNOTS('',3,(#7003,#7004,#7005,#7006,#7007,#7008,
#7009,#7010),.UNSPECIFIED.,.F.,.F.,(4,2,2,4),(0.,0.126198338966805,0.363811071353025,
1.),.UNSPECIFIED.);
#180=B_SPLINE_CURVE_WITH_KNOTS('',3,(#7012,#7013,#7014,#7015),
 .UNSPECIFIED.,.F.,.F.,(4,4),(0.,1.),.UNSPECIFIED.);
#181=B_SPLINE_CURVE_WITH_KNOTS('',3,(#7017,#7018,#7019,#7020),
 .UNSPECIFIED.,.F.,.F.,(4,4),(0.,1.),.UNSPECIFIED.);
#182=B_SPLINE_CURVE_WITH_KNOTS('',3,(#7022,#7023,#7024,#7025,#7026,#7027),
 .UNSPECIFIED.,.F.,.F.,(4,2,4),(0.,0.576923076923082,1.),.UNSPECIFIED.);
#183=B_SPLINE_CURVE_WITH_KNOTS('',3,(#7029,#7030,#7031,#7032),
 .UNSPECIFIED.,.F.,.F.,(4,4),(0.,1.),.UNSPECIFIED.);
#184=B_SPLINE_CURVE_WITH_KNOTS('',3,(#7034,#7035,#7036,#7037),
 .UNSPECIFIED.,.F.,.F.,(4,4),(0.,1.),.UNSPECIFIED.);
#185=B_SPLINE_CURVE_WITH_KNOTS('',3,(#7039,#7040,#7041,#7042,#7043,#7044,
#7045,#7046),.UNSPECIFIED.,.F.,.F.,(4,2,2,4),(0.,0.554021554835168,0.774595883282124,
1.),.UNSPECIFIED.);
#186=B_SPLINE_CURVE_WITH_KNOTS('',3,(#7048,#7049,#7050,#7051,#7052,#7053,
#7054,#7055,#7056,#7057),.UNSPECIFIED.,.F.,.F.,(4,2,2,2,4),(0.,0.339577445173558,
0.56053122459482,0.78148500401607,1.),.UNSPECIFIED.);
#187=B_SPLINE_CURVE_WITH_KNOTS('',3,(#7059,#7060,#7061,#7062),
 .UNSPECIFIED.,.F.,.F.,(4,4),(0.,1.),.UNSPECIFIED.);
#188=B_SPLINE_CURVE_WITH_KNOTS('',3,(#7064,#7065,#7066,#7067,#7068,#7069),
 .UNSPECIFIED.,.F.,.F.,(4,2,4),(0.,0.499999999999995,1.),.UNSPECIFIED.);
#189=B_SPLINE_CURVE_WITH_KNOTS('',3,(#7071,#7072,#7073,#7074),
 .UNSPECIFIED.,.F.,.F.,(4,4),(0.,1.),.UNSPECIFIED.);
#190=B_SPLINE_CURVE_WITH_KNOTS('',3,(#7076,#7077,#7078,#7079),
 .UNSPECIFIED.,.F.,.F.,(4,4),(0.,1.),.UNSPECIFIED.);
#191=B_SPLINE_CURVE_WITH_KNOTS('',3,(#7088,#7089,#7090,#7091,#7092,#7093,
#7094,#7095,#7096,#7097),.UNSPECIFIED.,.F.,.F.,(4,2,2,2,4),(0.,0.25111408397596,
0.502228167951921,0.751349283007433,1.),.UNSPECIFIED.);
#192=B_SPLINE_CURVE_WITH_KNOTS('',3,(#7100,#7101,#7102,#7103),
 .UNSPECIFIED.,.F.,.F.,(4,4),(0.,1.),.UNSPECIFIED.);
#193=B_SPLINE_CURVE_WITH_KNOTS('',3,(#7105,#7106,#7107,#7108),
 .UNSPECIFIED.,.F.,.F.,(4,4),(0.,1.),.UNSPECIFIED.);
#194=B_SPLINE_CURVE_WITH_KNOTS('',3,(#7110,#7111,#7112,#7113,#7114,#7115,
#7116,#7117,#7118,#7119,#7120,#7121,#7122,#7123),.UNSPECIFIED.,.F.,.F.,
(4,2,2,2,2,2,4),(0.,0.106426533532332,0.293500028499147,0.442002168311704,
0.591780533659617,0.741558899007528,1.),.UNSPECIFIED.);
#195=B_SPLINE_CURVE_WITH_KNOTS('',3,(#7125,#7126,#7127,#7128,#7129,#7130),
 .UNSPECIFIED.,.F.,.F.,(4,2,4),(0.,0.538461538461532,1.),.UNSPECIFIED.);
#196=B_SPLINE_CURVE_WITH_KNOTS('',3,(#7132,#7133,#7134,#7135),
 .UNSPECIFIED.,.F.,.F.,(4,4),(0.,1.),.UNSPECIFIED.);
#197=B_SPLINE_CURVE_WITH_KNOTS('',3,(#7137,#7138,#7139,#7140),
 .UNSPECIFIED.,.F.,.F.,(4,4),(0.,1.),.UNSPECIFIED.);
#198=B_SPLINE_CURVE_WITH_KNOTS('',3,(#7142,#7143,#7144,#7145,#7146,#7147,
#7148,#7149),.UNSPECIFIED.,.F.,.F.,(4,2,2,4),(0.,0.362007168458782,0.724014336917565,
1.),.UNSPECIFIED.);
#199=B_SPLINE_CURVE_WITH_KNOTS('',3,(#7151,#7152,#7153,#7154),
 .UNSPECIFIED.,.F.,.F.,(4,4),(0.,1.),.UNSPECIFIED.);
#200=B_SPLINE_CURVE_WITH_KNOTS('',3,(#7156,#7157,#7158,#7159,#7160,#7161,
#7162,#7163,#7164,#7165),.UNSPECIFIED.,.F.,.F.,(4,2,2,2,4),(0.,0.207653205066634,
0.504096056437619,0.802617180358396,1.),.UNSPECIFIED.);
#201=B_SPLINE_CURVE_WITH_KNOTS('',3,(#7167,#7168,#7169,#7170),
 .UNSPECIFIED.,.F.,.F.,(4,4),(0.,1.),.UNSPECIFIED.);
#202=B_SPLINE_CURVE_WITH_KNOTS('',3,(#7172,#7173,#7174,#7175),
 .UNSPECIFIED.,.F.,.F.,(4,4),(0.,1.),.UNSPECIFIED.);
#203=B_SPLINE_CURVE_WITH_KNOTS('',3,(#7176,#7177,#7178,#7179,#7180,#7181),
 .UNSPECIFIED.,.F.,.F.,(4,2,4),(0.,0.666666666666667,1.),.UNSPECIFIED.);
#204=B_SPLINE_CURVE_WITH_KNOTS('',3,(#7184,#7185,#7186,#7187),
 .UNSPECIFIED.,.F.,.F.,(4,4),(0.,1.),.UNSPECIFIED.);
#205=B_SPLINE_CURVE_WITH_KNOTS('',3,(#7189,#7190,#7191,#7192),
 .UNSPECIFIED.,.F.,.F.,(4,4),(0.,1.),.UNSPECIFIED.);
#206=B_SPLINE_CURVE_WITH_KNOTS('',3,(#7194,#7195,#7196,#7197),
 .UNSPECIFIED.,.F.,.F.,(4,4),(0.,1.),.UNSPECIFIED.);
#207=B_SPLINE_CURVE_WITH_KNOTS('',3,(#7199,#7200,#7201,#7202,#7203,#7204,
#7205,#7206),.UNSPECIFIED.,.F.,.F.,(4,2,2,4),(0.,0.346410197759368,0.695690946607758,
1.),.UNSPECIFIED.);
#208=B_SPLINE_CURVE_WITH_KNOTS('',3,(#7208,#7209,#7210,#7211,#7212,#7213,
#7214,#7215),.UNSPECIFIED.,.F.,.F.,(4,2,2,4),(0.,0.274900398406379,0.637450199203191,
1.),.UNSPECIFIED.);
#209=B_SPLINE_CURVE_WITH_KNOTS('',3,(#7217,#7218,#7219,#7220),
 .UNSPECIFIED.,.F.,.F.,(4,4),(0.,1.),.UNSPECIFIED.);
#210=B_SPLINE_CURVE_WITH_KNOTS('',3,(#7222,#7223,#7224,#7225),
 .UNSPECIFIED.,.F.,.F.,(4,4),(0.,1.),.UNSPECIFIED.);
#211=B_SPLINE_CURVE_WITH_KNOTS('',3,(#7227,#7228,#7229,#7230,#7231,#7232,
#7233,#7234,#7235,#7236,#7237,#7238),.UNSPECIFIED.,.F.,.F.,(4,2,2,2,2,4),
(0.,0.310985896418518,0.498611277321517,0.68592668853666,0.875058427191592,
1.),.UNSPECIFIED.);
#212=B_SPLINE_CURVE_WITH_KNOTS('',3,(#7240,#7241,#7242,#7243),
 .UNSPECIFIED.,.F.,.F.,(4,4),(0.,1.),.UNSPECIFIED.);
#213=B_SPLINE_CURVE_WITH_KNOTS('',3,(#7245,#7246,#7247,#7248),
 .UNSPECIFIED.,.F.,.F.,(4,4),(0.,1.),.UNSPECIFIED.);
#214=B_SPLINE_CURVE_WITH_KNOTS('',3,(#7250,#7251,#7252,#7253),
 .UNSPECIFIED.,.F.,.F.,(4,4),(0.,1.),.UNSPECIFIED.);
#215=B_SPLINE_CURVE_WITH_KNOTS('',3,(#7255,#7256,#7257,#7258,#7259,#7260),
 .UNSPECIFIED.,.F.,.F.,(4,2,4),(0.,0.5,1.),.UNSPECIFIED.);
#216=B_SPLINE_CURVE_WITH_KNOTS('',3,(#7262,#7263,#7264,#7265),
 .UNSPECIFIED.,.F.,.F.,(4,4),(0.,1.),.UNSPECIFIED.);
#217=B_SPLINE_CURVE_WITH_KNOTS('',3,(#7267,#7268,#7269,#7270),
 .UNSPECIFIED.,.F.,.F.,(4,4),(0.,1.),.UNSPECIFIED.);
#218=B_SPLINE_CURVE_WITH_KNOTS('',3,(#7271,#7272,#7273,#7274,#7275,#7276,
#7277,#7278,#7279,#7280),.UNSPECIFIED.,.F.,.F.,(4,2,2,2,4),(0.,0.167590710332142,
0.38173439575656,0.595440588631915,1.),.UNSPECIFIED.);
#219=B_SPLINE_CURVE_WITH_KNOTS('',3,(#7283,#7284,#7285,#7286),
 .UNSPECIFIED.,.F.,.F.,(4,4),(0.,1.),.UNSPECIFIED.);
#220=B_SPLINE_CURVE_WITH_KNOTS('',3,(#7288,#7289,#7290,#7291),
 .UNSPECIFIED.,.F.,.F.,(4,4),(0.,1.),.UNSPECIFIED.);
#221=B_SPLINE_CURVE_WITH_KNOTS('',3,(#7293,#7294,#7295,#7296),
 .UNSPECIFIED.,.F.,.F.,(4,4),(0.,1.),.UNSPECIFIED.);
#222=B_SPLINE_CURVE_WITH_KNOTS('',3,(#7298,#7299,#7300,#7301),
 .UNSPECIFIED.,.F.,.F.,(4,4),(0.,1.),.UNSPECIFIED.);
#223=B_SPLINE_CURVE_WITH_KNOTS('',3,(#7303,#7304,#7305,#7306,#7307,#7308,
#7309,#7310),.UNSPECIFIED.,.F.,.F.,(4,2,2,4),(0.,0.254517521741005,0.626749397287217,
1.),.UNSPECIFIED.);
#224=B_SPLINE_CURVE_WITH_KNOTS('',3,(#7312,#7313,#7314,#7315),
 .UNSPECIFIED.,.F.,.F.,(4,4),(0.,1.),.UNSPECIFIED.);
#225=B_SPLINE_CURVE_WITH_KNOTS('',3,(#7317,#7318,#7319,#7320),
 .UNSPECIFIED.,.F.,.F.,(4,4),(0.,1.),.UNSPECIFIED.);
#226=B_SPLINE_CURVE_WITH_KNOTS('',3,(#7322,#7323,#7324,#7325),
 .UNSPECIFIED.,.F.,.F.,(4,4),(0.,1.),.UNSPECIFIED.);
#227=B_SPLINE_CURVE_WITH_KNOTS('',3,(#7327,#7328,#7329,#7330,#7331,#7332,
#7333,#7334,#7335,#7336,#7337,#7338,#7339,#7340),.UNSPECIFIED.,.F.,.F.,
(4,2,2,2,2,2,4),(0.,0.209275320234659,0.414915741701409,0.531122517267108,
0.75663445623333,0.903785715255046,1.),.UNSPECIFIED.);
#228=B_SPLINE_CURVE_WITH_KNOTS('',3,(#7342,#7343,#7344,#7345),
 .UNSPECIFIED.,.F.,.F.,(4,4),(0.,1.),.UNSPECIFIED.);
#229=B_SPLINE_CURVE_WITH_KNOTS('',3,(#7347,#7348,#7349,#7350),
 .UNSPECIFIED.,.F.,.F.,(4,4),(0.,1.),.UNSPECIFIED.);
#230=B_SPLINE_CURVE_WITH_KNOTS('',3,(#7352,#7353,#7354,#7355),
 .UNSPECIFIED.,.F.,.F.,(4,4),(0.,1.),.UNSPECIFIED.);
#231=B_SPLINE_CURVE_WITH_KNOTS('',3,(#7357,#7358,#7359,#7360,#7361,#7362),
 .UNSPECIFIED.,.F.,.F.,(4,2,4),(0.,0.518518518518524,1.),.UNSPECIFIED.);
#232=B_SPLINE_CURVE_WITH_KNOTS('',3,(#7364,#7365,#7366,#7367),
 .UNSPECIFIED.,.F.,.F.,(4,4),(0.,1.),.UNSPECIFIED.);
#233=B_SPLINE_CURVE_WITH_KNOTS('',3,(#7369,#7370,#7371,#7372),
 .UNSPECIFIED.,.F.,.F.,(4,4),(0.,1.),.UNSPECIFIED.);
#234=B_SPLINE_CURVE_WITH_KNOTS('',3,(#7373,#7374,#7375,#7376),
 .UNSPECIFIED.,.F.,.F.,(4,4),(0.,1.),.UNSPECIFIED.);
#235=B_SPLINE_CURVE_WITH_KNOTS('',3,(#7379,#7380,#7381,#7382),
 .UNSPECIFIED.,.F.,.F.,(4,4),(0.,1.),.UNSPECIFIED.);
#236=B_SPLINE_CURVE_WITH_KNOTS('',3,(#7384,#7385,#7386,#7387,#7388,#7389,
#7390,#7391,#7392,#7393,#7394,#7395,#7396,#7397,#7398,#7399,#7400,#7401,
#7402,#7403,#7404,#7405,#7406,#7407),.UNSPECIFIED.,.F.,.F.,(4,2,2,2,2,2,
2,2,2,2,2,4),(0.,0.0807387814642434,0.19329411664109,0.305849451817939,
0.38242819584237,0.458932305590327,0.535100076739777,0.611267847889226,
0.69545327915967,0.779874580269807,0.889854623917876,1.),.UNSPECIFIED.);
#237=B_SPLINE_CURVE_WITH_KNOTS('',3,(#7409,#7410,#7411,#7412),
 .UNSPECIFIED.,.F.,.F.,(4,4),(0.,1.),.UNSPECIFIED.);
#238=B_SPLINE_CURVE_WITH_KNOTS('',3,(#7414,#7415,#7416,#7417),
 .UNSPECIFIED.,.F.,.F.,(4,4),(0.,1.),.UNSPECIFIED.);
#239=B_SPLINE_CURVE_WITH_KNOTS('',3,(#7419,#7420,#7421,#7422,#7423,#7424,
#7425,#7426),.UNSPECIFIED.,.F.,.F.,(4,2,2,4),(0.,0.29166666666667,0.645833333333337,
1.),.UNSPECIFIED.);
#240=B_SPLINE_CURVE_WITH_KNOTS('',3,(#7428,#7429,#7430,#7431,#7432,#7433,
#7434,#7435,#7436,#7437,#7438,#7439,#7440,#7441,#7442,#7443,#7444,#7445),
 .UNSPECIFIED.,.F.,.F.,(4,2,2,2,2,2,2,2,4),(0.,0.10458272777969,0.285678360298633,
0.465755133932051,0.598090623392886,0.730426112853723,0.835026579653951,
0.911423666928296,1.),.UNSPECIFIED.);
#241=B_SPLINE_CURVE_WITH_KNOTS('',3,(#7478,#7479,#7480,#7481),
 .UNSPECIFIED.,.F.,.F.,(4,4),(0.,1.),.UNSPECIFIED.);
#242=B_SPLINE_CURVE_WITH_KNOTS('',3,(#7487,#7488,#7489,#7490),
 .UNSPECIFIED.,.F.,.F.,(4,4),(0.,1.),.UNSPECIFIED.);
#243=B_SPLINE_CURVE_WITH_KNOTS('',3,(#7491,#7492,#7493,#7494),
 .UNSPECIFIED.,.F.,.F.,(4,4),(0.,1.),.UNSPECIFIED.);
#244=B_SPLINE_CURVE_WITH_KNOTS('',3,(#7497,#7498,#7499,#7500),
 .UNSPECIFIED.,.F.,.F.,(4,4),(0.,1.),.UNSPECIFIED.);
#245=B_SPLINE_CURVE_WITH_KNOTS('',3,(#7501,#7502,#7503,#7504),
 .UNSPECIFIED.,.F.,.F.,(4,4),(0.,1.),.UNSPECIFIED.);
#246=B_SPLINE_CURVE_WITH_KNOTS('',3,(#7507,#7508,#7509,#7510),
 .UNSPECIFIED.,.F.,.F.,(4,4),(0.,1.),.UNSPECIFIED.);
#247=B_SPLINE_CURVE_WITH_KNOTS('',3,(#7511,#7512,#7513,#7514),
 .UNSPECIFIED.,.F.,.F.,(4,4),(0.,1.),.UNSPECIFIED.);
#248=B_SPLINE_CURVE_WITH_KNOTS('',3,(#7517,#7518,#7519,#7520,#7521,#7522),
 .UNSPECIFIED.,.F.,.F.,(4,2,4),(0.,0.500000000000005,1.),.UNSPECIFIED.);
#249=B_SPLINE_CURVE_WITH_KNOTS('',3,(#7523,#7524,#7525,#7526,#7527,#7528),
 .UNSPECIFIED.,.F.,.F.,(4,2,4),(0.,0.499999999999995,1.),.UNSPECIFIED.);
#250=B_SPLINE_CURVE_WITH_KNOTS('',3,(#7531,#7532,#7533,#7534),
 .UNSPECIFIED.,.F.,.F.,(4,4),(0.,1.),.UNSPECIFIED.);
#251=B_SPLINE_CURVE_WITH_KNOTS('',3,(#7538,#7539,#7540,#7541,#7542,#7543,
#7544,#7545,#7546,#7547),.UNSPECIFIED.,.F.,.F.,(4,2,2,2,4),(0.,0.21851499598393,
0.43946877540518,0.660422554826442,1.),.UNSPECIFIED.);
#252=B_SPLINE_CURVE_WITH_KNOTS('',3,(#7548,#7549,#7550,#7551,#7552,#7553,
#7554,#7555,#7556,#7557),.UNSPECIFIED.,.F.,.F.,(4,2,2,2,4),(0.,0.339577445173558,
0.56053122459482,0.78148500401607,1.),.UNSPECIFIED.);
#253=B_SPLINE_CURVE_WITH_KNOTS('',3,(#7560,#7561,#7562,#7563,#7564,#7565,
#7566,#7567),.UNSPECIFIED.,.F.,.F.,(4,2,2,4),(0.,0.225404116717876,0.445978445164832,
1.),.UNSPECIFIED.);
#254=B_SPLINE_CURVE_WITH_KNOTS('',3,(#7568,#7569,#7570,#7571,#7572,#7573,
#7574,#7575),.UNSPECIFIED.,.F.,.F.,(4,2,2,4),(0.,0.554021554835168,0.774595883282124,
1.),.UNSPECIFIED.);
#255=B_SPLINE_CURVE_WITH_KNOTS('',3,(#7578,#7579,#7580,#7581),
 .UNSPECIFIED.,.F.,.F.,(4,4),(0.,1.),.UNSPECIFIED.);
#256=B_SPLINE_CURVE_WITH_KNOTS('',3,(#7582,#7583,#7584,#7585),
 .UNSPECIFIED.,.F.,.F.,(4,4),(0.,1.),.UNSPECIFIED.);
#257=B_SPLINE_CURVE_WITH_KNOTS('',3,(#7588,#7589,#7590,#7591),
 .UNSPECIFIED.,.F.,.F.,(4,4),(0.,1.),.UNSPECIFIED.);
#258=B_SPLINE_CURVE_WITH_KNOTS('',3,(#7595,#7596,#7597,#7598,#7599,#7600),
 .UNSPECIFIED.,.F.,.F.,(4,2,4),(0.,0.423076923076918,1.),.UNSPECIFIED.);
#259=B_SPLINE_CURVE_WITH_KNOTS('',3,(#7601,#7602,#7603,#7604,#7605,#7606),
 .UNSPECIFIED.,.F.,.F.,(4,2,4),(0.,0.576923076923082,1.),.UNSPECIFIED.);
#260=B_SPLINE_CURVE_WITH_KNOTS('',3,(#7609,#7610,#7611,#7612),
 .UNSPECIFIED.,.F.,.F.,(4,4),(0.,1.),.UNSPECIFIED.);
#261=B_SPLINE_CURVE_WITH_KNOTS('',3,(#7616,#7617,#7618,#7619),
 .UNSPECIFIED.,.F.,.F.,(4,4),(0.,1.),.UNSPECIFIED.);
#262=B_SPLINE_CURVE_WITH_KNOTS('',3,(#7620,#7621,#7622,#7623),
 .UNSPECIFIED.,.F.,.F.,(4,4),(0.,1.),.UNSPECIFIED.);
#263=B_SPLINE_CURVE_WITH_KNOTS('',3,(#7626,#7627,#7628,#7629,#7630,#7631,
#7632,#7633),.UNSPECIFIED.,.F.,.F.,(4,2,2,4),(0.,0.636188928646975,0.873801661033195,
1.),.UNSPECIFIED.);
#264=B_SPLINE_CURVE_WITH_KNOTS('',3,(#7634,#7635,#7636,#7637,#7638,#7639,
#7640,#7641),.UNSPECIFIED.,.F.,.F.,(4,2,2,4),(0.,0.126198338966805,0.363811071353025,
1.),.UNSPECIFIED.);
#265=B_SPLINE_CURVE_WITH_KNOTS('',3,(#7644,#7645,#7646,#7647,#7648,#7649),
 .UNSPECIFIED.,.F.,.F.,(4,2,4),(0.,0.75566037735849,1.),.UNSPECIFIED.);
#266=B_SPLINE_CURVE_WITH_KNOTS('',3,(#7650,#7651,#7652,#7653,#7654,#7655),
 .UNSPECIFIED.,.F.,.F.,(4,2,4),(0.,0.24433962264151,1.),.UNSPECIFIED.);
#267=B_SPLINE_CURVE_WITH_KNOTS('',3,(#7656,#7657,#7658,#7659,#7660,#7661),
 .UNSPECIFIED.,.F.,.F.,(4,2,4),(0.,0.499529960192336,1.),.UNSPECIFIED.);
#268=B_SPLINE_CURVE_WITH_KNOTS('',3,(#7662,#7663,#7664,#7665,#7666,#7667),
 .UNSPECIFIED.,.F.,.F.,(4,2,4),(0.,0.500470039807664,1.),.UNSPECIFIED.);
#269=B_SPLINE_CURVE_WITH_KNOTS('',3,(#7671,#7672,#7673,#7674,#7675,#7676,
#7677,#7678,#7679,#7680,#7681,#7682,#7683,#7684,#7685,#7686,#7687,#7688,
#7689,#7690,#7691,#7692,#7693,#7694),.UNSPECIFIED.,.F.,.F.,(4,2,2,2,2,2,
2,2,2,2,2,4),(0.,0.0376079846062663,0.142792816551917,0.247911111287763,
0.334962199115885,0.421080956789583,0.50719971446328,0.592617268766243,
0.689119543856614,0.785621818946983,0.893198125605099,1.),.UNSPECIFIED.);
#270=B_SPLINE_CURVE_WITH_KNOTS('',3,(#7697,#7698,#7699,#7700,#7701,#7702,
#7703,#7704,#7705,#7706,#7707,#7708,#7709,#7710,#7711,#7712,#7713,#7714,
#7715,#7716,#7717,#7718,#7719,#7720),.UNSPECIFIED.,.F.,.F.,(4,2,2,2,2,2,
2,2,2,2,2,4),(0.,0.106801874394901,0.214378181053017,0.310880456143386,
0.407382731233757,0.49280028553672,0.578919043210417,0.665037800884115,
0.752088888712237,0.857207183448083,0.962392015393734,1.),.UNSPECIFIED.);
#271=B_SPLINE_CURVE_WITH_KNOTS('',3,(#7721,#7722,#7723,#7724),
 .UNSPECIFIED.,.F.,.F.,(4,4),(0.,1.),.UNSPECIFIED.);
#272=B_SPLINE_CURVE_WITH_KNOTS('',3,(#7727,#7728,#7729,#7730),
 .UNSPECIFIED.,.F.,.F.,(4,4),(0.,1.),.UNSPECIFIED.);
#273=B_SPLINE_CURVE_WITH_KNOTS('',3,(#7731,#7732,#7733,#7734,#7735,#7736),
 .UNSPECIFIED.,.F.,.F.,(4,2,4),(0.,0.164069660861595,1.),.UNSPECIFIED.);
#274=B_SPLINE_CURVE_WITH_KNOTS('',3,(#7739,#7740,#7741,#7742,#7743,#7744),
 .UNSPECIFIED.,.F.,.F.,(4,2,4),(0.,0.835930339138405,1.),.UNSPECIFIED.);
#275=B_SPLINE_CURVE_WITH_KNOTS('',3,(#7745,#7746,#7747,#7748),
 .UNSPECIFIED.,.F.,.F.,(4,4),(0.,1.),.UNSPECIFIED.);
#276=B_SPLINE_CURVE_WITH_KNOTS('',3,(#7752,#7753,#7754,#7755,#7756,#7757,
#7758,#7759,#7760,#7761,#7762,#7763,#7764,#7765,#7766,#7767,#7768,#7769,
#7770,#7771,#7772,#7773,#7774,#7775,#7776,#7777),.UNSPECIFIED.,.F.,.F.,
(4,2,2,2,2,2,2,2,2,2,2,2,4),(0.,0.080773090217051,0.202467646669891,0.324068873824086,
0.40662383537831,0.490547461863737,0.544651088254112,0.598169378873573,
0.651039287153229,0.73466986934105,0.818415619325404,0.922987032004281,
1.),.UNSPECIFIED.);
#277=B_SPLINE_CURVE_WITH_KNOTS('',3,(#7780,#7781,#7782,#7783,#7784,#7785,
#7786,#7787,#7788,#7789,#7790,#7791,#7792,#7793,#7794,#7795,#7796,#7797,
#7798,#7799,#7800,#7801,#7802,#7803,#7804,#7805),.UNSPECIFIED.,.F.,.F.,
(4,2,2,2,2,2,2,2,2,2,2,2,4),(0.,0.0770129679957188,0.181584380674596,0.26533013065895,
0.348960712846771,0.401830621126427,0.455348911745888,0.509452538136263,
0.59337616462169,0.675931126175914,0.797532353330109,0.919226909782949,
1.),.UNSPECIFIED.);
#278=B_SPLINE_CURVE_WITH_KNOTS('',3,(#7806,#7807,#7808,#7809,#7810,#7811),
 .UNSPECIFIED.,.F.,.F.,(4,2,4),(0.,0.540425531914893,1.),.UNSPECIFIED.);
#279=B_SPLINE_CURVE_WITH_KNOTS('',3,(#7814,#7815,#7816,#7817,#7818,#7819),
 .UNSPECIFIED.,.F.,.F.,(4,2,4),(0.,0.459574468085107,1.),.UNSPECIFIED.);
#280=B_SPLINE_CURVE_WITH_KNOTS('',3,(#7820,#7821,#7822,#7823),
 .UNSPECIFIED.,.F.,.F.,(4,4),(0.,1.),.UNSPECIFIED.);
#281=B_SPLINE_CURVE_WITH_KNOTS('',3,(#7826,#7827,#7828,#7829),
 .UNSPECIFIED.,.F.,.F.,(4,4),(0.,1.),.UNSPECIFIED.);
#282=B_SPLINE_CURVE_WITH_KNOTS('',3,(#7834,#7835,#7836,#7837),
 .UNSPECIFIED.,.F.,.F.,(4,4),(0.,1.),.UNSPECIFIED.);
#283=B_SPLINE_CURVE_WITH_KNOTS('',3,(#7840,#7841,#7842,#7843),
 .UNSPECIFIED.,.F.,.F.,(4,4),(0.,1.),.UNSPECIFIED.);
#284=B_SPLINE_CURVE_WITH_KNOTS('',3,(#7844,#7845,#7846,#7847,#7848,#7849,
#7850,#7851),.UNSPECIFIED.,.F.,.F.,(4,2,2,4),(0.,0.10211021992058,0.548430697315374,
1.),.UNSPECIFIED.);
#285=B_SPLINE_CURVE_WITH_KNOTS('',3,(#7855,#7856,#7857,#7858,#7859,#7860,
#7861,#7862),.UNSPECIFIED.,.F.,.F.,(4,2,2,4),(0.,0.451569302684626,0.89788978007942,
1.),.UNSPECIFIED.);
#286=B_SPLINE_CURVE_WITH_KNOTS('',3,(#7863,#7864,#7865,#7866,#7867,#7868,
#7869,#7870),.UNSPECIFIED.,.F.,.F.,(4,2,2,4),(0.,0.10211021992058,0.548430697315374,
1.),.UNSPECIFIED.);
#287=B_SPLINE_CURVE_WITH_KNOTS('',3,(#7873,#7874,#7875,#7876),
 .UNSPECIFIED.,.F.,.F.,(4,4),(0.,1.),.UNSPECIFIED.);
#288=B_SPLINE_CURVE_WITH_KNOTS('',3,(#7882,#7883,#7884,#7885,#7886,#7887,
#7888,#7889,#7890,#7891),.UNSPECIFIED.,.F.,.F.,(4,2,2,2,4),(0.,0.248650716992567,
0.497771832048085,0.748885916024044,1.),.UNSPECIFIED.);
#289=B_SPLINE_CURVE_WITH_KNOTS('',3,(#7892,#7893,#7894,#7895,#7896,#7897,
#7898,#7899,#7900,#7901),.UNSPECIFIED.,.F.,.F.,(4,2,2,2,4),(0.,0.251114083975957,
0.502228167951915,0.751349283007433,1.),.UNSPECIFIED.);
#290=B_SPLINE_CURVE_WITH_KNOTS('',3,(#7904,#7905,#7906,#7907),
 .UNSPECIFIED.,.F.,.F.,(4,4),(0.,1.),.UNSPECIFIED.);
#291=B_SPLINE_CURVE_WITH_KNOTS('',3,(#7911,#7912,#7913,#7914),
 .UNSPECIFIED.,.F.,.F.,(4,4),(0.,1.),.UNSPECIFIED.);
#292=B_SPLINE_CURVE_WITH_KNOTS('',3,(#7915,#7916,#7917,#7918),
 .UNSPECIFIED.,.F.,.F.,(4,4),(0.,1.),.UNSPECIFIED.);
#293=B_SPLINE_CURVE_WITH_KNOTS('',3,(#7921,#7922,#7923,#7924,#7925,#7926,
#7927,#7928,#7929,#7930),.UNSPECIFIED.,.F.,.F.,(4,2,2,2,4),(0.,0.197382819641604,
0.495903943562381,0.792346794933367,1.),.UNSPECIFIED.);
#294=B_SPLINE_CURVE_WITH_KNOTS('',3,(#7931,#7932,#7933,#7934,#7935,#7936,
#7937,#7938,#7939,#7940),.UNSPECIFIED.,.F.,.F.,(4,2,2,2,4),(0.,0.207653205066633,
0.504096056437619,0.802617180358396,1.),.UNSPECIFIED.);
#295=B_SPLINE_CURVE_WITH_KNOTS('',3,(#7943,#7944,#7945,#7946),
 .UNSPECIFIED.,.F.,.F.,(4,4),(0.,1.),.UNSPECIFIED.);
#296=B_SPLINE_CURVE_WITH_KNOTS('',3,(#7947,#7948,#7949,#7950),
 .UNSPECIFIED.,.F.,.F.,(4,4),(0.,1.),.UNSPECIFIED.);
#297=B_SPLINE_CURVE_WITH_KNOTS('',3,(#7953,#7954,#7955,#7956,#7957,#7958,
#7959,#7960),.UNSPECIFIED.,.F.,.F.,(4,2,2,4),(0.,0.275985663082439,0.637992831541225,
1.),.UNSPECIFIED.);
#298=B_SPLINE_CURVE_WITH_KNOTS('',3,(#7961,#7962,#7963,#7964,#7965,#7966,
#7967,#7968),.UNSPECIFIED.,.F.,.F.,(4,2,2,4),(0.,0.362007168458775,0.724014336917561,
1.),.UNSPECIFIED.);
#299=B_SPLINE_CURVE_WITH_KNOTS('',3,(#7971,#7972,#7973,#7974),
 .UNSPECIFIED.,.F.,.F.,(4,4),(0.,1.),.UNSPECIFIED.);
#300=B_SPLINE_CURVE_WITH_KNOTS('',3,(#7975,#7976,#7977,#7978),
 .UNSPECIFIED.,.F.,.F.,(4,4),(0.,1.),.UNSPECIFIED.);
#301=B_SPLINE_CURVE_WITH_KNOTS('',3,(#7981,#7982,#7983,#7984),
 .UNSPECIFIED.,.F.,.F.,(4,4),(0.,1.),.UNSPECIFIED.);
#302=B_SPLINE_CURVE_WITH_KNOTS('',3,(#7988,#7989,#7990,#7991,#7992,#7993),
 .UNSPECIFIED.,.F.,.F.,(4,2,4),(0.,0.46153846153848,1.),.UNSPECIFIED.);
#303=B_SPLINE_CURVE_WITH_KNOTS('',3,(#7994,#7995,#7996,#7997,#7998,#7999),
 .UNSPECIFIED.,.F.,.F.,(4,2,4),(0.,0.53846153846152,1.),.UNSPECIFIED.);
#304=B_SPLINE_CURVE_WITH_KNOTS('',3,(#8002,#8003,#8004,#8005,#8006,#8007,
#8008,#8009,#8010,#8011,#8012,#8013,#8014,#8015),.UNSPECIFIED.,.F.,.F.,
(4,2,2,2,2,2,4),(0.,0.258441100992479,0.408219466340392,0.557997831688305,
0.706499971500859,0.893573466467669,1.),.UNSPECIFIED.);
#305=B_SPLINE_CURVE_WITH_KNOTS('',3,(#8016,#8017,#8018,#8019,#8020,#8021,
#8022,#8023,#8024,#8025,#8026,#8027,#8028,#8029),.UNSPECIFIED.,.F.,.F.,
(4,2,2,2,2,2,4),(0.,0.106426533532331,0.293500028499141,0.442002168311695,
0.591780533659608,0.741558899007521,1.),.UNSPECIFIED.);
#306=B_SPLINE_CURVE_WITH_KNOTS('',3,(#8030,#8031,#8032,#8033),
 .UNSPECIFIED.,.F.,.F.,(4,4),(0.,1.),.UNSPECIFIED.);
#307=B_SPLINE_CURVE_WITH_KNOTS('',3,(#8034,#8035,#8036,#8037),
 .UNSPECIFIED.,.F.,.F.,(4,4),(0.,1.),.UNSPECIFIED.);
#308=B_SPLINE_CURVE_WITH_KNOTS('',3,(#8038,#8039,#8040,#8041,#8042,#8043,
#8044,#8045,#8046,#8047),.UNSPECIFIED.,.F.,.F.,(4,2,2,2,4),(0.,0.204667867072299,
0.474592155529962,0.740996133007728,1.),.UNSPECIFIED.);
#309=B_SPLINE_CURVE_WITH_KNOTS('',3,(#8048,#8049,#8050,#8051,#8052,#8053,
#8054,#8055,#8056,#8057),.UNSPECIFIED.,.F.,.F.,(4,2,2,2,4),(0.,0.259003866992272,
0.525407844470038,0.795332132927701,1.),.UNSPECIFIED.);
#310=B_SPLINE_CURVE_WITH_KNOTS('',3,(#8058,#8059,#8060,#8061,#8062,#8063,
#8064,#8065,#8066,#8067),.UNSPECIFIED.,.F.,.F.,(4,2,2,2,4),(0.,0.204667867072299,
0.474592155529962,0.740996133007728,1.),.UNSPECIFIED.);
#311=B_SPLINE_CURVE_WITH_KNOTS('',3,(#8069,#8070,#8071,#8072),
 .UNSPECIFIED.,.F.,.F.,(4,4),(0.,1.),.UNSPECIFIED.);
#312=B_SPLINE_CURVE_WITH_KNOTS('',3,(#8077,#8078,#8079,#8080),
 .UNSPECIFIED.,.F.,.F.,(4,4),(0.,1.),.UNSPECIFIED.);
#313=B_SPLINE_CURVE_WITH_KNOTS('',3,(#8083,#8084,#8085,#8086),
 .UNSPECIFIED.,.F.,.F.,(4,4),(0.,1.),.UNSPECIFIED.);
#314=B_SPLINE_CURVE_WITH_KNOTS('',3,(#8087,#8088,#8089,#8090,#8091,#8092,
#8093,#8094),.UNSPECIFIED.,.F.,.F.,(4,2,2,4),(0.,0.102110219920582,0.548430697315375,
1.),.UNSPECIFIED.);
#315=B_SPLINE_CURVE_WITH_KNOTS('',3,(#8098,#8099,#8100,#8101,#8102,#8103,
#8104,#8105),.UNSPECIFIED.,.F.,.F.,(4,2,2,4),(0.,0.451569302684626,0.897889780079419,
1.),.UNSPECIFIED.);
#316=B_SPLINE_CURVE_WITH_KNOTS('',3,(#8106,#8107,#8108,#8109,#8110,#8111,
#8112,#8113),.UNSPECIFIED.,.F.,.F.,(4,2,2,4),(0.,0.102110219920582,0.548430697315375,
1.),.UNSPECIFIED.);
#317=B_SPLINE_CURVE_WITH_KNOTS('',3,(#8116,#8117,#8118,#8119),
 .UNSPECIFIED.,.F.,.F.,(4,4),(0.,1.),.UNSPECIFIED.);
#318=B_SPLINE_CURVE_WITH_KNOTS('',3,(#8125,#8126,#8127,#8128,#8129,#8130,
#8131,#8132,#8133,#8134),.UNSPECIFIED.,.F.,.F.,(4,2,2,2,4),(0.,0.248650716992567,
0.497771832048078,0.74888591602404,1.),.UNSPECIFIED.);
#319=B_SPLINE_CURVE_WITH_KNOTS('',3,(#8135,#8136,#8137,#8138,#8139,#8140,
#8141,#8142,#8143,#8144),.UNSPECIFIED.,.F.,.F.,(4,2,2,2,4),(0.,0.25111408397596,
0.502228167951921,0.751349283007433,1.),.UNSPECIFIED.);
#320=B_SPLINE_CURVE_WITH_KNOTS('',3,(#8147,#8148,#8149,#8150),
 .UNSPECIFIED.,.F.,.F.,(4,4),(0.,1.),.UNSPECIFIED.);
#321=B_SPLINE_CURVE_WITH_KNOTS('',3,(#8154,#8155,#8156,#8157),
 .UNSPECIFIED.,.F.,.F.,(4,4),(0.,1.),.UNSPECIFIED.);
#322=B_SPLINE_CURVE_WITH_KNOTS('',3,(#8158,#8159,#8160,#8161),
 .UNSPECIFIED.,.F.,.F.,(4,4),(0.,1.),.UNSPECIFIED.);
#323=B_SPLINE_CURVE_WITH_KNOTS('',3,(#8164,#8165,#8166,#8167,#8168,#8169,
#8170,#8171,#8172,#8173),.UNSPECIFIED.,.F.,.F.,(4,2,2,2,4),(0.,0.197382819641604,
0.495903943562381,0.792346794933366,1.),.UNSPECIFIED.);
#324=B_SPLINE_CURVE_WITH_KNOTS('',3,(#8174,#8175,#8176,#8177,#8178,#8179,
#8180,#8181,#8182,#8183),.UNSPECIFIED.,.F.,.F.,(4,2,2,2,4),(0.,0.207653205066634,
0.504096056437619,0.802617180358396,1.),.UNSPECIFIED.);
#325=B_SPLINE_CURVE_WITH_KNOTS('',3,(#8186,#8187,#8188,#8189),
 .UNSPECIFIED.,.F.,.F.,(4,4),(0.,1.),.UNSPECIFIED.);
#326=B_SPLINE_CURVE_WITH_KNOTS('',3,(#8190,#8191,#8192,#8193),
 .UNSPECIFIED.,.F.,.F.,(4,4),(0.,1.),.UNSPECIFIED.);
#327=B_SPLINE_CURVE_WITH_KNOTS('',3,(#8196,#8197,#8198,#8199,#8200,#8201,
#8202,#8203),.UNSPECIFIED.,.F.,.F.,(4,2,2,4),(0.,0.275985663082435,0.637992831541218,
1.),.UNSPECIFIED.);
#328=B_SPLINE_CURVE_WITH_KNOTS('',3,(#8204,#8205,#8206,#8207,#8208,#8209,
#8210,#8211),.UNSPECIFIED.,.F.,.F.,(4,2,2,4),(0.,0.362007168458782,0.724014336917565,
1.),.UNSPECIFIED.);
#329=B_SPLINE_CURVE_WITH_KNOTS('',3,(#8214,#8215,#8216,#8217),
 .UNSPECIFIED.,.F.,.F.,(4,4),(0.,1.),.UNSPECIFIED.);
#330=B_SPLINE_CURVE_WITH_KNOTS('',3,(#8218,#8219,#8220,#8221),
 .UNSPECIFIED.,.F.,.F.,(4,4),(0.,1.),.UNSPECIFIED.);
#331=B_SPLINE_CURVE_WITH_KNOTS('',3,(#8224,#8225,#8226,#8227),
 .UNSPECIFIED.,.F.,.F.,(4,4),(0.,1.),.UNSPECIFIED.);
#332=B_SPLINE_CURVE_WITH_KNOTS('',3,(#8231,#8232,#8233,#8234,#8235,#8236),
 .UNSPECIFIED.,.F.,.F.,(4,2,4),(0.,0.461538461538468,1.),.UNSPECIFIED.);
#333=B_SPLINE_CURVE_WITH_KNOTS('',3,(#8237,#8238,#8239,#8240,#8241,#8242),
 .UNSPECIFIED.,.F.,.F.,(4,2,4),(0.,0.538461538461532,1.),.UNSPECIFIED.);
#334=B_SPLINE_CURVE_WITH_KNOTS('',3,(#8245,#8246,#8247,#8248,#8249,#8250,
#8251,#8252,#8253,#8254,#8255,#8256,#8257,#8258),.UNSPECIFIED.,.F.,.F.,
(4,2,2,2,2,2,4),(0.,0.258441100992472,0.408219466340383,0.557997831688296,
0.706499971500853,0.893573466467668,1.),.UNSPECIFIED.);
#335=B_SPLINE_CURVE_WITH_KNOTS('',3,(#8259,#8260,#8261,#8262,#8263,#8264,
#8265,#8266,#8267,#8268,#8269,#8270,#8271,#8272),.UNSPECIFIED.,.F.,.F.,
(4,2,2,2,2,2,4),(0.,0.106426533532332,0.293500028499147,0.442002168311704,
0.591780533659617,0.741558899007528,1.),.UNSPECIFIED.);
#336=B_SPLINE_CURVE_WITH_KNOTS('',3,(#8273,#8274,#8275,#8276),
 .UNSPECIFIED.,.F.,.F.,(4,4),(0.,1.),.UNSPECIFIED.);
#337=B_SPLINE_CURVE_WITH_KNOTS('',3,(#8277,#8278,#8279,#8280),
 .UNSPECIFIED.,.F.,.F.,(4,4),(0.,1.),.UNSPECIFIED.);
#338=B_SPLINE_CURVE_WITH_KNOTS('',3,(#8281,#8282,#8283,#8284,#8285,#8286,
#8287,#8288,#8289,#8290),.UNSPECIFIED.,.F.,.F.,(4,2,2,2,4),(0.,0.204667867072295,
0.474592155529959,0.740996133007728,1.),.UNSPECIFIED.);
#339=B_SPLINE_CURVE_WITH_KNOTS('',3,(#8291,#8292,#8293,#8294,#8295,#8296,
#8297,#8298,#8299,#8300),.UNSPECIFIED.,.F.,.F.,(4,2,2,2,4),(0.,0.259003866992272,
0.525407844470041,0.795332132927705,1.),.UNSPECIFIED.);
#340=B_SPLINE_CURVE_WITH_KNOTS('',3,(#8301,#8302,#8303,#8304,#8305,#8306,
#8307,#8308,#8309,#8310),.UNSPECIFIED.,.F.,.F.,(4,2,2,2,4),(0.,0.204667867072295,
0.474592155529959,0.740996133007728,1.),.UNSPECIFIED.);
#341=B_SPLINE_CURVE_WITH_KNOTS('',3,(#8314,#8315,#8316,#8317),
 .UNSPECIFIED.,.F.,.F.,(4,4),(0.,1.),.UNSPECIFIED.);
#342=B_SPLINE_CURVE_WITH_KNOTS('',3,(#8323,#8324,#8325,#8326,#8327,#8328),
 .UNSPECIFIED.,.F.,.F.,(4,2,4),(0.,0.333333333333333,1.),.UNSPECIFIED.);
#343=B_SPLINE_CURVE_WITH_KNOTS('',3,(#8329,#8330,#8331,#8332,#8333,#8334),
 .UNSPECIFIED.,.F.,.F.,(4,2,4),(0.,0.666666666666667,1.),.UNSPECIFIED.);
#344=B_SPLINE_CURVE_WITH_KNOTS('',3,(#8337,#8338,#8339,#8340),
 .UNSPECIFIED.,.F.,.F.,(4,4),(0.,1.),.UNSPECIFIED.);
#345=B_SPLINE_CURVE_WITH_KNOTS('',3,(#8341,#8342,#8343,#8344),
 .UNSPECIFIED.,.F.,.F.,(4,4),(0.,1.),.UNSPECIFIED.);
#346=B_SPLINE_CURVE_WITH_KNOTS('',3,(#8347,#8348,#8349,#8350),
 .UNSPECIFIED.,.F.,.F.,(4,4),(0.,1.),.UNSPECIFIED.);
#347=B_SPLINE_CURVE_WITH_KNOTS('',3,(#8354,#8355,#8356,#8357,#8358,#8359),
 .UNSPECIFIED.,.F.,.F.,(4,2,4),(0.,0.5,1.),.UNSPECIFIED.);
#348=B_SPLINE_CURVE_WITH_KNOTS('',3,(#8360,#8361,#8362,#8363,#8364,#8365),
 .UNSPECIFIED.,.F.,.F.,(4,2,4),(0.,0.5,1.),.UNSPECIFIED.);
#349=B_SPLINE_CURVE_WITH_KNOTS('',3,(#8368,#8369,#8370,#8371),
 .UNSPECIFIED.,.F.,.F.,(4,4),(0.,1.),.UNSPECIFIED.);
#350=B_SPLINE_CURVE_WITH_KNOTS('',3,(#8375,#8376,#8377,#8378),
 .UNSPECIFIED.,.F.,.F.,(4,4),(0.,1.),.UNSPECIFIED.);
#351=B_SPLINE_CURVE_WITH_KNOTS('',3,(#8379,#8380,#8381,#8382),
 .UNSPECIFIED.,.F.,.F.,(4,4),(0.,1.),.UNSPECIFIED.);
#352=B_SPLINE_CURVE_WITH_KNOTS('',3,(#8385,#8386,#8387,#8388),
 .UNSPECIFIED.,.F.,.F.,(4,4),(0.,1.),.UNSPECIFIED.);
#353=B_SPLINE_CURVE_WITH_KNOTS('',3,(#8392,#8393,#8394,#8395,#8396,#8397,
#8398,#8399,#8400,#8401,#8402,#8403),.UNSPECIFIED.,.F.,.F.,(4,2,2,2,2,4),
(0.,0.124941572808408,0.31407331146334,0.501388722678483,0.689014103581482,
1.),.UNSPECIFIED.);
#354=B_SPLINE_CURVE_WITH_KNOTS('',3,(#8404,#8405,#8406,#8407,#8408,#8409,
#8410,#8411,#8412,#8413,#8414,#8415),.UNSPECIFIED.,.F.,.F.,(4,2,2,2,2,4),
(0.,0.310985896418518,0.498611277321517,0.68592668853666,0.875058427191592,
1.),.UNSPECIFIED.);
#355=B_SPLINE_CURVE_WITH_KNOTS('',3,(#8418,#8419,#8420,#8421),
 .UNSPECIFIED.,.F.,.F.,(4,4),(0.,1.),.UNSPECIFIED.);
#356=B_SPLINE_CURVE_WITH_KNOTS('',3,(#8422,#8423,#8424,#8425),
 .UNSPECIFIED.,.F.,.F.,(4,4),(0.,1.),.UNSPECIFIED.);
#357=B_SPLINE_CURVE_WITH_KNOTS('',3,(#8428,#8429,#8430,#8431),
 .UNSPECIFIED.,.F.,.F.,(4,4),(0.,1.),.UNSPECIFIED.);
#358=B_SPLINE_CURVE_WITH_KNOTS('',3,(#8435,#8436,#8437,#8438,#8439,#8440,
#8441,#8442),.UNSPECIFIED.,.F.,.F.,(4,2,2,4),(0.,0.362549800796809,0.725099601593621,
1.),.UNSPECIFIED.);
#359=B_SPLINE_CURVE_WITH_KNOTS('',3,(#8443,#8444,#8445,#8446,#8447,#8448,
#8449,#8450),.UNSPECIFIED.,.F.,.F.,(4,2,2,4),(0.,0.274900398406379,0.637450199203191,
1.),.UNSPECIFIED.);
#360=B_SPLINE_CURVE_WITH_KNOTS('',3,(#8453,#8454,#8455,#8456,#8457,#8458,
#8459,#8460),.UNSPECIFIED.,.F.,.F.,(4,2,2,4),(0.,0.304309053392242,0.653589802240632,
1.),.UNSPECIFIED.);
#361=B_SPLINE_CURVE_WITH_KNOTS('',3,(#8461,#8462,#8463,#8464,#8465,#8466,
#8467,#8468),.UNSPECIFIED.,.F.,.F.,(4,2,2,4),(0.,0.346410197759368,0.695690946607758,
1.),.UNSPECIFIED.);
#362=B_SPLINE_CURVE_WITH_KNOTS('',3,(#8471,#8472,#8473,#8474),
 .UNSPECIFIED.,.F.,.F.,(4,4),(0.,1.),.UNSPECIFIED.);
#363=B_SPLINE_CURVE_WITH_KNOTS('',3,(#8475,#8476,#8477,#8478),
 .UNSPECIFIED.,.F.,.F.,(4,4),(0.,1.),.UNSPECIFIED.);
#364=B_SPLINE_CURVE_WITH_KNOTS('',3,(#8479,#8480,#8481,#8482),
 .UNSPECIFIED.,.F.,.F.,(4,4),(0.,1.),.UNSPECIFIED.);
#365=B_SPLINE_CURVE_WITH_KNOTS('',3,(#8483,#8484,#8485,#8486),
 .UNSPECIFIED.,.F.,.F.,(4,4),(0.,1.),.UNSPECIFIED.);
#366=B_SPLINE_CURVE_WITH_KNOTS('',3,(#8490,#8491,#8492,#8493),
 .UNSPECIFIED.,.F.,.F.,(4,4),(0.,1.),.UNSPECIFIED.);
#367=B_SPLINE_CURVE_WITH_KNOTS('',3,(#8499,#8500,#8501,#8502,#8503,#8504,
#8505,#8506,#8507,#8508),.UNSPECIFIED.,.F.,.F.,(4,2,2,2,4),(0.,0.404559411368085,
0.61826560424344,0.832409289667857,1.),.UNSPECIFIED.);
#368=B_SPLINE_CURVE_WITH_KNOTS('',3,(#8509,#8510,#8511,#8512,#8513,#8514,
#8515,#8516,#8517,#8518),.UNSPECIFIED.,.F.,.F.,(4,2,2,2,4),(0.,0.167590710332142,
0.38173439575656,0.595440588631915,1.),.UNSPECIFIED.);
#369=B_SPLINE_CURVE_WITH_KNOTS('',3,(#8521,#8522,#8523,#8524),
 .UNSPECIFIED.,.F.,.F.,(4,4),(0.,1.),.UNSPECIFIED.);
#370=B_SPLINE_CURVE_WITH_KNOTS('',3,(#8525,#8526,#8527,#8528),
 .UNSPECIFIED.,.F.,.F.,(4,4),(0.,1.),.UNSPECIFIED.);
#371=B_SPLINE_CURVE_WITH_KNOTS('',3,(#8531,#8532,#8533,#8534),
 .UNSPECIFIED.,.F.,.F.,(4,4),(0.,1.),.UNSPECIFIED.);
#372=B_SPLINE_CURVE_WITH_KNOTS('',3,(#8538,#8539,#8540,#8541,#8542,#8543),
 .UNSPECIFIED.,.F.,.F.,(4,2,4),(0.,0.481481481481476,1.),.UNSPECIFIED.);
#373=B_SPLINE_CURVE_WITH_KNOTS('',3,(#8544,#8545,#8546,#8547,#8548,#8549),
 .UNSPECIFIED.,.F.,.F.,(4,2,4),(0.,0.518518518518524,1.),.UNSPECIFIED.);
#374=B_SPLINE_CURVE_WITH_KNOTS('',3,(#8552,#8553,#8554,#8555),
 .UNSPECIFIED.,.F.,.F.,(4,4),(0.,1.),.UNSPECIFIED.);
#375=B_SPLINE_CURVE_WITH_KNOTS('',3,(#8559,#8560,#8561,#8562),
 .UNSPECIFIED.,.F.,.F.,(4,4),(0.,1.),.UNSPECIFIED.);
#376=B_SPLINE_CURVE_WITH_KNOTS('',3,(#8563,#8564,#8565,#8566),
 .UNSPECIFIED.,.F.,.F.,(4,4),(0.,1.),.UNSPECIFIED.);
#377=B_SPLINE_CURVE_WITH_KNOTS('',3,(#8569,#8570,#8571,#8572),
 .UNSPECIFIED.,.F.,.F.,(4,4),(0.,1.),.UNSPECIFIED.);
#378=B_SPLINE_CURVE_WITH_KNOTS('',3,(#8573,#8574,#8575,#8576),
 .UNSPECIFIED.,.F.,.F.,(4,4),(0.,1.),.UNSPECIFIED.);
#379=B_SPLINE_CURVE_WITH_KNOTS('',3,(#8579,#8580,#8581,#8582,#8583,#8584,
#8585,#8586,#8587,#8588,#8589,#8590,#8591,#8592),.UNSPECIFIED.,.F.,.F.,
(4,2,2,2,2,2,4),(0.,0.0962142847449539,0.24336554376667,0.468877482732892,
0.585084258298591,0.790724679765341,1.),.UNSPECIFIED.);
#380=B_SPLINE_CURVE_WITH_KNOTS('',3,(#8593,#8594,#8595,#8596,#8597,#8598,
#8599,#8600,#8601,#8602,#8603,#8604,#8605,#8606),.UNSPECIFIED.,.F.,.F.,
(4,2,2,2,2,2,4),(0.,0.209275320234659,0.414915741701409,0.531122517267108,
0.75663445623333,0.903785715255046,1.),.UNSPECIFIED.);
#381=B_SPLINE_CURVE_WITH_KNOTS('',3,(#8609,#8610,#8611,#8612),
 .UNSPECIFIED.,.F.,.F.,(4,4),(0.,1.),.UNSPECIFIED.);
#382=B_SPLINE_CURVE_WITH_KNOTS('',3,(#8613,#8614,#8615,#8616),
 .UNSPECIFIED.,.F.,.F.,(4,4),(0.,1.),.UNSPECIFIED.);
#383=B_SPLINE_CURVE_WITH_KNOTS('',3,(#8619,#8620,#8621,#8622),
 .UNSPECIFIED.,.F.,.F.,(4,4),(0.,1.),.UNSPECIFIED.);
#384=B_SPLINE_CURVE_WITH_KNOTS('',3,(#8626,#8627,#8628,#8629),
 .UNSPECIFIED.,.F.,.F.,(4,4),(0.,1.),.UNSPECIFIED.);
#385=B_SPLINE_CURVE_WITH_KNOTS('',3,(#8630,#8631,#8632,#8633),
 .UNSPECIFIED.,.F.,.F.,(4,4),(0.,1.),.UNSPECIFIED.);
#386=B_SPLINE_CURVE_WITH_KNOTS('',3,(#8636,#8637,#8638,#8639,#8640,#8641,
#8642,#8643),.UNSPECIFIED.,.F.,.F.,(4,2,2,4),(0.,0.373250602712783,0.745482478258995,
1.),.UNSPECIFIED.);
#387=B_SPLINE_CURVE_WITH_KNOTS('',3,(#8644,#8645,#8646,#8647,#8648,#8649,
#8650,#8651),.UNSPECIFIED.,.F.,.F.,(4,2,2,4),(0.,0.254517521741005,0.626749397287217,
1.),.UNSPECIFIED.);
#388=B_SPLINE_CURVE_WITH_KNOTS('',3,(#8654,#8655,#8656,#8657),
 .UNSPECIFIED.,.F.,.F.,(4,4),(0.,1.),.UNSPECIFIED.);
#389=B_SPLINE_CURVE_WITH_KNOTS('',3,(#8658,#8659,#8660,#8661),
 .UNSPECIFIED.,.F.,.F.,(4,4),(0.,1.),.UNSPECIFIED.);
#390=B_SPLINE_CURVE_WITH_KNOTS('',3,(#8664,#8665,#8666,#8667),
 .UNSPECIFIED.,.F.,.F.,(4,4),(0.,1.),.UNSPECIFIED.);
#391=B_SPLINE_CURVE_WITH_KNOTS('',3,(#8669,#8670,#8671,#8672),
 .UNSPECIFIED.,.F.,.F.,(4,4),(0.,1.),.UNSPECIFIED.);
#392=B_SPLINE_CURVE_WITH_KNOTS('',3,(#8673,#8674,#8675,#8676),
 .UNSPECIFIED.,.F.,.F.,(4,4),(0.,1.),.UNSPECIFIED.);
#393=B_SPLINE_CURVE_WITH_KNOTS('',3,(#8680,#8681,#8682,#8683),
 .UNSPECIFIED.,.F.,.F.,(4,4),(0.,1.),.UNSPECIFIED.);
#394=B_SPLINE_CURVE_WITH_KNOTS('',3,(#8689,#8690,#8691,#8692),
 .UNSPECIFIED.,.F.,.F.,(4,4),(0.,1.),.UNSPECIFIED.);
#395=B_SPLINE_CURVE_WITH_KNOTS('',3,(#8693,#8694,#8695,#8696),
 .UNSPECIFIED.,.F.,.F.,(4,4),(0.,1.),.UNSPECIFIED.);
#396=B_SPLINE_CURVE_WITH_KNOTS('',3,(#8699,#8700,#8701,#8702,#8703,#8704,
#8705,#8706,#8707,#8708,#8709,#8710,#8711,#8712,#8713,#8714,#8715,#8716),
 .UNSPECIFIED.,.F.,.F.,(4,2,2,2,2,2,2,2,4),(0.,0.088576333071704,0.164973420346049,
0.269573887146277,0.401909376607114,0.534244866067949,0.714321639701367,
0.895417272220311,1.),.UNSPECIFIED.);
#397=B_SPLINE_CURVE_WITH_KNOTS('',3,(#8717,#8718,#8719,#8720,#8721,#8722,
#8723,#8724,#8725,#8726,#8727,#8728,#8729,#8730,#8731,#8732,#8733,#8734),
 .UNSPECIFIED.,.F.,.F.,(4,2,2,2,2,2,2,2,4),(0.,0.10458272777969,0.285678360298633,
0.465755133932051,0.598090623392886,0.730426112853723,0.835026579653951,
0.911423666928296,1.),.UNSPECIFIED.);
#398=B_SPLINE_CURVE_WITH_KNOTS('',3,(#8737,#8738,#8739,#8740,#8741,#8742,
#8743,#8744),.UNSPECIFIED.,.F.,.F.,(4,2,2,4),(0.,0.354166666666662,0.70833333333333,
1.),.UNSPECIFIED.);
#399=B_SPLINE_CURVE_WITH_KNOTS('',3,(#8745,#8746,#8747,#8748,#8749,#8750,
#8751,#8752),.UNSPECIFIED.,.F.,.F.,(4,2,2,4),(0.,0.29166666666667,0.645833333333337,
1.),.UNSPECIFIED.);
#400=B_SPLINE_CURVE_WITH_KNOTS('',3,(#8755,#8756,#8757,#8758),
 .UNSPECIFIED.,.F.,.F.,(4,4),(0.,1.),.UNSPECIFIED.);
#401=B_SPLINE_CURVE_WITH_KNOTS('',3,(#8762,#8763,#8764,#8765),
 .UNSPECIFIED.,.F.,.F.,(4,4),(0.,1.),.UNSPECIFIED.);
#402=B_SPLINE_CURVE_WITH_KNOTS('',3,(#8766,#8767,#8768,#8769),
 .UNSPECIFIED.,.F.,.F.,(4,4),(0.,1.),.UNSPECIFIED.);
#403=B_SPLINE_CURVE_WITH_KNOTS('',3,(#8770,#8771,#8772,#8773,#8774,#8775,
#8776,#8777,#8778,#8779,#8780,#8781,#8782,#8783,#8784,#8785,#8786,#8787,
#8788,#8789,#8790,#8791,#8792,#8793),.UNSPECIFIED.,.F.,.F.,(4,2,2,2,2,2,
2,2,2,2,2,4),(0.,0.110145376082124,0.220125419730193,0.30454672084033,0.388732152110774,
0.464899923260223,0.541067694409673,0.61757180415763,0.694150548182061,
0.80670588335891,0.919261218535757,1.),.UNSPECIFIED.);
#404=B_SPLINE_CURVE_WITH_KNOTS('',3,(#8794,#8795,#8796,#8797,#8798,#8799,
#8800,#8801,#8802,#8803,#8804,#8805,#8806,#8807,#8808,#8809,#8810,#8811,
#8812,#8813,#8814,#8815,#8816,#8817),.UNSPECIFIED.,.F.,.F.,(4,2,2,2,2,2,
2,2,2,2,2,4),(0.,0.0807387814642434,0.19329411664109,0.305849451817939,
0.38242819584237,0.458932305590327,0.535100076739777,0.611267847889226,
0.69545327915967,0.779874580269807,0.889854623917876,1.),.UNSPECIFIED.);
#405=B_SPLINE_CURVE_WITH_KNOTS('',3,(#8819,#8820,#8821,#8822),
 .UNSPECIFIED.,.F.,.F.,(4,4),(0.,1.),.UNSPECIFIED.);
#406=B_SPLINE_CURVE_WITH_KNOTS('',3,(#8827,#8828,#8829,#8830),
 .UNSPECIFIED.,.F.,.F.,(4,4),(0.,1.),.UNSPECIFIED.);
#407=B_SPLINE_CURVE_WITH_KNOTS('',3,(#8833,#8834,#8835,#8836),
 .UNSPECIFIED.,.F.,.F.,(4,4),(0.,1.),.UNSPECIFIED.);
#408=B_SPLINE_CURVE_WITH_KNOTS('',3,(#8837,#8838,#8839,#8840,#8841,#8842,
#8843,#8844,#8845,#8846),.UNSPECIFIED.,.F.,.F.,(4,2,2,2,4),(0.,0.245826042601964,
0.491267271340967,0.745633635670482,1.),.UNSPECIFIED.);
#409=B_SPLINE_CURVE_WITH_KNOTS('',3,(#8850,#8851,#8852,#8853,#8854,#8855,
#8856,#8857,#8858,#8859),.UNSPECIFIED.,.F.,.F.,(4,2,2,2,4),(0.,0.254366364329518,
0.508732728659033,0.754173957398036,1.),.UNSPECIFIED.);
#410=B_SPLINE_CURVE_WITH_KNOTS('',3,(#8860,#8861,#8862,#8863,#8864,#8865,
#8866,#8867,#8868,#8869),.UNSPECIFIED.,.F.,.F.,(4,2,2,2,4),(0.,0.245826042601964,
0.491267271340967,0.745633635670482,1.),.UNSPECIFIED.);
#411=B_SPLINE_CURVE_WITH_KNOTS('',3,(#8872,#8873,#8874,#8875),
 .UNSPECIFIED.,.F.,.F.,(4,4),(0.,1.),.UNSPECIFIED.);
#412=B_SPLINE_CURVE_WITH_KNOTS('',3,(#8881,#8882,#8883,#8884,#8885,#8886,
#8887,#8888,#8889,#8890,#8891,#8892),.UNSPECIFIED.,.F.,.F.,(4,2,2,2,2,4),
(0.,0.034941492724933,0.359767962130795,0.684768770568302,0.843721131026828,
1.),.UNSPECIFIED.);
#413=B_SPLINE_CURVE_WITH_KNOTS('',3,(#8893,#8894,#8895,#8896,#8897,#8898,
#8899,#8900,#8901,#8902,#8903,#8904),.UNSPECIFIED.,.F.,.F.,(4,2,2,2,2,4),
(0.,0.156278868973172,0.315231229431698,0.640232037869204,0.965058507275067,
1.),.UNSPECIFIED.);
#414=B_SPLINE_CURVE_WITH_KNOTS('',3,(#8907,#8908,#8909,#8910),
 .UNSPECIFIED.,.F.,.F.,(4,4),(0.,1.),.UNSPECIFIED.);
#415=B_SPLINE_CURVE_WITH_KNOTS('',3,(#8911,#8912,#8913,#8914),
 .UNSPECIFIED.,.F.,.F.,(4,4),(0.,1.),.UNSPECIFIED.);
#416=B_SPLINE_CURVE_WITH_KNOTS('',3,(#8917,#8918,#8919,#8920),
 .UNSPECIFIED.,.F.,.F.,(4,4),(0.,1.),.UNSPECIFIED.);
#417=B_SPLINE_CURVE_WITH_KNOTS('',3,(#8921,#8922,#8923,#8924),
 .UNSPECIFIED.,.F.,.F.,(4,4),(0.,1.),.UNSPECIFIED.);
#418=B_SPLINE_CURVE_WITH_KNOTS('',3,(#8927,#8928,#8929,#8930),
 .UNSPECIFIED.,.F.,.F.,(4,4),(0.,1.),.UNSPECIFIED.);
#419=B_SPLINE_CURVE_WITH_KNOTS('',3,(#8931,#8932,#8933,#8934),
 .UNSPECIFIED.,.F.,.F.,(4,4),(0.,1.),.UNSPECIFIED.);
#420=B_SPLINE_CURVE_WITH_KNOTS('',3,(#8935,#8936,#8937,#8938,#8939,#8940,
#8941,#8942,#8943,#8944,#8945,#8946,#8947,#8948,#8949,#8950,#8951,#8952),
 .UNSPECIFIED.,.F.,.F.,(4,2,2,2,2,2,2,2,4),(0.,0.132068935383572,0.188838907085972,
0.307768404766316,0.456537272298828,0.611125948830166,0.765800747347998,
0.907205858057329,1.),.UNSPECIFIED.);
#421=B_SPLINE_CURVE_WITH_KNOTS('',3,(#8953,#8954,#8955,#8956,#8957,#8958,
#8959,#8960,#8961,#8962,#8963,#8964,#8965,#8966,#8967,#8968,#8969,#8970),
 .UNSPECIFIED.,.F.,.F.,(4,2,2,2,2,2,2,2,4),(0.,0.0927941419426712,0.234199252652002,
0.388874051169834,0.543462727701172,0.692231595233684,0.811161092914028,
0.867931064616428,1.),.UNSPECIFIED.);
#422=B_SPLINE_CURVE_WITH_KNOTS('',3,(#8971,#8972,#8973,#8974),
 .UNSPECIFIED.,.F.,.F.,(4,4),(0.,1.),.UNSPECIFIED.);
#423=B_SPLINE_CURVE_WITH_KNOTS('',3,(#8975,#8976,#8977,#8978),
 .UNSPECIFIED.,.F.,.F.,(4,4),(0.,1.),.UNSPECIFIED.);
#424=B_SPLINE_CURVE_WITH_KNOTS('',3,(#8979,#8980,#8981,#8982),
 .UNSPECIFIED.,.F.,.F.,(4,4),(0.,1.),.UNSPECIFIED.);
#425=B_SPLINE_CURVE_WITH_KNOTS('',3,(#8986,#8987,#8988,#8989),
 .UNSPECIFIED.,.F.,.F.,(4,4),(0.,1.),.UNSPECIFIED.);
#426=B_SPLINE_CURVE_WITH_KNOTS('',3,(#8995,#8996,#8997,#8998),
 .UNSPECIFIED.,.F.,.F.,(4,4),(0.,1.),.UNSPECIFIED.);
#427=B_SPLINE_CURVE_WITH_KNOTS('',3,(#8999,#9000,#9001,#9002),
 .UNSPECIFIED.,.F.,.F.,(4,4),(0.,1.),.UNSPECIFIED.);
#428=B_SPLINE_CURVE_WITH_KNOTS('',3,(#9005,#9006,#9007,#9008,#9009,#9010),
 .UNSPECIFIED.,.F.,.F.,(4,2,4),(0.,0.725564092871962,1.),.UNSPECIFIED.);
#429=B_SPLINE_CURVE_WITH_KNOTS('',3,(#9011,#9012,#9013,#9014,#9015,#9016),
 .UNSPECIFIED.,.F.,.F.,(4,2,4),(0.,0.274435907128038,1.),.UNSPECIFIED.);
#430=B_SPLINE_CURVE_WITH_KNOTS('',3,(#9019,#9020,#9021,#9022,#9023,#9024,
#9025,#9026,#9027,#9028),.UNSPECIFIED.,.F.,.F.,(4,2,2,2,4),(0.,0.180894415560089,
0.36042457752169,0.678682591908163,1.),.UNSPECIFIED.);
#431=B_SPLINE_CURVE_WITH_KNOTS('',3,(#9029,#9030,#9031,#9032,#9033,#9034,
#9035,#9036,#9037,#9038),.UNSPECIFIED.,.F.,.F.,(4,2,2,2,4),(0.,0.321317408091837,
0.63957542247831,0.819105584439911,1.),.UNSPECIFIED.);
#432=B_SPLINE_CURVE_WITH_KNOTS('',3,(#9041,#9042,#9043,#9044),
 .UNSPECIFIED.,.F.,.F.,(4,4),(0.,1.),.UNSPECIFIED.);
#433=B_SPLINE_CURVE_WITH_KNOTS('',3,(#9048,#9049,#9050,#9051,#9052,#9053),
 .UNSPECIFIED.,.F.,.F.,(4,2,4),(0.,0.500000000000009,1.),.UNSPECIFIED.);
#434=B_SPLINE_CURVE_WITH_KNOTS('',3,(#9054,#9055,#9056,#9057,#9058,#9059),
 .UNSPECIFIED.,.F.,.F.,(4,2,4),(0.,0.499999999999991,1.),.UNSPECIFIED.);
#435=B_SPLINE_CURVE_WITH_KNOTS('',3,(#9062,#9063,#9064,#9065,#9066,#9067,
#9068,#9069,#9070,#9071,#9072,#9073,#9074,#9075,#9076,#9077),
 .UNSPECIFIED.,.F.,.F.,(4,2,2,2,2,2,2,4),(0.,0.118215279728411,0.236430559456823,
0.353374945350383,0.501068290705578,0.708841473132707,0.916203155682095,
1.),.UNSPECIFIED.);
#436=B_SPLINE_CURVE_WITH_KNOTS('',3,(#9078,#9079,#9080,#9081,#9082,#9083,
#9084,#9085,#9086,#9087,#9088,#9089,#9090,#9091,#9092,#9093),
 .UNSPECIFIED.,.F.,.F.,(4,2,2,2,2,2,2,4),(0.,0.0837968443179046,0.291158526867293,
0.498931709294422,0.646625054649617,0.763569440543177,0.881784720271589,
1.),.UNSPECIFIED.);
#437=B_SPLINE_CURVE_WITH_KNOTS('',3,(#9096,#9097,#9098,#9099),
 .UNSPECIFIED.,.F.,.F.,(4,4),(0.,1.),.UNSPECIFIED.);
#438=B_SPLINE_CURVE_WITH_KNOTS('',3,(#9103,#9104,#9105,#9106,#9107,#9108),
 .UNSPECIFIED.,.F.,.F.,(4,2,4),(0.,0.481481481481489,1.),.UNSPECIFIED.);
#439=B_SPLINE_CURVE_WITH_KNOTS('',3,(#9109,#9110,#9111,#9112,#9113,#9114),
 .UNSPECIFIED.,.F.,.F.,(4,2,4),(0.,0.518518518518511,1.),.UNSPECIFIED.);
#440=B_SPLINE_CURVE_WITH_KNOTS('',3,(#9117,#9118,#9119,#9120),
 .UNSPECIFIED.,.F.,.F.,(4,4),(0.,1.),.UNSPECIFIED.);
#441=B_SPLINE_CURVE_WITH_KNOTS('',3,(#9124,#9125,#9126,#9127,#9128,#9129,
#9130,#9131,#9132,#9133),.UNSPECIFIED.,.F.,.F.,(4,2,2,2,4),(0.,0.582241406628634,
0.772131676342886,0.886065838171445,1.),.UNSPECIFIED.);
#442=B_SPLINE_CURVE_WITH_KNOTS('',3,(#9134,#9135,#9136,#9137,#9138,#9139,
#9140,#9141,#9142,#9143),.UNSPECIFIED.,.F.,.F.,(4,2,2,2,4),(0.,0.113934161828555,
0.227868323657114,0.417758593371367,1.),.UNSPECIFIED.);
#443=B_SPLINE_CURVE_WITH_KNOTS('',3,(#9146,#9147,#9148,#9149,#9150,#9151,
#9152,#9153),.UNSPECIFIED.,.F.,.F.,(4,2,2,4),(0.,0.203088445579475,0.374444321537159,
1.),.UNSPECIFIED.);
#444=B_SPLINE_CURVE_WITH_KNOTS('',3,(#9154,#9155,#9156,#9157,#9158,#9159,
#9160,#9161),.UNSPECIFIED.,.F.,.F.,(4,2,2,4),(0.,0.625555678462841,0.796911554420525,
1.),.UNSPECIFIED.);
#445=B_SPLINE_CURVE_WITH_KNOTS('',3,(#9164,#9165,#9166,#9167),
 .UNSPECIFIED.,.F.,.F.,(4,4),(0.,1.),.UNSPECIFIED.);
#446=B_SPLINE_CURVE_WITH_KNOTS('',3,(#9168,#9169,#9170,#9171),
 .UNSPECIFIED.,.F.,.F.,(4,4),(0.,1.),.UNSPECIFIED.);
#447=B_SPLINE_CURVE_WITH_KNOTS('',3,(#9174,#9175,#9176,#9177),
 .UNSPECIFIED.,.F.,.F.,(4,4),(0.,1.),.UNSPECIFIED.);
#448=B_SPLINE_CURVE_WITH_KNOTS('',3,(#9178,#9179,#9180,#9181),
 .UNSPECIFIED.,.F.,.F.,(4,4),(0.,1.),.UNSPECIFIED.);
#449=B_SPLINE_CURVE_WITH_KNOTS('',3,(#9184,#9185,#9186,#9187),
 .UNSPECIFIED.,.F.,.F.,(4,4),(0.,1.),.UNSPECIFIED.);
#450=B_SPLINE_CURVE_WITH_KNOTS('',3,(#9189,#9190,#9191,#9192,#9193,#9194),
 .UNSPECIFIED.,.F.,.F.,(4,2,4),(0.,0.490250696378833,1.),.UNSPECIFIED.);
#451=B_SPLINE_CURVE_WITH_KNOTS('',3,(#9195,#9196,#9197,#9198,#9199,#9200),
 .UNSPECIFIED.,.F.,.F.,(4,2,4),(0.,0.509749303621167,1.),.UNSPECIFIED.);
#452=B_SPLINE_CURVE_WITH_KNOTS('',3,(#9204,#9205,#9206,#9207),
 .UNSPECIFIED.,.F.,.F.,(4,4),(0.,1.),.UNSPECIFIED.);
#453=B_SPLINE_CURVE_WITH_KNOTS('',3,(#9213,#9214,#9215,#9216,#9217,#9218),
 .UNSPECIFIED.,.F.,.F.,(4,2,4),(0.,0.333333333333333,1.),.UNSPECIFIED.);
#454=B_SPLINE_CURVE_WITH_KNOTS('',3,(#9219,#9220,#9221,#9222,#9223,#9224),
 .UNSPECIFIED.,.F.,.F.,(4,2,4),(0.,0.666666666666667,1.),.UNSPECIFIED.);
#455=B_SPLINE_CURVE_WITH_KNOTS('',3,(#9227,#9228,#9229,#9230),
 .UNSPECIFIED.,.F.,.F.,(4,4),(0.,1.),.UNSPECIFIED.);
#456=B_SPLINE_CURVE_WITH_KNOTS('',3,(#9231,#9232,#9233,#9234),
 .UNSPECIFIED.,.F.,.F.,(4,4),(0.,1.),.UNSPECIFIED.);
#457=B_SPLINE_CURVE_WITH_KNOTS('',3,(#9237,#9238,#9239,#9240),
 .UNSPECIFIED.,.F.,.F.,(4,4),(0.,1.),.UNSPECIFIED.);
#458=B_SPLINE_CURVE_WITH_KNOTS('',3,(#9244,#9245,#9246,#9247,#9248,#9249),
 .UNSPECIFIED.,.F.,.F.,(4,2,4),(0.,0.5,1.),.UNSPECIFIED.);
#459=B_SPLINE_CURVE_WITH_KNOTS('',3,(#9250,#9251,#9252,#9253,#9254,#9255),
 .UNSPECIFIED.,.F.,.F.,(4,2,4),(0.,0.5,1.),.UNSPECIFIED.);
#460=B_SPLINE_CURVE_WITH_KNOTS('',3,(#9258,#9259,#9260,#9261),
 .UNSPECIFIED.,.F.,.F.,(4,4),(0.,1.),.UNSPECIFIED.);
#461=B_SPLINE_CURVE_WITH_KNOTS('',3,(#9265,#9266,#9267,#9268),
 .UNSPECIFIED.,.F.,.F.,(4,4),(0.,1.),.UNSPECIFIED.);
#462=B_SPLINE_CURVE_WITH_KNOTS('',3,(#9269,#9270,#9271,#9272),
 .UNSPECIFIED.,.F.,.F.,(4,4),(0.,1.),.UNSPECIFIED.);
#463=B_SPLINE_CURVE_WITH_KNOTS('',3,(#9275,#9276,#9277,#9278),
 .UNSPECIFIED.,.F.,.F.,(4,4),(0.,1.),.UNSPECIFIED.);
#464=B_SPLINE_CURVE_WITH_KNOTS('',3,(#9282,#9283,#9284,#9285,#9286,#9287,
#9288,#9289,#9290,#9291,#9292,#9293),.UNSPECIFIED.,.F.,.F.,(4,2,2,2,2,4),
(0.,0.12494157280841,0.314073311463341,0.501388722678484,0.689014103581482,
1.),.UNSPECIFIED.);
#465=B_SPLINE_CURVE_WITH_KNOTS('',3,(#9294,#9295,#9296,#9297,#9298,#9299,
#9300,#9301,#9302,#9303,#9304,#9305),.UNSPECIFIED.,.F.,.F.,(4,2,2,2,2,4),
(0.,0.310985896418518,0.498611277321516,0.685926688536659,0.87505842719159,
1.),.UNSPECIFIED.);
#466=B_SPLINE_CURVE_WITH_KNOTS('',3,(#9308,#9309,#9310,#9311),
 .UNSPECIFIED.,.F.,.F.,(4,4),(0.,1.),.UNSPECIFIED.);
#467=B_SPLINE_CURVE_WITH_KNOTS('',3,(#9312,#9313,#9314,#9315),
 .UNSPECIFIED.,.F.,.F.,(4,4),(0.,1.),.UNSPECIFIED.);
#468=B_SPLINE_CURVE_WITH_KNOTS('',3,(#9318,#9319,#9320,#9321),
 .UNSPECIFIED.,.F.,.F.,(4,4),(0.,1.),.UNSPECIFIED.);
#469=B_SPLINE_CURVE_WITH_KNOTS('',3,(#9325,#9326,#9327,#9328,#9329,#9330,
#9331,#9332),.UNSPECIFIED.,.F.,.F.,(4,2,2,4),(0.,0.362549800796813,0.725099601593625,
1.),.UNSPECIFIED.);
#470=B_SPLINE_CURVE_WITH_KNOTS('',3,(#9333,#9334,#9335,#9336,#9337,#9338,
#9339,#9340),.UNSPECIFIED.,.F.,.F.,(4,2,2,4),(0.,0.274900398406376,0.637450199203187,
1.),.UNSPECIFIED.);
#471=B_SPLINE_CURVE_WITH_KNOTS('',3,(#9343,#9344,#9345,#9346,#9347,#9348,
#9349,#9350),.UNSPECIFIED.,.F.,.F.,(4,2,2,4),(0.,0.304309053392242,0.653589802240632,
1.),.UNSPECIFIED.);
#472=B_SPLINE_CURVE_WITH_KNOTS('',3,(#9351,#9352,#9353,#9354,#9355,#9356,
#9357,#9358),.UNSPECIFIED.,.F.,.F.,(4,2,2,4),(0.,0.346410197759368,0.695690946607758,
1.),.UNSPECIFIED.);
#473=B_SPLINE_CURVE_WITH_KNOTS('',3,(#9361,#9362,#9363,#9364),
 .UNSPECIFIED.,.F.,.F.,(4,4),(0.,1.),.UNSPECIFIED.);
#474=B_SPLINE_CURVE_WITH_KNOTS('',3,(#9365,#9366,#9367,#9368),
 .UNSPECIFIED.,.F.,.F.,(4,4),(0.,1.),.UNSPECIFIED.);
#475=B_SPLINE_CURVE_WITH_KNOTS('',3,(#9369,#9370,#9371,#9372),
 .UNSPECIFIED.,.F.,.F.,(4,4),(0.,1.),.UNSPECIFIED.);
#476=B_SPLINE_CURVE_WITH_KNOTS('',3,(#9373,#9374,#9375,#9376),
 .UNSPECIFIED.,.F.,.F.,(4,4),(0.,1.),.UNSPECIFIED.);
#477=OVER_RIDING_STYLED_ITEM('',(#761),#2231,#737);
#478=OVER_RIDING_STYLED_ITEM('',(#762),#2232,#737);
#479=OVER_RIDING_STYLED_ITEM('',(#763),#2233,#737);
#480=OVER_RIDING_STYLED_ITEM('',(#765),#2234,#738);
#481=OVER_RIDING_STYLED_ITEM('',(#766),#2235,#738);
#482=OVER_RIDING_STYLED_ITEM('',(#767),#2236,#738);
#483=OVER_RIDING_STYLED_ITEM('',(#769),#2237,#739);
#484=OVER_RIDING_STYLED_ITEM('',(#770),#2238,#739);
#485=OVER_RIDING_STYLED_ITEM('',(#771),#2239,#739);
#486=OVER_RIDING_STYLED_ITEM('',(#773),#2240,#740);
#487=OVER_RIDING_STYLED_ITEM('',(#774),#2241,#740);
#488=OVER_RIDING_STYLED_ITEM('',(#775),#2242,#740);
#489=OVER_RIDING_STYLED_ITEM('',(#777),#2243,#741);
#490=OVER_RIDING_STYLED_ITEM('',(#778),#2244,#741);
#491=OVER_RIDING_STYLED_ITEM('',(#779),#2245,#741);
#492=OVER_RIDING_STYLED_ITEM('',(#781),#2246,#742);
#493=OVER_RIDING_STYLED_ITEM('',(#782),#2247,#742);
#494=OVER_RIDING_STYLED_ITEM('',(#783),#2248,#742);
#495=OVER_RIDING_STYLED_ITEM('',(#785),#2249,#743);
#496=OVER_RIDING_STYLED_ITEM('',(#786),#2250,#743);
#497=OVER_RIDING_STYLED_ITEM('',(#787),#2251,#743);
#498=OVER_RIDING_STYLED_ITEM('',(#789),#2252,#744);
#499=OVER_RIDING_STYLED_ITEM('',(#790),#2253,#744);
#500=OVER_RIDING_STYLED_ITEM('',(#791),#2254,#744);
#501=OVER_RIDING_STYLED_ITEM('',(#793),#2255,#745);
#502=OVER_RIDING_STYLED_ITEM('',(#794),#2256,#745);
#503=OVER_RIDING_STYLED_ITEM('',(#795),#2257,#745);
#504=OVER_RIDING_STYLED_ITEM('',(#797),#2258,#746);
#505=OVER_RIDING_STYLED_ITEM('',(#798),#2259,#746);
#506=OVER_RIDING_STYLED_ITEM('',(#799),#2260,#746);
#507=OVER_RIDING_STYLED_ITEM('',(#801),#2261,#747);
#508=OVER_RIDING_STYLED_ITEM('',(#802),#2262,#747);
#509=OVER_RIDING_STYLED_ITEM('',(#803),#2263,#747);
#510=OVER_RIDING_STYLED_ITEM('',(#805),#2264,#748);
#511=OVER_RIDING_STYLED_ITEM('',(#806),#2265,#748);
#512=OVER_RIDING_STYLED_ITEM('',(#807),#2266,#748);
#513=OVER_RIDING_STYLED_ITEM('',(#809),#2267,#749);
#514=OVER_RIDING_STYLED_ITEM('',(#810),#2268,#749);
#515=OVER_RIDING_STYLED_ITEM('',(#811),#2269,#749);
#516=OVER_RIDING_STYLED_ITEM('',(#813),#2278,#750);
#517=OVER_RIDING_STYLED_ITEM('',(#814),#2279,#750);
#518=OVER_RIDING_STYLED_ITEM('',(#815),#2280,#750);
#519=OVER_RIDING_STYLED_ITEM('',(#816),#2281,#750);
#520=OVER_RIDING_STYLED_ITEM('',(#817),#2282,#750);
#521=OVER_RIDING_STYLED_ITEM('',(#818),#2283,#750);
#522=OVER_RIDING_STYLED_ITEM('',(#819),#2284,#750);
#523=OVER_RIDING_STYLED_ITEM('',(#820),#2285,#750);
#524=OVER_RIDING_STYLED_ITEM('',(#821),#2286,#750);
#525=OVER_RIDING_STYLED_ITEM('',(#822),#2287,#750);
#526=OVER_RIDING_STYLED_ITEM('',(#823),#2288,#750);
#527=OVER_RIDING_STYLED_ITEM('',(#824),#2289,#750);
#528=OVER_RIDING_STYLED_ITEM('',(#825),#2290,#750);
#529=OVER_RIDING_STYLED_ITEM('',(#826),#2291,#750);
#530=OVER_RIDING_STYLED_ITEM('',(#827),#2292,#750);
#531=OVER_RIDING_STYLED_ITEM('',(#828),#2293,#750);
#532=OVER_RIDING_STYLED_ITEM('',(#829),#2294,#750);
#533=OVER_RIDING_STYLED_ITEM('',(#830),#2295,#750);
#534=OVER_RIDING_STYLED_ITEM('',(#831),#2296,#750);
#535=OVER_RIDING_STYLED_ITEM('',(#832),#2297,#750);
#536=OVER_RIDING_STYLED_ITEM('',(#833),#2298,#750);
#537=OVER_RIDING_STYLED_ITEM('',(#834),#2299,#750);
#538=OVER_RIDING_STYLED_ITEM('',(#835),#2300,#750);
#539=OVER_RIDING_STYLED_ITEM('',(#836),#2301,#750);
#540=OVER_RIDING_STYLED_ITEM('',(#837),#2302,#750);
#541=OVER_RIDING_STYLED_ITEM('',(#838),#2303,#750);
#542=OVER_RIDING_STYLED_ITEM('',(#839),#2304,#750);
#543=OVER_RIDING_STYLED_ITEM('',(#840),#2305,#750);
#544=OVER_RIDING_STYLED_ITEM('',(#841),#2306,#750);
#545=OVER_RIDING_STYLED_ITEM('',(#842),#2307,#750);
#546=OVER_RIDING_STYLED_ITEM('',(#843),#2308,#750);
#547=OVER_RIDING_STYLED_ITEM('',(#844),#2309,#750);
#548=OVER_RIDING_STYLED_ITEM('',(#845),#2310,#750);
#549=OVER_RIDING_STYLED_ITEM('',(#846),#2311,#750);
#550=OVER_RIDING_STYLED_ITEM('',(#847),#2312,#750);
#551=OVER_RIDING_STYLED_ITEM('',(#848),#2313,#750);
#552=OVER_RIDING_STYLED_ITEM('',(#849),#2314,#750);
#553=OVER_RIDING_STYLED_ITEM('',(#850),#2315,#750);
#554=OVER_RIDING_STYLED_ITEM('',(#851),#2316,#750);
#555=OVER_RIDING_STYLED_ITEM('',(#852),#2317,#750);
#556=OVER_RIDING_STYLED_ITEM('',(#853),#2318,#750);
#557=OVER_RIDING_STYLED_ITEM('',(#854),#2319,#750);
#558=OVER_RIDING_STYLED_ITEM('',(#855),#2320,#750);
#559=OVER_RIDING_STYLED_ITEM('',(#856),#2321,#750);
#560=OVER_RIDING_STYLED_ITEM('',(#857),#2322,#750);
#561=OVER_RIDING_STYLED_ITEM('',(#858),#2323,#750);
#562=OVER_RIDING_STYLED_ITEM('',(#859),#2324,#750);
#563=OVER_RIDING_STYLED_ITEM('',(#860),#2325,#750);
#564=OVER_RIDING_STYLED_ITEM('',(#861),#2326,#750);
#565=OVER_RIDING_STYLED_ITEM('',(#862),#2327,#750);
#566=OVER_RIDING_STYLED_ITEM('',(#863),#2328,#750);
#567=OVER_RIDING_STYLED_ITEM('',(#864),#2329,#750);
#568=OVER_RIDING_STYLED_ITEM('',(#865),#2330,#750);
#569=OVER_RIDING_STYLED_ITEM('',(#866),#2331,#750);
#570=OVER_RIDING_STYLED_ITEM('',(#867),#2332,#750);
#571=OVER_RIDING_STYLED_ITEM('',(#868),#2333,#750);
#572=OVER_RIDING_STYLED_ITEM('',(#869),#2334,#750);
#573=OVER_RIDING_STYLED_ITEM('',(#870),#2335,#750);
#574=OVER_RIDING_STYLED_ITEM('',(#871),#2336,#750);
#575=OVER_RIDING_STYLED_ITEM('',(#872),#2337,#750);
#576=OVER_RIDING_STYLED_ITEM('',(#873),#2338,#750);
#577=OVER_RIDING_STYLED_ITEM('',(#874),#2339,#750);
#578=OVER_RIDING_STYLED_ITEM('',(#875),#2340,#750);
#579=OVER_RIDING_STYLED_ITEM('',(#876),#2341,#750);
#580=OVER_RIDING_STYLED_ITEM('',(#877),#2342,#750);
#581=OVER_RIDING_STYLED_ITEM('',(#878),#2343,#750);
#582=OVER_RIDING_STYLED_ITEM('',(#879),#2344,#750);
#583=OVER_RIDING_STYLED_ITEM('',(#880),#2345,#750);
#584=OVER_RIDING_STYLED_ITEM('',(#881),#2346,#750);
#585=OVER_RIDING_STYLED_ITEM('',(#882),#2347,#750);
#586=OVER_RIDING_STYLED_ITEM('',(#883),#2348,#750);
#587=OVER_RIDING_STYLED_ITEM('',(#884),#2349,#750);
#588=OVER_RIDING_STYLED_ITEM('',(#885),#2350,#750);
#589=OVER_RIDING_STYLED_ITEM('',(#886),#2351,#750);
#590=OVER_RIDING_STYLED_ITEM('',(#887),#2352,#750);
#591=OVER_RIDING_STYLED_ITEM('',(#888),#2353,#750);
#592=OVER_RIDING_STYLED_ITEM('',(#889),#2354,#750);
#593=OVER_RIDING_STYLED_ITEM('',(#890),#2355,#750);
#594=OVER_RIDING_STYLED_ITEM('',(#891),#2356,#750);
#595=OVER_RIDING_STYLED_ITEM('',(#892),#2357,#750);
#596=OVER_RIDING_STYLED_ITEM('',(#893),#2358,#750);
#597=OVER_RIDING_STYLED_ITEM('',(#894),#2359,#750);
#598=OVER_RIDING_STYLED_ITEM('',(#895),#2360,#750);
#599=OVER_RIDING_STYLED_ITEM('',(#896),#2361,#750);
#600=OVER_RIDING_STYLED_ITEM('',(#897),#2362,#750);
#601=OVER_RIDING_STYLED_ITEM('',(#898),#2363,#750);
#602=OVER_RIDING_STYLED_ITEM('',(#899),#2364,#750);
#603=OVER_RIDING_STYLED_ITEM('',(#900),#2365,#750);
#604=OVER_RIDING_STYLED_ITEM('',(#901),#2366,#750);
#605=OVER_RIDING_STYLED_ITEM('',(#902),#2367,#750);
#606=OVER_RIDING_STYLED_ITEM('',(#903),#2368,#750);
#607=OVER_RIDING_STYLED_ITEM('',(#904),#2369,#750);
#608=OVER_RIDING_STYLED_ITEM('',(#905),#2370,#750);
#609=OVER_RIDING_STYLED_ITEM('',(#906),#2371,#750);
#610=OVER_RIDING_STYLED_ITEM('',(#907),#2372,#750);
#611=OVER_RIDING_STYLED_ITEM('',(#908),#2373,#750);
#612=OVER_RIDING_STYLED_ITEM('',(#909),#2374,#750);
#613=OVER_RIDING_STYLED_ITEM('',(#910),#2375,#750);
#614=OVER_RIDING_STYLED_ITEM('',(#911),#2376,#750);
#615=OVER_RIDING_STYLED_ITEM('',(#912),#2377,#750);
#616=OVER_RIDING_STYLED_ITEM('',(#913),#2378,#750);
#617=OVER_RIDING_STYLED_ITEM('',(#914),#2379,#750);
#618=OVER_RIDING_STYLED_ITEM('',(#915),#2380,#750);
#619=OVER_RIDING_STYLED_ITEM('',(#916),#2381,#750);
#620=OVER_RIDING_STYLED_ITEM('',(#917),#2382,#750);
#621=OVER_RIDING_STYLED_ITEM('',(#918),#2383,#750);
#622=OVER_RIDING_STYLED_ITEM('',(#919),#2384,#750);
#623=OVER_RIDING_STYLED_ITEM('',(#920),#2385,#750);
#624=OVER_RIDING_STYLED_ITEM('',(#921),#2386,#750);
#625=OVER_RIDING_STYLED_ITEM('',(#922),#2387,#750);
#626=OVER_RIDING_STYLED_ITEM('',(#923),#2388,#750);
#627=OVER_RIDING_STYLED_ITEM('',(#924),#2389,#750);
#628=OVER_RIDING_STYLED_ITEM('',(#925),#2390,#750);
#629=OVER_RIDING_STYLED_ITEM('',(#926),#2391,#750);
#630=OVER_RIDING_STYLED_ITEM('',(#927),#2392,#750);
#631=OVER_RIDING_STYLED_ITEM('',(#928),#2393,#750);
#632=OVER_RIDING_STYLED_ITEM('',(#929),#2394,#750);
#633=OVER_RIDING_STYLED_ITEM('',(#930),#2395,#750);
#634=OVER_RIDING_STYLED_ITEM('',(#931),#2396,#750);
#635=OVER_RIDING_STYLED_ITEM('',(#932),#2397,#750);
#636=OVER_RIDING_STYLED_ITEM('',(#933),#2398,#750);
#637=OVER_RIDING_STYLED_ITEM('',(#934),#2399,#750);
#638=OVER_RIDING_STYLED_ITEM('',(#935),#2400,#750);
#639=OVER_RIDING_STYLED_ITEM('',(#936),#2401,#750);
#640=OVER_RIDING_STYLED_ITEM('',(#937),#2402,#750);
#641=OVER_RIDING_STYLED_ITEM('',(#938),#2403,#750);
#642=OVER_RIDING_STYLED_ITEM('',(#939),#2404,#750);
#643=OVER_RIDING_STYLED_ITEM('',(#940),#2405,#750);
#644=OVER_RIDING_STYLED_ITEM('',(#941),#2406,#750);
#645=OVER_RIDING_STYLED_ITEM('',(#942),#2407,#750);
#646=OVER_RIDING_STYLED_ITEM('',(#943),#2408,#750);
#647=OVER_RIDING_STYLED_ITEM('',(#944),#2409,#750);
#648=OVER_RIDING_STYLED_ITEM('',(#945),#2410,#750);
#649=OVER_RIDING_STYLED_ITEM('',(#946),#2411,#750);
#650=OVER_RIDING_STYLED_ITEM('',(#947),#2412,#750);
#651=OVER_RIDING_STYLED_ITEM('',(#948),#2413,#750);
#652=OVER_RIDING_STYLED_ITEM('',(#949),#2414,#750);
#653=OVER_RIDING_STYLED_ITEM('',(#950),#2415,#750);
#654=OVER_RIDING_STYLED_ITEM('',(#951),#2416,#750);
#655=OVER_RIDING_STYLED_ITEM('',(#952),#2417,#750);
#656=OVER_RIDING_STYLED_ITEM('',(#953),#2418,#750);
#657=OVER_RIDING_STYLED_ITEM('',(#955),#2422,#751);
#658=OVER_RIDING_STYLED_ITEM('',(#956),#2423,#751);
#659=OVER_RIDING_STYLED_ITEM('',(#957),#2424,#751);
#660=OVER_RIDING_STYLED_ITEM('',(#959),#2425,#752);
#661=OVER_RIDING_STYLED_ITEM('',(#960),#2426,#752);
#662=OVER_RIDING_STYLED_ITEM('',(#961),#2427,#752);
#663=OVER_RIDING_STYLED_ITEM('',(#963),#2428,#753);
#664=OVER_RIDING_STYLED_ITEM('',(#964),#2429,#753);
#665=OVER_RIDING_STYLED_ITEM('',(#965),#2430,#753);
#666=OVER_RIDING_STYLED_ITEM('',(#967),#2431,#754);
#667=OVER_RIDING_STYLED_ITEM('',(#968),#2432,#754);
#668=OVER_RIDING_STYLED_ITEM('',(#969),#2433,#754);
#669=OVER_RIDING_STYLED_ITEM('',(#971),#2434,#755);
#670=OVER_RIDING_STYLED_ITEM('',(#972),#2435,#755);
#671=OVER_RIDING_STYLED_ITEM('',(#973),#2436,#755);
#672=OVER_RIDING_STYLED_ITEM('',(#975),#2437,#756);
#673=OVER_RIDING_STYLED_ITEM('',(#976),#2438,#756);
#674=OVER_RIDING_STYLED_ITEM('',(#977),#2439,#756);
#675=OVER_RIDING_STYLED_ITEM('',(#979),#2440,#757);
#676=OVER_RIDING_STYLED_ITEM('',(#980),#2441,#757);
#677=OVER_RIDING_STYLED_ITEM('',(#981),#2442,#757);
#678=FACE_BOUND('',#2807,.T.);
#679=FACE_BOUND('',#2808,.T.);
#680=FACE_BOUND('',#2811,.T.);
#681=FACE_BOUND('',#2812,.T.);
#682=FACE_BOUND('',#2815,.T.);
#683=FACE_BOUND('',#2816,.T.);
#684=FACE_BOUND('',#2819,.T.);
#685=FACE_BOUND('',#2820,.T.);
#686=FACE_BOUND('',#2823,.T.);
#687=FACE_BOUND('',#2824,.T.);
#688=FACE_BOUND('',#2827,.T.);
#689=FACE_BOUND('',#2828,.T.);
#690=FACE_BOUND('',#2831,.T.);
#691=FACE_BOUND('',#2832,.T.);
#692=FACE_BOUND('',#2835,.T.);
#693=FACE_BOUND('',#2836,.T.);
#694=FACE_BOUND('',#2839,.T.);
#695=FACE_BOUND('',#2840,.T.);
#696=FACE_BOUND('',#2843,.T.);
#697=FACE_BOUND('',#2844,.T.);
#698=FACE_BOUND('',#2847,.T.);
#699=FACE_BOUND('',#2848,.T.);
#700=FACE_BOUND('',#2851,.T.);
#701=FACE_BOUND('',#2852,.T.);
#702=FACE_BOUND('',#2855,.T.);
#703=FACE_BOUND('',#2856,.T.);
#704=FACE_BOUND('',#2859,.T.);
#705=FACE_BOUND('',#2860,.T.);
#706=FACE_BOUND('',#2861,.T.);
#707=FACE_BOUND('',#2862,.T.);
#708=FACE_BOUND('',#2863,.T.);
#709=FACE_BOUND('',#2864,.T.);
#710=FACE_BOUND('',#2865,.T.);
#711=FACE_BOUND('',#2866,.T.);
#712=FACE_BOUND('',#2867,.T.);
#713=FACE_BOUND('',#2868,.T.);
#714=FACE_BOUND('',#2869,.T.);
#715=FACE_BOUND('',#2917,.T.);
#716=FACE_BOUND('',#2918,.T.);
#717=FACE_BOUND('',#2934,.T.);
#718=FACE_BOUND('',#2935,.T.);
#719=FACE_BOUND('',#2986,.T.);
#720=FACE_BOUND('',#2987,.T.);
#721=FACE_BOUND('',#3024,.T.);
#722=FACE_BOUND('',#3025,.T.);
#723=FACE_BOUND('',#3028,.T.);
#724=FACE_BOUND('',#3029,.T.);
#725=FACE_BOUND('',#3032,.T.);
#726=FACE_BOUND('',#3033,.T.);
#727=FACE_BOUND('',#3036,.T.);
#728=FACE_BOUND('',#3037,.T.);
#729=FACE_BOUND('',#3040,.T.);
#730=FACE_BOUND('',#3041,.T.);
#731=FACE_BOUND('',#3044,.T.);
#732=FACE_BOUND('',#3045,.T.);
#733=FACE_BOUND('',#3048,.T.);
#734=FACE_BOUND('',#3049,.T.);
#735=PRESENTATION_LAYER_ASSIGNMENT('1','Layer 1',(#2105,#2106,#2107,#2108,
#2109,#2110,#2111,#2112,#2113,#2114,#2115,#2116,#2117,#2118,#2119,#2120,
#2121,#2122,#2123,#2124,#2125,#2126,#2127));
#736=STYLED_ITEM('',(#759),#2105);
#737=STYLED_ITEM('',(#760),#2106);
#738=STYLED_ITEM('',(#764),#2107);
#739=STYLED_ITEM('',(#768),#2108);
#740=STYLED_ITEM('',(#772),#2109);
#741=STYLED_ITEM('',(#776),#2110);
#742=STYLED_ITEM('',(#780),#2111);
#743=STYLED_ITEM('',(#784),#2112);
#744=STYLED_ITEM('',(#788),#2113);
#745=STYLED_ITEM('',(#792),#2114);
#746=STYLED_ITEM('',(#796),#2115);
#747=STYLED_ITEM('',(#800),#2116);
#748=STYLED_ITEM('',(#804),#2117);
#749=STYLED_ITEM('',(#808),#2118);
#750=STYLED_ITEM('',(#812),#2119);
#751=STYLED_ITEM('',(#954),#2120);
#752=STYLED_ITEM('',(#958),#2121);
#753=STYLED_ITEM('',(#962),#2122);
#754=STYLED_ITEM('',(#966),#2123);
#755=STYLED_ITEM('',(#970),#2124);
#756=STYLED_ITEM('',(#974),#2125);
#757=STYLED_ITEM('',(#978),#2126);
#758=STYLED_ITEM('',(#982),#2127);
#759=PRESENTATION_STYLE_ASSIGNMENT((#983));
#760=PRESENTATION_STYLE_ASSIGNMENT((#984));
#761=PRESENTATION_STYLE_ASSIGNMENT((#985));
#762=PRESENTATION_STYLE_ASSIGNMENT((#986));
#763=PRESENTATION_STYLE_ASSIGNMENT((#987));
#764=PRESENTATION_STYLE_ASSIGNMENT((#988));
#765=PRESENTATION_STYLE_ASSIGNMENT((#989));
#766=PRESENTATION_STYLE_ASSIGNMENT((#990));
#767=PRESENTATION_STYLE_ASSIGNMENT((#991));
#768=PRESENTATION_STYLE_ASSIGNMENT((#992));
#769=PRESENTATION_STYLE_ASSIGNMENT((#993));
#770=PRESENTATION_STYLE_ASSIGNMENT((#994));
#771=PRESENTATION_STYLE_ASSIGNMENT((#995));
#772=PRESENTATION_STYLE_ASSIGNMENT((#996));
#773=PRESENTATION_STYLE_ASSIGNMENT((#997));
#774=PRESENTATION_STYLE_ASSIGNMENT((#998));
#775=PRESENTATION_STYLE_ASSIGNMENT((#999));
#776=PRESENTATION_STYLE_ASSIGNMENT((#1000));
#777=PRESENTATION_STYLE_ASSIGNMENT((#1001));
#778=PRESENTATION_STYLE_ASSIGNMENT((#1002));
#779=PRESENTATION_STYLE_ASSIGNMENT((#1003));
#780=PRESENTATION_STYLE_ASSIGNMENT((#1004));
#781=PRESENTATION_STYLE_ASSIGNMENT((#1005));
#782=PRESENTATION_STYLE_ASSIGNMENT((#1006));
#783=PRESENTATION_STYLE_ASSIGNMENT((#1007));
#784=PRESENTATION_STYLE_ASSIGNMENT((#1008));
#785=PRESENTATION_STYLE_ASSIGNMENT((#1009));
#786=PRESENTATION_STYLE_ASSIGNMENT((#1010));
#787=PRESENTATION_STYLE_ASSIGNMENT((#1011));
#788=PRESENTATION_STYLE_ASSIGNMENT((#1012));
#789=PRESENTATION_STYLE_ASSIGNMENT((#1013));
#790=PRESENTATION_STYLE_ASSIGNMENT((#1014));
#791=PRESENTATION_STYLE_ASSIGNMENT((#1015));
#792=PRESENTATION_STYLE_ASSIGNMENT((#1016));
#793=PRESENTATION_STYLE_ASSIGNMENT((#1017));
#794=PRESENTATION_STYLE_ASSIGNMENT((#1018));
#795=PRESENTATION_STYLE_ASSIGNMENT((#1019));
#796=PRESENTATION_STYLE_ASSIGNMENT((#1020));
#797=PRESENTATION_STYLE_ASSIGNMENT((#1021));
#798=PRESENTATION_STYLE_ASSIGNMENT((#1022));
#799=PRESENTATION_STYLE_ASSIGNMENT((#1023));
#800=PRESENTATION_STYLE_ASSIGNMENT((#1024));
#801=PRESENTATION_STYLE_ASSIGNMENT((#1025));
#802=PRESENTATION_STYLE_ASSIGNMENT((#1026));
#803=PRESENTATION_STYLE_ASSIGNMENT((#1027));
#804=PRESENTATION_STYLE_ASSIGNMENT((#1028));
#805=PRESENTATION_STYLE_ASSIGNMENT((#1029));
#806=PRESENTATION_STYLE_ASSIGNMENT((#1030));
#807=PRESENTATION_STYLE_ASSIGNMENT((#1031));
#808=PRESENTATION_STYLE_ASSIGNMENT((#1032));
#809=PRESENTATION_STYLE_ASSIGNMENT((#1033));
#810=PRESENTATION_STYLE_ASSIGNMENT((#1034));
#811=PRESENTATION_STYLE_ASSIGNMENT((#1035));
#812=PRESENTATION_STYLE_ASSIGNMENT((#1036));
#813=PRESENTATION_STYLE_ASSIGNMENT((#1037));
#814=PRESENTATION_STYLE_ASSIGNMENT((#1038));
#815=PRESENTATION_STYLE_ASSIGNMENT((#1039));
#816=PRESENTATION_STYLE_ASSIGNMENT((#1040));
#817=PRESENTATION_STYLE_ASSIGNMENT((#1041));
#818=PRESENTATION_STYLE_ASSIGNMENT((#1042));
#819=PRESENTATION_STYLE_ASSIGNMENT((#1043));
#820=PRESENTATION_STYLE_ASSIGNMENT((#1044));
#821=PRESENTATION_STYLE_ASSIGNMENT((#1045));
#822=PRESENTATION_STYLE_ASSIGNMENT((#1046));
#823=PRESENTATION_STYLE_ASSIGNMENT((#1047));
#824=PRESENTATION_STYLE_ASSIGNMENT((#1048));
#825=PRESENTATION_STYLE_ASSIGNMENT((#1049));
#826=PRESENTATION_STYLE_ASSIGNMENT((#1050));
#827=PRESENTATION_STYLE_ASSIGNMENT((#1051));
#828=PRESENTATION_STYLE_ASSIGNMENT((#1052));
#829=PRESENTATION_STYLE_ASSIGNMENT((#1053));
#830=PRESENTATION_STYLE_ASSIGNMENT((#1054));
#831=PRESENTATION_STYLE_ASSIGNMENT((#1055));
#832=PRESENTATION_STYLE_ASSIGNMENT((#1056));
#833=PRESENTATION_STYLE_ASSIGNMENT((#1057));
#834=PRESENTATION_STYLE_ASSIGNMENT((#1058));
#835=PRESENTATION_STYLE_ASSIGNMENT((#1059));
#836=PRESENTATION_STYLE_ASSIGNMENT((#1060));
#837=PRESENTATION_STYLE_ASSIGNMENT((#1061));
#838=PRESENTATION_STYLE_ASSIGNMENT((#1062));
#839=PRESENTATION_STYLE_ASSIGNMENT((#1063));
#840=PRESENTATION_STYLE_ASSIGNMENT((#1064));
#841=PRESENTATION_STYLE_ASSIGNMENT((#1065));
#842=PRESENTATION_STYLE_ASSIGNMENT((#1066));
#843=PRESENTATION_STYLE_ASSIGNMENT((#1067));
#844=PRESENTATION_STYLE_ASSIGNMENT((#1068));
#845=PRESENTATION_STYLE_ASSIGNMENT((#1069));
#846=PRESENTATION_STYLE_ASSIGNMENT((#1070));
#847=PRESENTATION_STYLE_ASSIGNMENT((#1071));
#848=PRESENTATION_STYLE_ASSIGNMENT((#1072));
#849=PRESENTATION_STYLE_ASSIGNMENT((#1073));
#850=PRESENTATION_STYLE_ASSIGNMENT((#1074));
#851=PRESENTATION_STYLE_ASSIGNMENT((#1075));
#852=PRESENTATION_STYLE_ASSIGNMENT((#1076));
#853=PRESENTATION_STYLE_ASSIGNMENT((#1077));
#854=PRESENTATION_STYLE_ASSIGNMENT((#1078));
#855=PRESENTATION_STYLE_ASSIGNMENT((#1079));
#856=PRESENTATION_STYLE_ASSIGNMENT((#1080));
#857=PRESENTATION_STYLE_ASSIGNMENT((#1081));
#858=PRESENTATION_STYLE_ASSIGNMENT((#1082));
#859=PRESENTATION_STYLE_ASSIGNMENT((#1083));
#860=PRESENTATION_STYLE_ASSIGNMENT((#1084));
#861=PRESENTATION_STYLE_ASSIGNMENT((#1085));
#862=PRESENTATION_STYLE_ASSIGNMENT((#1086));
#863=PRESENTATION_STYLE_ASSIGNMENT((#1087));
#864=PRESENTATION_STYLE_ASSIGNMENT((#1088));
#865=PRESENTATION_STYLE_ASSIGNMENT((#1089));
#866=PRESENTATION_STYLE_ASSIGNMENT((#1090));
#867=PRESENTATION_STYLE_ASSIGNMENT((#1091));
#868=PRESENTATION_STYLE_ASSIGNMENT((#1092));
#869=PRESENTATION_STYLE_ASSIGNMENT((#1093));
#870=PRESENTATION_STYLE_ASSIGNMENT((#1094));
#871=PRESENTATION_STYLE_ASSIGNMENT((#1095));
#872=PRESENTATION_STYLE_ASSIGNMENT((#1096));
#873=PRESENTATION_STYLE_ASSIGNMENT((#1097));
#874=PRESENTATION_STYLE_ASSIGNMENT((#1098));
#875=PRESENTATION_STYLE_ASSIGNMENT((#1099));
#876=PRESENTATION_STYLE_ASSIGNMENT((#1100));
#877=PRESENTATION_STYLE_ASSIGNMENT((#1101));
#878=PRESENTATION_STYLE_ASSIGNMENT((#1102));
#879=PRESENTATION_STYLE_ASSIGNMENT((#1103));
#880=PRESENTATION_STYLE_ASSIGNMENT((#1104));
#881=PRESENTATION_STYLE_ASSIGNMENT((#1105));
#882=PRESENTATION_STYLE_ASSIGNMENT((#1106));
#883=PRESENTATION_STYLE_ASSIGNMENT((#1107));
#884=PRESENTATION_STYLE_ASSIGNMENT((#1108));
#885=PRESENTATION_STYLE_ASSIGNMENT((#1109));
#886=PRESENTATION_STYLE_ASSIGNMENT((#1110));
#887=PRESENTATION_STYLE_ASSIGNMENT((#1111));
#888=PRESENTATION_STYLE_ASSIGNMENT((#1112));
#889=PRESENTATION_STYLE_ASSIGNMENT((#1113));
#890=PRESENTATION_STYLE_ASSIGNMENT((#1114));
#891=PRESENTATION_STYLE_ASSIGNMENT((#1115));
#892=PRESENTATION_STYLE_ASSIGNMENT((#1116));
#893=PRESENTATION_STYLE_ASSIGNMENT((#1117));
#894=PRESENTATION_STYLE_ASSIGNMENT((#1118));
#895=PRESENTATION_STYLE_ASSIGNMENT((#1119));
#896=PRESENTATION_STYLE_ASSIGNMENT((#1120));
#897=PRESENTATION_STYLE_ASSIGNMENT((#1121));
#898=PRESENTATION_STYLE_ASSIGNMENT((#1122));
#899=PRESENTATION_STYLE_ASSIGNMENT((#1123));
#900=PRESENTATION_STYLE_ASSIGNMENT((#1124));
#901=PRESENTATION_STYLE_ASSIGNMENT((#1125));
#902=PRESENTATION_STYLE_ASSIGNMENT((#1126));
#903=PRESENTATION_STYLE_ASSIGNMENT((#1127));
#904=PRESENTATION_STYLE_ASSIGNMENT((#1128));
#905=PRESENTATION_STYLE_ASSIGNMENT((#1129));
#906=PRESENTATION_STYLE_ASSIGNMENT((#1130));
#907=PRESENTATION_STYLE_ASSIGNMENT((#1131));
#908=PRESENTATION_STYLE_ASSIGNMENT((#1132));
#909=PRESENTATION_STYLE_ASSIGNMENT((#1133));
#910=PRESENTATION_STYLE_ASSIGNMENT((#1134));
#911=PRESENTATION_STYLE_ASSIGNMENT((#1135));
#912=PRESENTATION_STYLE_ASSIGNMENT((#1136));
#913=PRESENTATION_STYLE_ASSIGNMENT((#1137));
#914=PRESENTATION_STYLE_ASSIGNMENT((#1138));
#915=PRESENTATION_STYLE_ASSIGNMENT((#1139));
#916=PRESENTATION_STYLE_ASSIGNMENT((#1140));
#917=PRESENTATION_STYLE_ASSIGNMENT((#1141));
#918=PRESENTATION_STYLE_ASSIGNMENT((#1142));
#919=PRESENTATION_STYLE_ASSIGNMENT((#1143));
#920=PRESENTATION_STYLE_ASSIGNMENT((#1144));
#921=PRESENTATION_STYLE_ASSIGNMENT((#1145));
#922=PRESENTATION_STYLE_ASSIGNMENT((#1146));
#923=PRESENTATION_STYLE_ASSIGNMENT((#1147));
#924=PRESENTATION_STYLE_ASSIGNMENT((#1148));
#925=PRESENTATION_STYLE_ASSIGNMENT((#1149));
#926=PRESENTATION_STYLE_ASSIGNMENT((#1150));
#927=PRESENTATION_STYLE_ASSIGNMENT((#1151));
#928=PRESENTATION_STYLE_ASSIGNMENT((#1152));
#929=PRESENTATION_STYLE_ASSIGNMENT((#1153));
#930=PRESENTATION_STYLE_ASSIGNMENT((#1154));
#931=PRESENTATION_STYLE_ASSIGNMENT((#1155));
#932=PRESENTATION_STYLE_ASSIGNMENT((#1156));
#933=PRESENTATION_STYLE_ASSIGNMENT((#1157));
#934=PRESENTATION_STYLE_ASSIGNMENT((#1158));
#935=PRESENTATION_STYLE_ASSIGNMENT((#1159));
#936=PRESENTATION_STYLE_ASSIGNMENT((#1160));
#937=PRESENTATION_STYLE_ASSIGNMENT((#1161));
#938=PRESENTATION_STYLE_ASSIGNMENT((#1162));
#939=PRESENTATION_STYLE_ASSIGNMENT((#1163));
#940=PRESENTATION_STYLE_ASSIGNMENT((#1164));
#941=PRESENTATION_STYLE_ASSIGNMENT((#1165));
#942=PRESENTATION_STYLE_ASSIGNMENT((#1166));
#943=PRESENTATION_STYLE_ASSIGNMENT((#1167));
#944=PRESENTATION_STYLE_ASSIGNMENT((#1168));
#945=PRESENTATION_STYLE_ASSIGNMENT((#1169));
#946=PRESENTATION_STYLE_ASSIGNMENT((#1170));
#947=PRESENTATION_STYLE_ASSIGNMENT((#1171));
#948=PRESENTATION_STYLE_ASSIGNMENT((#1172));
#949=PRESENTATION_STYLE_ASSIGNMENT((#1173));
#950=PRESENTATION_STYLE_ASSIGNMENT((#1174));
#951=PRESENTATION_STYLE_ASSIGNMENT((#1175));
#952=PRESENTATION_STYLE_ASSIGNMENT((#1176));
#953=PRESENTATION_STYLE_ASSIGNMENT((#1177));
#954=PRESENTATION_STYLE_ASSIGNMENT((#1178));
#955=PRESENTATION_STYLE_ASSIGNMENT((#1179));
#956=PRESENTATION_STYLE_ASSIGNMENT((#1180));
#957=PRESENTATION_STYLE_ASSIGNMENT((#1181));
#958=PRESENTATION_STYLE_ASSIGNMENT((#1182));
#959=PRESENTATION_STYLE_ASSIGNMENT((#1183));
#960=PRESENTATION_STYLE_ASSIGNMENT((#1184));
#961=PRESENTATION_STYLE_ASSIGNMENT((#1185));
#962=PRESENTATION_STYLE_ASSIGNMENT((#1186));
#963=PRESENTATION_STYLE_ASSIGNMENT((#1187));
#964=PRESENTATION_STYLE_ASSIGNMENT((#1188));
#965=PRESENTATION_STYLE_ASSIGNMENT((#1189));
#966=PRESENTATION_STYLE_ASSIGNMENT((#1190));
#967=PRESENTATION_STYLE_ASSIGNMENT((#1191));
#968=PRESENTATION_STYLE_ASSIGNMENT((#1192));
#969=PRESENTATION_STYLE_ASSIGNMENT((#1193));
#970=PRESENTATION_STYLE_ASSIGNMENT((#1194));
#971=PRESENTATION_STYLE_ASSIGNMENT((#1195));
#972=PRESENTATION_STYLE_ASSIGNMENT((#1196));
#973=PRESENTATION_STYLE_ASSIGNMENT((#1197));
#974=PRESENTATION_STYLE_ASSIGNMENT((#1198));
#975=PRESENTATION_STYLE_ASSIGNMENT((#1199));
#976=PRESENTATION_STYLE_ASSIGNMENT((#1200));
#977=PRESENTATION_STYLE_ASSIGNMENT((#1201));
#978=PRESENTATION_STYLE_ASSIGNMENT((#1202));
#979=PRESENTATION_STYLE_ASSIGNMENT((#1203));
#980=PRESENTATION_STYLE_ASSIGNMENT((#1204));
#981=PRESENTATION_STYLE_ASSIGNMENT((#1205));
#982=PRESENTATION_STYLE_ASSIGNMENT((#1206));
#983=SURFACE_STYLE_USAGE(.BOTH.,#1207);
#984=SURFACE_STYLE_USAGE(.BOTH.,#1208);
#985=SURFACE_STYLE_USAGE(.BOTH.,#1209);
#986=SURFACE_STYLE_USAGE(.BOTH.,#1210);
#987=SURFACE_STYLE_USAGE(.BOTH.,#1211);
#988=SURFACE_STYLE_USAGE(.BOTH.,#1212);
#989=SURFACE_STYLE_USAGE(.BOTH.,#1213);
#990=SURFACE_STYLE_USAGE(.BOTH.,#1214);
#991=SURFACE_STYLE_USAGE(.BOTH.,#1215);
#992=SURFACE_STYLE_USAGE(.BOTH.,#1216);
#993=SURFACE_STYLE_USAGE(.BOTH.,#1217);
#994=SURFACE_STYLE_USAGE(.BOTH.,#1218);
#995=SURFACE_STYLE_USAGE(.BOTH.,#1219);
#996=SURFACE_STYLE_USAGE(.BOTH.,#1220);
#997=SURFACE_STYLE_USAGE(.BOTH.,#1221);
#998=SURFACE_STYLE_USAGE(.BOTH.,#1222);
#999=SURFACE_STYLE_USAGE(.BOTH.,#1223);
#1000=SURFACE_STYLE_USAGE(.BOTH.,#1224);
#1001=SURFACE_STYLE_USAGE(.BOTH.,#1225);
#1002=SURFACE_STYLE_USAGE(.BOTH.,#1226);
#1003=SURFACE_STYLE_USAGE(.BOTH.,#1227);
#1004=SURFACE_STYLE_USAGE(.BOTH.,#1228);
#1005=SURFACE_STYLE_USAGE(.BOTH.,#1229);
#1006=SURFACE_STYLE_USAGE(.BOTH.,#1230);
#1007=SURFACE_STYLE_USAGE(.BOTH.,#1231);
#1008=SURFACE_STYLE_USAGE(.BOTH.,#1232);
#1009=SURFACE_STYLE_USAGE(.BOTH.,#1233);
#1010=SURFACE_STYLE_USAGE(.BOTH.,#1234);
#1011=SURFACE_STYLE_USAGE(.BOTH.,#1235);
#1012=SURFACE_STYLE_USAGE(.BOTH.,#1236);
#1013=SURFACE_STYLE_USAGE(.BOTH.,#1237);
#1014=SURFACE_STYLE_USAGE(.BOTH.,#1238);
#1015=SURFACE_STYLE_USAGE(.BOTH.,#1239);
#1016=SURFACE_STYLE_USAGE(.BOTH.,#1240);
#1017=SURFACE_STYLE_USAGE(.BOTH.,#1241);
#1018=SURFACE_STYLE_USAGE(.BOTH.,#1242);
#1019=SURFACE_STYLE_USAGE(.BOTH.,#1243);
#1020=SURFACE_STYLE_USAGE(.BOTH.,#1244);
#1021=SURFACE_STYLE_USAGE(.BOTH.,#1245);
#1022=SURFACE_STYLE_USAGE(.BOTH.,#1246);
#1023=SURFACE_STYLE_USAGE(.BOTH.,#1247);
#1024=SURFACE_STYLE_USAGE(.BOTH.,#1248);
#1025=SURFACE_STYLE_USAGE(.BOTH.,#1249);
#1026=SURFACE_STYLE_USAGE(.BOTH.,#1250);
#1027=SURFACE_STYLE_USAGE(.BOTH.,#1251);
#1028=SURFACE_STYLE_USAGE(.BOTH.,#1252);
#1029=SURFACE_STYLE_USAGE(.BOTH.,#1253);
#1030=SURFACE_STYLE_USAGE(.BOTH.,#1254);
#1031=SURFACE_STYLE_USAGE(.BOTH.,#1255);
#1032=SURFACE_STYLE_USAGE(.BOTH.,#1256);
#1033=SURFACE_STYLE_USAGE(.BOTH.,#1257);
#1034=SURFACE_STYLE_USAGE(.BOTH.,#1258);
#1035=SURFACE_STYLE_USAGE(.BOTH.,#1259);
#1036=SURFACE_STYLE_USAGE(.BOTH.,#1260);
#1037=SURFACE_STYLE_USAGE(.BOTH.,#1261);
#1038=SURFACE_STYLE_USAGE(.BOTH.,#1262);
#1039=SURFACE_STYLE_USAGE(.BOTH.,#1263);
#1040=SURFACE_STYLE_USAGE(.BOTH.,#1264);
#1041=SURFACE_STYLE_USAGE(.BOTH.,#1265);
#1042=SURFACE_STYLE_USAGE(.BOTH.,#1266);
#1043=SURFACE_STYLE_USAGE(.BOTH.,#1267);
#1044=SURFACE_STYLE_USAGE(.BOTH.,#1268);
#1045=SURFACE_STYLE_USAGE(.BOTH.,#1269);
#1046=SURFACE_STYLE_USAGE(.BOTH.,#1270);
#1047=SURFACE_STYLE_USAGE(.BOTH.,#1271);
#1048=SURFACE_STYLE_USAGE(.BOTH.,#1272);
#1049=SURFACE_STYLE_USAGE(.BOTH.,#1273);
#1050=SURFACE_STYLE_USAGE(.BOTH.,#1274);
#1051=SURFACE_STYLE_USAGE(.BOTH.,#1275);
#1052=SURFACE_STYLE_USAGE(.BOTH.,#1276);
#1053=SURFACE_STYLE_USAGE(.BOTH.,#1277);
#1054=SURFACE_STYLE_USAGE(.BOTH.,#1278);
#1055=SURFACE_STYLE_USAGE(.BOTH.,#1279);
#1056=SURFACE_STYLE_USAGE(.BOTH.,#1280);
#1057=SURFACE_STYLE_USAGE(.BOTH.,#1281);
#1058=SURFACE_STYLE_USAGE(.BOTH.,#1282);
#1059=SURFACE_STYLE_USAGE(.BOTH.,#1283);
#1060=SURFACE_STYLE_USAGE(.BOTH.,#1284);
#1061=SURFACE_STYLE_USAGE(.BOTH.,#1285);
#1062=SURFACE_STYLE_USAGE(.BOTH.,#1286);
#1063=SURFACE_STYLE_USAGE(.BOTH.,#1287);
#1064=SURFACE_STYLE_USAGE(.BOTH.,#1288);
#1065=SURFACE_STYLE_USAGE(.BOTH.,#1289);
#1066=SURFACE_STYLE_USAGE(.BOTH.,#1290);
#1067=SURFACE_STYLE_USAGE(.BOTH.,#1291);
#1068=SURFACE_STYLE_USAGE(.BOTH.,#1292);
#1069=SURFACE_STYLE_USAGE(.BOTH.,#1293);
#1070=SURFACE_STYLE_USAGE(.BOTH.,#1294);
#1071=SURFACE_STYLE_USAGE(.BOTH.,#1295);
#1072=SURFACE_STYLE_USAGE(.BOTH.,#1296);
#1073=SURFACE_STYLE_USAGE(.BOTH.,#1297);
#1074=SURFACE_STYLE_USAGE(.BOTH.,#1298);
#1075=SURFACE_STYLE_USAGE(.BOTH.,#1299);
#1076=SURFACE_STYLE_USAGE(.BOTH.,#1300);
#1077=SURFACE_STYLE_USAGE(.BOTH.,#1301);
#1078=SURFACE_STYLE_USAGE(.BOTH.,#1302);
#1079=SURFACE_STYLE_USAGE(.BOTH.,#1303);
#1080=SURFACE_STYLE_USAGE(.BOTH.,#1304);
#1081=SURFACE_STYLE_USAGE(.BOTH.,#1305);
#1082=SURFACE_STYLE_USAGE(.BOTH.,#1306);
#1083=SURFACE_STYLE_USAGE(.BOTH.,#1307);
#1084=SURFACE_STYLE_USAGE(.BOTH.,#1308);
#1085=SURFACE_STYLE_USAGE(.BOTH.,#1309);
#1086=SURFACE_STYLE_USAGE(.BOTH.,#1310);
#1087=SURFACE_STYLE_USAGE(.BOTH.,#1311);
#1088=SURFACE_STYLE_USAGE(.BOTH.,#1312);
#1089=SURFACE_STYLE_USAGE(.BOTH.,#1313);
#1090=SURFACE_STYLE_USAGE(.BOTH.,#1314);
#1091=SURFACE_STYLE_USAGE(.BOTH.,#1315);
#1092=SURFACE_STYLE_USAGE(.BOTH.,#1316);
#1093=SURFACE_STYLE_USAGE(.BOTH.,#1317);
#1094=SURFACE_STYLE_USAGE(.BOTH.,#1318);
#1095=SURFACE_STYLE_USAGE(.BOTH.,#1319);
#1096=SURFACE_STYLE_USAGE(.BOTH.,#1320);
#1097=SURFACE_STYLE_USAGE(.BOTH.,#1321);
#1098=SURFACE_STYLE_USAGE(.BOTH.,#1322);
#1099=SURFACE_STYLE_USAGE(.BOTH.,#1323);
#1100=SURFACE_STYLE_USAGE(.BOTH.,#1324);
#1101=SURFACE_STYLE_USAGE(.BOTH.,#1325);
#1102=SURFACE_STYLE_USAGE(.BOTH.,#1326);
#1103=SURFACE_STYLE_USAGE(.BOTH.,#1327);
#1104=SURFACE_STYLE_USAGE(.BOTH.,#1328);
#1105=SURFACE_STYLE_USAGE(.BOTH.,#1329);
#1106=SURFACE_STYLE_USAGE(.BOTH.,#1330);
#1107=SURFACE_STYLE_USAGE(.BOTH.,#1331);
#1108=SURFACE_STYLE_USAGE(.BOTH.,#1332);
#1109=SURFACE_STYLE_USAGE(.BOTH.,#1333);
#1110=SURFACE_STYLE_USAGE(.BOTH.,#1334);
#1111=SURFACE_STYLE_USAGE(.BOTH.,#1335);
#1112=SURFACE_STYLE_USAGE(.BOTH.,#1336);
#1113=SURFACE_STYLE_USAGE(.BOTH.,#1337);
#1114=SURFACE_STYLE_USAGE(.BOTH.,#1338);
#1115=SURFACE_STYLE_USAGE(.BOTH.,#1339);
#1116=SURFACE_STYLE_USAGE(.BOTH.,#1340);
#1117=SURFACE_STYLE_USAGE(.BOTH.,#1341);
#1118=SURFACE_STYLE_USAGE(.BOTH.,#1342);
#1119=SURFACE_STYLE_USAGE(.BOTH.,#1343);
#1120=SURFACE_STYLE_USAGE(.BOTH.,#1344);
#1121=SURFACE_STYLE_USAGE(.BOTH.,#1345);
#1122=SURFACE_STYLE_USAGE(.BOTH.,#1346);
#1123=SURFACE_STYLE_USAGE(.BOTH.,#1347);
#1124=SURFACE_STYLE_USAGE(.BOTH.,#1348);
#1125=SURFACE_STYLE_USAGE(.BOTH.,#1349);
#1126=SURFACE_STYLE_USAGE(.BOTH.,#1350);
#1127=SURFACE_STYLE_USAGE(.BOTH.,#1351);
#1128=SURFACE_STYLE_USAGE(.BOTH.,#1352);
#1129=SURFACE_STYLE_USAGE(.BOTH.,#1353);
#1130=SURFACE_STYLE_USAGE(.BOTH.,#1354);
#1131=SURFACE_STYLE_USAGE(.BOTH.,#1355);
#1132=SURFACE_STYLE_USAGE(.BOTH.,#1356);
#1133=SURFACE_STYLE_USAGE(.BOTH.,#1357);
#1134=SURFACE_STYLE_USAGE(.BOTH.,#1358);
#1135=SURFACE_STYLE_USAGE(.BOTH.,#1359);
#1136=SURFACE_STYLE_USAGE(.BOTH.,#1360);
#1137=SURFACE_STYLE_USAGE(.BOTH.,#1361);
#1138=SURFACE_STYLE_USAGE(.BOTH.,#1362);
#1139=SURFACE_STYLE_USAGE(.BOTH.,#1363);
#1140=SURFACE_STYLE_USAGE(.BOTH.,#1364);
#1141=SURFACE_STYLE_USAGE(.BOTH.,#1365);
#1142=SURFACE_STYLE_USAGE(.BOTH.,#1366);
#1143=SURFACE_STYLE_USAGE(.BOTH.,#1367);
#1144=SURFACE_STYLE_USAGE(.BOTH.,#1368);
#1145=SURFACE_STYLE_USAGE(.BOTH.,#1369);
#1146=SURFACE_STYLE_USAGE(.BOTH.,#1370);
#1147=SURFACE_STYLE_USAGE(.BOTH.,#1371);
#1148=SURFACE_STYLE_USAGE(.BOTH.,#1372);
#1149=SURFACE_STYLE_USAGE(.BOTH.,#1373);
#1150=SURFACE_STYLE_USAGE(.BOTH.,#1374);
#1151=SURFACE_STYLE_USAGE(.BOTH.,#1375);
#1152=SURFACE_STYLE_USAGE(.BOTH.,#1376);
#1153=SURFACE_STYLE_USAGE(.BOTH.,#1377);
#1154=SURFACE_STYLE_USAGE(.BOTH.,#1378);
#1155=SURFACE_STYLE_USAGE(.BOTH.,#1379);
#1156=SURFACE_STYLE_USAGE(.BOTH.,#1380);
#1157=SURFACE_STYLE_USAGE(.BOTH.,#1381);
#1158=SURFACE_STYLE_USAGE(.BOTH.,#1382);
#1159=SURFACE_STYLE_USAGE(.BOTH.,#1383);
#1160=SURFACE_STYLE_USAGE(.BOTH.,#1384);
#1161=SURFACE_STYLE_USAGE(.BOTH.,#1385);
#1162=SURFACE_STYLE_USAGE(.BOTH.,#1386);
#1163=SURFACE_STYLE_USAGE(.BOTH.,#1387);
#1164=SURFACE_STYLE_USAGE(.BOTH.,#1388);
#1165=SURFACE_STYLE_USAGE(.BOTH.,#1389);
#1166=SURFACE_STYLE_USAGE(.BOTH.,#1390);
#1167=SURFACE_STYLE_USAGE(.BOTH.,#1391);
#1168=SURFACE_STYLE_USAGE(.BOTH.,#1392);
#1169=SURFACE_STYLE_USAGE(.BOTH.,#1393);
#1170=SURFACE_STYLE_USAGE(.BOTH.,#1394);
#1171=SURFACE_STYLE_USAGE(.BOTH.,#1395);
#1172=SURFACE_STYLE_USAGE(.BOTH.,#1396);
#1173=SURFACE_STYLE_USAGE(.BOTH.,#1397);
#1174=SURFACE_STYLE_USAGE(.BOTH.,#1398);
#1175=SURFACE_STYLE_USAGE(.BOTH.,#1399);
#1176=SURFACE_STYLE_USAGE(.BOTH.,#1400);
#1177=SURFACE_STYLE_USAGE(.BOTH.,#1401);
#1178=SURFACE_STYLE_USAGE(.BOTH.,#1402);
#1179=SURFACE_STYLE_USAGE(.BOTH.,#1403);
#1180=SURFACE_STYLE_USAGE(.BOTH.,#1404);
#1181=SURFACE_STYLE_USAGE(.BOTH.,#1405);
#1182=SURFACE_STYLE_USAGE(.BOTH.,#1406);
#1183=SURFACE_STYLE_USAGE(.BOTH.,#1407);
#1184=SURFACE_STYLE_USAGE(.BOTH.,#1408);
#1185=SURFACE_STYLE_USAGE(.BOTH.,#1409);
#1186=SURFACE_STYLE_USAGE(.BOTH.,#1410);
#1187=SURFACE_STYLE_USAGE(.BOTH.,#1411);
#1188=SURFACE_STYLE_USAGE(.BOTH.,#1412);
#1189=SURFACE_STYLE_USAGE(.BOTH.,#1413);
#1190=SURFACE_STYLE_USAGE(.BOTH.,#1414);
#1191=SURFACE_STYLE_USAGE(.BOTH.,#1415);
#1192=SURFACE_STYLE_USAGE(.BOTH.,#1416);
#1193=SURFACE_STYLE_USAGE(.BOTH.,#1417);
#1194=SURFACE_STYLE_USAGE(.BOTH.,#1418);
#1195=SURFACE_STYLE_USAGE(.BOTH.,#1419);
#1196=SURFACE_STYLE_USAGE(.BOTH.,#1420);
#1197=SURFACE_STYLE_USAGE(.BOTH.,#1421);
#1198=SURFACE_STYLE_USAGE(.BOTH.,#1422);
#1199=SURFACE_STYLE_USAGE(.BOTH.,#1423);
#1200=SURFACE_STYLE_USAGE(.BOTH.,#1424);
#1201=SURFACE_STYLE_USAGE(.BOTH.,#1425);
#1202=SURFACE_STYLE_USAGE(.BOTH.,#1426);
#1203=SURFACE_STYLE_USAGE(.BOTH.,#1427);
#1204=SURFACE_STYLE_USAGE(.BOTH.,#1428);
#1205=SURFACE_STYLE_USAGE(.BOTH.,#1429);
#1206=SURFACE_STYLE_USAGE(.BOTH.,#1430);
#1207=SURFACE_SIDE_STYLE('',(#1431));
#1208=SURFACE_SIDE_STYLE('',(#1432));
#1209=SURFACE_SIDE_STYLE('',(#1433));
#1210=SURFACE_SIDE_STYLE('',(#1434));
#1211=SURFACE_SIDE_STYLE('',(#1435));
#1212=SURFACE_SIDE_STYLE('',(#1436));
#1213=SURFACE_SIDE_STYLE('',(#1437));
#1214=SURFACE_SIDE_STYLE('',(#1438));
#1215=SURFACE_SIDE_STYLE('',(#1439));
#1216=SURFACE_SIDE_STYLE('',(#1440));
#1217=SURFACE_SIDE_STYLE('',(#1441));
#1218=SURFACE_SIDE_STYLE('',(#1442));
#1219=SURFACE_SIDE_STYLE('',(#1443));
#1220=SURFACE_SIDE_STYLE('',(#1444));
#1221=SURFACE_SIDE_STYLE('',(#1445));
#1222=SURFACE_SIDE_STYLE('',(#1446));
#1223=SURFACE_SIDE_STYLE('',(#1447));
#1224=SURFACE_SIDE_STYLE('',(#1448));
#1225=SURFACE_SIDE_STYLE('',(#1449));
#1226=SURFACE_SIDE_STYLE('',(#1450));
#1227=SURFACE_SIDE_STYLE('',(#1451));
#1228=SURFACE_SIDE_STYLE('',(#1452));
#1229=SURFACE_SIDE_STYLE('',(#1453));
#1230=SURFACE_SIDE_STYLE('',(#1454));
#1231=SURFACE_SIDE_STYLE('',(#1455));
#1232=SURFACE_SIDE_STYLE('',(#1456));
#1233=SURFACE_SIDE_STYLE('',(#1457));
#1234=SURFACE_SIDE_STYLE('',(#1458));
#1235=SURFACE_SIDE_STYLE('',(#1459));
#1236=SURFACE_SIDE_STYLE('',(#1460));
#1237=SURFACE_SIDE_STYLE('',(#1461));
#1238=SURFACE_SIDE_STYLE('',(#1462));
#1239=SURFACE_SIDE_STYLE('',(#1463));
#1240=SURFACE_SIDE_STYLE('',(#1464));
#1241=SURFACE_SIDE_STYLE('',(#1465));
#1242=SURFACE_SIDE_STYLE('',(#1466));
#1243=SURFACE_SIDE_STYLE('',(#1467));
#1244=SURFACE_SIDE_STYLE('',(#1468));
#1245=SURFACE_SIDE_STYLE('',(#1469));
#1246=SURFACE_SIDE_STYLE('',(#1470));
#1247=SURFACE_SIDE_STYLE('',(#1471));
#1248=SURFACE_SIDE_STYLE('',(#1472));
#1249=SURFACE_SIDE_STYLE('',(#1473));
#1250=SURFACE_SIDE_STYLE('',(#1474));
#1251=SURFACE_SIDE_STYLE('',(#1475));
#1252=SURFACE_SIDE_STYLE('',(#1476));
#1253=SURFACE_SIDE_STYLE('',(#1477));
#1254=SURFACE_SIDE_STYLE('',(#1478));
#1255=SURFACE_SIDE_STYLE('',(#1479));
#1256=SURFACE_SIDE_STYLE('',(#1480));
#1257=SURFACE_SIDE_STYLE('',(#1481));
#1258=SURFACE_SIDE_STYLE('',(#1482));
#1259=SURFACE_SIDE_STYLE('',(#1483));
#1260=SURFACE_SIDE_STYLE('',(#1484));
#1261=SURFACE_SIDE_STYLE('',(#1485));
#1262=SURFACE_SIDE_STYLE('',(#1486));
#1263=SURFACE_SIDE_STYLE('',(#1487));
#1264=SURFACE_SIDE_STYLE('',(#1488));
#1265=SURFACE_SIDE_STYLE('',(#1489));
#1266=SURFACE_SIDE_STYLE('',(#1490));
#1267=SURFACE_SIDE_STYLE('',(#1491));
#1268=SURFACE_SIDE_STYLE('',(#1492));
#1269=SURFACE_SIDE_STYLE('',(#1493));
#1270=SURFACE_SIDE_STYLE('',(#1494));
#1271=SURFACE_SIDE_STYLE('',(#1495));
#1272=SURFACE_SIDE_STYLE('',(#1496));
#1273=SURFACE_SIDE_STYLE('',(#1497));
#1274=SURFACE_SIDE_STYLE('',(#1498));
#1275=SURFACE_SIDE_STYLE('',(#1499));
#1276=SURFACE_SIDE_STYLE('',(#1500));
#1277=SURFACE_SIDE_STYLE('',(#1501));
#1278=SURFACE_SIDE_STYLE('',(#1502));
#1279=SURFACE_SIDE_STYLE('',(#1503));
#1280=SURFACE_SIDE_STYLE('',(#1504));
#1281=SURFACE_SIDE_STYLE('',(#1505));
#1282=SURFACE_SIDE_STYLE('',(#1506));
#1283=SURFACE_SIDE_STYLE('',(#1507));
#1284=SURFACE_SIDE_STYLE('',(#1508));
#1285=SURFACE_SIDE_STYLE('',(#1509));
#1286=SURFACE_SIDE_STYLE('',(#1510));
#1287=SURFACE_SIDE_STYLE('',(#1511));
#1288=SURFACE_SIDE_STYLE('',(#1512));
#1289=SURFACE_SIDE_STYLE('',(#1513));
#1290=SURFACE_SIDE_STYLE('',(#1514));
#1291=SURFACE_SIDE_STYLE('',(#1515));
#1292=SURFACE_SIDE_STYLE('',(#1516));
#1293=SURFACE_SIDE_STYLE('',(#1517));
#1294=SURFACE_SIDE_STYLE('',(#1518));
#1295=SURFACE_SIDE_STYLE('',(#1519));
#1296=SURFACE_SIDE_STYLE('',(#1520));
#1297=SURFACE_SIDE_STYLE('',(#1521));
#1298=SURFACE_SIDE_STYLE('',(#1522));
#1299=SURFACE_SIDE_STYLE('',(#1523));
#1300=SURFACE_SIDE_STYLE('',(#1524));
#1301=SURFACE_SIDE_STYLE('',(#1525));
#1302=SURFACE_SIDE_STYLE('',(#1526));
#1303=SURFACE_SIDE_STYLE('',(#1527));
#1304=SURFACE_SIDE_STYLE('',(#1528));
#1305=SURFACE_SIDE_STYLE('',(#1529));
#1306=SURFACE_SIDE_STYLE('',(#1530));
#1307=SURFACE_SIDE_STYLE('',(#1531));
#1308=SURFACE_SIDE_STYLE('',(#1532));
#1309=SURFACE_SIDE_STYLE('',(#1533));
#1310=SURFACE_SIDE_STYLE('',(#1534));
#1311=SURFACE_SIDE_STYLE('',(#1535));
#1312=SURFACE_SIDE_STYLE('',(#1536));
#1313=SURFACE_SIDE_STYLE('',(#1537));
#1314=SURFACE_SIDE_STYLE('',(#1538));
#1315=SURFACE_SIDE_STYLE('',(#1539));
#1316=SURFACE_SIDE_STYLE('',(#1540));
#1317=SURFACE_SIDE_STYLE('',(#1541));
#1318=SURFACE_SIDE_STYLE('',(#1542));
#1319=SURFACE_SIDE_STYLE('',(#1543));
#1320=SURFACE_SIDE_STYLE('',(#1544));
#1321=SURFACE_SIDE_STYLE('',(#1545));
#1322=SURFACE_SIDE_STYLE('',(#1546));
#1323=SURFACE_SIDE_STYLE('',(#1547));
#1324=SURFACE_SIDE_STYLE('',(#1548));
#1325=SURFACE_SIDE_STYLE('',(#1549));
#1326=SURFACE_SIDE_STYLE('',(#1550));
#1327=SURFACE_SIDE_STYLE('',(#1551));
#1328=SURFACE_SIDE_STYLE('',(#1552));
#1329=SURFACE_SIDE_STYLE('',(#1553));
#1330=SURFACE_SIDE_STYLE('',(#1554));
#1331=SURFACE_SIDE_STYLE('',(#1555));
#1332=SURFACE_SIDE_STYLE('',(#1556));
#1333=SURFACE_SIDE_STYLE('',(#1557));
#1334=SURFACE_SIDE_STYLE('',(#1558));
#1335=SURFACE_SIDE_STYLE('',(#1559));
#1336=SURFACE_SIDE_STYLE('',(#1560));
#1337=SURFACE_SIDE_STYLE('',(#1561));
#1338=SURFACE_SIDE_STYLE('',(#1562));
#1339=SURFACE_SIDE_STYLE('',(#1563));
#1340=SURFACE_SIDE_STYLE('',(#1564));
#1341=SURFACE_SIDE_STYLE('',(#1565));
#1342=SURFACE_SIDE_STYLE('',(#1566));
#1343=SURFACE_SIDE_STYLE('',(#1567));
#1344=SURFACE_SIDE_STYLE('',(#1568));
#1345=SURFACE_SIDE_STYLE('',(#1569));
#1346=SURFACE_SIDE_STYLE('',(#1570));
#1347=SURFACE_SIDE_STYLE('',(#1571));
#1348=SURFACE_SIDE_STYLE('',(#1572));
#1349=SURFACE_SIDE_STYLE('',(#1573));
#1350=SURFACE_SIDE_STYLE('',(#1574));
#1351=SURFACE_SIDE_STYLE('',(#1575));
#1352=SURFACE_SIDE_STYLE('',(#1576));
#1353=SURFACE_SIDE_STYLE('',(#1577));
#1354=SURFACE_SIDE_STYLE('',(#1578));
#1355=SURFACE_SIDE_STYLE('',(#1579));
#1356=SURFACE_SIDE_STYLE('',(#1580));
#1357=SURFACE_SIDE_STYLE('',(#1581));
#1358=SURFACE_SIDE_STYLE('',(#1582));
#1359=SURFACE_SIDE_STYLE('',(#1583));
#1360=SURFACE_SIDE_STYLE('',(#1584));
#1361=SURFACE_SIDE_STYLE('',(#1585));
#1362=SURFACE_SIDE_STYLE('',(#1586));
#1363=SURFACE_SIDE_STYLE('',(#1587));
#1364=SURFACE_SIDE_STYLE('',(#1588));
#1365=SURFACE_SIDE_STYLE('',(#1589));
#1366=SURFACE_SIDE_STYLE('',(#1590));
#1367=SURFACE_SIDE_STYLE('',(#1591));
#1368=SURFACE_SIDE_STYLE('',(#1592));
#1369=SURFACE_SIDE_STYLE('',(#1593));
#1370=SURFACE_SIDE_STYLE('',(#1594));
#1371=SURFACE_SIDE_STYLE('',(#1595));
#1372=SURFACE_SIDE_STYLE('',(#1596));
#1373=SURFACE_SIDE_STYLE('',(#1597));
#1374=SURFACE_SIDE_STYLE('',(#1598));
#1375=SURFACE_SIDE_STYLE('',(#1599));
#1376=SURFACE_SIDE_STYLE('',(#1600));
#1377=SURFACE_SIDE_STYLE('',(#1601));
#1378=SURFACE_SIDE_STYLE('',(#1602));
#1379=SURFACE_SIDE_STYLE('',(#1603));
#1380=SURFACE_SIDE_STYLE('',(#1604));
#1381=SURFACE_SIDE_STYLE('',(#1605));
#1382=SURFACE_SIDE_STYLE('',(#1606));
#1383=SURFACE_SIDE_STYLE('',(#1607));
#1384=SURFACE_SIDE_STYLE('',(#1608));
#1385=SURFACE_SIDE_STYLE('',(#1609));
#1386=SURFACE_SIDE_STYLE('',(#1610));
#1387=SURFACE_SIDE_STYLE('',(#1611));
#1388=SURFACE_SIDE_STYLE('',(#1612));
#1389=SURFACE_SIDE_STYLE('',(#1613));
#1390=SURFACE_SIDE_STYLE('',(#1614));
#1391=SURFACE_SIDE_STYLE('',(#1615));
#1392=SURFACE_SIDE_STYLE('',(#1616));
#1393=SURFACE_SIDE_STYLE('',(#1617));
#1394=SURFACE_SIDE_STYLE('',(#1618));
#1395=SURFACE_SIDE_STYLE('',(#1619));
#1396=SURFACE_SIDE_STYLE('',(#1620));
#1397=SURFACE_SIDE_STYLE('',(#1621));
#1398=SURFACE_SIDE_STYLE('',(#1622));
#1399=SURFACE_SIDE_STYLE('',(#1623));
#1400=SURFACE_SIDE_STYLE('',(#1624));
#1401=SURFACE_SIDE_STYLE('',(#1625));
#1402=SURFACE_SIDE_STYLE('',(#1626));
#1403=SURFACE_SIDE_STYLE('',(#1627));
#1404=SURFACE_SIDE_STYLE('',(#1628));
#1405=SURFACE_SIDE_STYLE('',(#1629));
#1406=SURFACE_SIDE_STYLE('',(#1630));
#1407=SURFACE_SIDE_STYLE('',(#1631));
#1408=SURFACE_SIDE_STYLE('',(#1632));
#1409=SURFACE_SIDE_STYLE('',(#1633));
#1410=SURFACE_SIDE_STYLE('',(#1634));
#1411=SURFACE_SIDE_STYLE('',(#1635));
#1412=SURFACE_SIDE_STYLE('',(#1636));
#1413=SURFACE_SIDE_STYLE('',(#1637));
#1414=SURFACE_SIDE_STYLE('',(#1638));
#1415=SURFACE_SIDE_STYLE('',(#1639));
#1416=SURFACE_SIDE_STYLE('',(#1640));
#1417=SURFACE_SIDE_STYLE('',(#1641));
#1418=SURFACE_SIDE_STYLE('',(#1642));
#1419=SURFACE_SIDE_STYLE('',(#1643));
#1420=SURFACE_SIDE_STYLE('',(#1644));
#1421=SURFACE_SIDE_STYLE('',(#1645));
#1422=SURFACE_SIDE_STYLE('',(#1646));
#1423=SURFACE_SIDE_STYLE('',(#1647));
#1424=SURFACE_SIDE_STYLE('',(#1648));
#1425=SURFACE_SIDE_STYLE('',(#1649));
#1426=SURFACE_SIDE_STYLE('',(#1650));
#1427=SURFACE_SIDE_STYLE('',(#1651));
#1428=SURFACE_SIDE_STYLE('',(#1652));
#1429=SURFACE_SIDE_STYLE('',(#1653));
#1430=SURFACE_SIDE_STYLE('',(#1654));
#1431=SURFACE_STYLE_FILL_AREA(#1655);
#1432=SURFACE_STYLE_FILL_AREA(#1656);
#1433=SURFACE_STYLE_FILL_AREA(#1657);
#1434=SURFACE_STYLE_FILL_AREA(#1658);
#1435=SURFACE_STYLE_FILL_AREA(#1659);
#1436=SURFACE_STYLE_FILL_AREA(#1660);
#1437=SURFACE_STYLE_FILL_AREA(#1661);
#1438=SURFACE_STYLE_FILL_AREA(#1662);
#1439=SURFACE_STYLE_FILL_AREA(#1663);
#1440=SURFACE_STYLE_FILL_AREA(#1664);
#1441=SURFACE_STYLE_FILL_AREA(#1665);
#1442=SURFACE_STYLE_FILL_AREA(#1666);
#1443=SURFACE_STYLE_FILL_AREA(#1667);
#1444=SURFACE_STYLE_FILL_AREA(#1668);
#1445=SURFACE_STYLE_FILL_AREA(#1669);
#1446=SURFACE_STYLE_FILL_AREA(#1670);
#1447=SURFACE_STYLE_FILL_AREA(#1671);
#1448=SURFACE_STYLE_FILL_AREA(#1672);
#1449=SURFACE_STYLE_FILL_AREA(#1673);
#1450=SURFACE_STYLE_FILL_AREA(#1674);
#1451=SURFACE_STYLE_FILL_AREA(#1675);
#1452=SURFACE_STYLE_FILL_AREA(#1676);
#1453=SURFACE_STYLE_FILL_AREA(#1677);
#1454=SURFACE_STYLE_FILL_AREA(#1678);
#1455=SURFACE_STYLE_FILL_AREA(#1679);
#1456=SURFACE_STYLE_FILL_AREA(#1680);
#1457=SURFACE_STYLE_FILL_AREA(#1681);
#1458=SURFACE_STYLE_FILL_AREA(#1682);
#1459=SURFACE_STYLE_FILL_AREA(#1683);
#1460=SURFACE_STYLE_FILL_AREA(#1684);
#1461=SURFACE_STYLE_FILL_AREA(#1685);
#1462=SURFACE_STYLE_FILL_AREA(#1686);
#1463=SURFACE_STYLE_FILL_AREA(#1687);
#1464=SURFACE_STYLE_FILL_AREA(#1688);
#1465=SURFACE_STYLE_FILL_AREA(#1689);
#1466=SURFACE_STYLE_FILL_AREA(#1690);
#1467=SURFACE_STYLE_FILL_AREA(#1691);
#1468=SURFACE_STYLE_FILL_AREA(#1692);
#1469=SURFACE_STYLE_FILL_AREA(#1693);
#1470=SURFACE_STYLE_FILL_AREA(#1694);
#1471=SURFACE_STYLE_FILL_AREA(#1695);
#1472=SURFACE_STYLE_FILL_AREA(#1696);
#1473=SURFACE_STYLE_FILL_AREA(#1697);
#1474=SURFACE_STYLE_FILL_AREA(#1698);
#1475=SURFACE_STYLE_FILL_AREA(#1699);
#1476=SURFACE_STYLE_FILL_AREA(#1700);
#1477=SURFACE_STYLE_FILL_AREA(#1701);
#1478=SURFACE_STYLE_FILL_AREA(#1702);
#1479=SURFACE_STYLE_FILL_AREA(#1703);
#1480=SURFACE_STYLE_FILL_AREA(#1704);
#1481=SURFACE_STYLE_FILL_AREA(#1705);
#1482=SURFACE_STYLE_FILL_AREA(#1706);
#1483=SURFACE_STYLE_FILL_AREA(#1707);
#1484=SURFACE_STYLE_FILL_AREA(#1708);
#1485=SURFACE_STYLE_FILL_AREA(#1709);
#1486=SURFACE_STYLE_FILL_AREA(#1710);
#1487=SURFACE_STYLE_FILL_AREA(#1711);
#1488=SURFACE_STYLE_FILL_AREA(#1712);
#1489=SURFACE_STYLE_FILL_AREA(#1713);
#1490=SURFACE_STYLE_FILL_AREA(#1714);
#1491=SURFACE_STYLE_FILL_AREA(#1715);
#1492=SURFACE_STYLE_FILL_AREA(#1716);
#1493=SURFACE_STYLE_FILL_AREA(#1717);
#1494=SURFACE_STYLE_FILL_AREA(#1718);
#1495=SURFACE_STYLE_FILL_AREA(#1719);
#1496=SURFACE_STYLE_FILL_AREA(#1720);
#1497=SURFACE_STYLE_FILL_AREA(#1721);
#1498=SURFACE_STYLE_FILL_AREA(#1722);
#1499=SURFACE_STYLE_FILL_AREA(#1723);
#1500=SURFACE_STYLE_FILL_AREA(#1724);
#1501=SURFACE_STYLE_FILL_AREA(#1725);
#1502=SURFACE_STYLE_FILL_AREA(#1726);
#1503=SURFACE_STYLE_FILL_AREA(#1727);
#1504=SURFACE_STYLE_FILL_AREA(#1728);
#1505=SURFACE_STYLE_FILL_AREA(#1729);
#1506=SURFACE_STYLE_FILL_AREA(#1730);
#1507=SURFACE_STYLE_FILL_AREA(#1731);
#1508=SURFACE_STYLE_FILL_AREA(#1732);
#1509=SURFACE_STYLE_FILL_AREA(#1733);
#1510=SURFACE_STYLE_FILL_AREA(#1734);
#1511=SURFACE_STYLE_FILL_AREA(#1735);
#1512=SURFACE_STYLE_FILL_AREA(#1736);
#1513=SURFACE_STYLE_FILL_AREA(#1737);
#1514=SURFACE_STYLE_FILL_AREA(#1738);
#1515=SURFACE_STYLE_FILL_AREA(#1739);
#1516=SURFACE_STYLE_FILL_AREA(#1740);
#1517=SURFACE_STYLE_FILL_AREA(#1741);
#1518=SURFACE_STYLE_FILL_AREA(#1742);
#1519=SURFACE_STYLE_FILL_AREA(#1743);
#1520=SURFACE_STYLE_FILL_AREA(#1744);
#1521=SURFACE_STYLE_FILL_AREA(#1745);
#1522=SURFACE_STYLE_FILL_AREA(#1746);
#1523=SURFACE_STYLE_FILL_AREA(#1747);
#1524=SURFACE_STYLE_FILL_AREA(#1748);
#1525=SURFACE_STYLE_FILL_AREA(#1749);
#1526=SURFACE_STYLE_FILL_AREA(#1750);
#1527=SURFACE_STYLE_FILL_AREA(#1751);
#1528=SURFACE_STYLE_FILL_AREA(#1752);
#1529=SURFACE_STYLE_FILL_AREA(#1753);
#1530=SURFACE_STYLE_FILL_AREA(#1754);
#1531=SURFACE_STYLE_FILL_AREA(#1755);
#1532=SURFACE_STYLE_FILL_AREA(#1756);
#1533=SURFACE_STYLE_FILL_AREA(#1757);
#1534=SURFACE_STYLE_FILL_AREA(#1758);
#1535=SURFACE_STYLE_FILL_AREA(#1759);
#1536=SURFACE_STYLE_FILL_AREA(#1760);
#1537=SURFACE_STYLE_FILL_AREA(#1761);
#1538=SURFACE_STYLE_FILL_AREA(#1762);
#1539=SURFACE_STYLE_FILL_AREA(#1763);
#1540=SURFACE_STYLE_FILL_AREA(#1764);
#1541=SURFACE_STYLE_FILL_AREA(#1765);
#1542=SURFACE_STYLE_FILL_AREA(#1766);
#1543=SURFACE_STYLE_FILL_AREA(#1767);
#1544=SURFACE_STYLE_FILL_AREA(#1768);
#1545=SURFACE_STYLE_FILL_AREA(#1769);
#1546=SURFACE_STYLE_FILL_AREA(#1770);
#1547=SURFACE_STYLE_FILL_AREA(#1771);
#1548=SURFACE_STYLE_FILL_AREA(#1772);
#1549=SURFACE_STYLE_FILL_AREA(#1773);
#1550=SURFACE_STYLE_FILL_AREA(#1774);
#1551=SURFACE_STYLE_FILL_AREA(#1775);
#1552=SURFACE_STYLE_FILL_AREA(#1776);
#1553=SURFACE_STYLE_FILL_AREA(#1777);
#1554=SURFACE_STYLE_FILL_AREA(#1778);
#1555=SURFACE_STYLE_FILL_AREA(#1779);
#1556=SURFACE_STYLE_FILL_AREA(#1780);
#1557=SURFACE_STYLE_FILL_AREA(#1781);
#1558=SURFACE_STYLE_FILL_AREA(#1782);
#1559=SURFACE_STYLE_FILL_AREA(#1783);
#1560=SURFACE_STYLE_FILL_AREA(#1784);
#1561=SURFACE_STYLE_FILL_AREA(#1785);
#1562=SURFACE_STYLE_FILL_AREA(#1786);
#1563=SURFACE_STYLE_FILL_AREA(#1787);
#1564=SURFACE_STYLE_FILL_AREA(#1788);
#1565=SURFACE_STYLE_FILL_AREA(#1789);
#1566=SURFACE_STYLE_FILL_AREA(#1790);
#1567=SURFACE_STYLE_FILL_AREA(#1791);
#1568=SURFACE_STYLE_FILL_AREA(#1792);
#1569=SURFACE_STYLE_FILL_AREA(#1793);
#1570=SURFACE_STYLE_FILL_AREA(#1794);
#1571=SURFACE_STYLE_FILL_AREA(#1795);
#1572=SURFACE_STYLE_FILL_AREA(#1796);
#1573=SURFACE_STYLE_FILL_AREA(#1797);
#1574=SURFACE_STYLE_FILL_AREA(#1798);
#1575=SURFACE_STYLE_FILL_AREA(#1799);
#1576=SURFACE_STYLE_FILL_AREA(#1800);
#1577=SURFACE_STYLE_FILL_AREA(#1801);
#1578=SURFACE_STYLE_FILL_AREA(#1802);
#1579=SURFACE_STYLE_FILL_AREA(#1803);
#1580=SURFACE_STYLE_FILL_AREA(#1804);
#1581=SURFACE_STYLE_FILL_AREA(#1805);
#1582=SURFACE_STYLE_FILL_AREA(#1806);
#1583=SURFACE_STYLE_FILL_AREA(#1807);
#1584=SURFACE_STYLE_FILL_AREA(#1808);
#1585=SURFACE_STYLE_FILL_AREA(#1809);
#1586=SURFACE_STYLE_FILL_AREA(#1810);
#1587=SURFACE_STYLE_FILL_AREA(#1811);
#1588=SURFACE_STYLE_FILL_AREA(#1812);
#1589=SURFACE_STYLE_FILL_AREA(#1813);
#1590=SURFACE_STYLE_FILL_AREA(#1814);
#1591=SURFACE_STYLE_FILL_AREA(#1815);
#1592=SURFACE_STYLE_FILL_AREA(#1816);
#1593=SURFACE_STYLE_FILL_AREA(#1817);
#1594=SURFACE_STYLE_FILL_AREA(#1818);
#1595=SURFACE_STYLE_FILL_AREA(#1819);
#1596=SURFACE_STYLE_FILL_AREA(#1820);
#1597=SURFACE_STYLE_FILL_AREA(#1821);
#1598=SURFACE_STYLE_FILL_AREA(#1822);
#1599=SURFACE_STYLE_FILL_AREA(#1823);
#1600=SURFACE_STYLE_FILL_AREA(#1824);
#1601=SURFACE_STYLE_FILL_AREA(#1825);
#1602=SURFACE_STYLE_FILL_AREA(#1826);
#1603=SURFACE_STYLE_FILL_AREA(#1827);
#1604=SURFACE_STYLE_FILL_AREA(#1828);
#1605=SURFACE_STYLE_FILL_AREA(#1829);
#1606=SURFACE_STYLE_FILL_AREA(#1830);
#1607=SURFACE_STYLE_FILL_AREA(#1831);
#1608=SURFACE_STYLE_FILL_AREA(#1832);
#1609=SURFACE_STYLE_FILL_AREA(#1833);
#1610=SURFACE_STYLE_FILL_AREA(#1834);
#1611=SURFACE_STYLE_FILL_AREA(#1835);
#1612=SURFACE_STYLE_FILL_AREA(#1836);
#1613=SURFACE_STYLE_FILL_AREA(#1837);
#1614=SURFACE_STYLE_FILL_AREA(#1838);
#1615=SURFACE_STYLE_FILL_AREA(#1839);
#1616=SURFACE_STYLE_FILL_AREA(#1840);
#1617=SURFACE_STYLE_FILL_AREA(#1841);
#1618=SURFACE_STYLE_FILL_AREA(#1842);
#1619=SURFACE_STYLE_FILL_AREA(#1843);
#1620=SURFACE_STYLE_FILL_AREA(#1844);
#1621=SURFACE_STYLE_FILL_AREA(#1845);
#1622=SURFACE_STYLE_FILL_AREA(#1846);
#1623=SURFACE_STYLE_FILL_AREA(#1847);
#1624=SURFACE_STYLE_FILL_AREA(#1848);
#1625=SURFACE_STYLE_FILL_AREA(#1849);
#1626=SURFACE_STYLE_FILL_AREA(#1850);
#1627=SURFACE_STYLE_FILL_AREA(#1851);
#1628=SURFACE_STYLE_FILL_AREA(#1852);
#1629=SURFACE_STYLE_FILL_AREA(#1853);
#1630=SURFACE_STYLE_FILL_AREA(#1854);
#1631=SURFACE_STYLE_FILL_AREA(#1855);
#1632=SURFACE_STYLE_FILL_AREA(#1856);
#1633=SURFACE_STYLE_FILL_AREA(#1857);
#1634=SURFACE_STYLE_FILL_AREA(#1858);
#1635=SURFACE_STYLE_FILL_AREA(#1859);
#1636=SURFACE_STYLE_FILL_AREA(#1860);
#1637=SURFACE_STYLE_FILL_AREA(#1861);
#1638=SURFACE_STYLE_FILL_AREA(#1862);
#1639=SURFACE_STYLE_FILL_AREA(#1863);
#1640=SURFACE_STYLE_FILL_AREA(#1864);
#1641=SURFACE_STYLE_FILL_AREA(#1865);
#1642=SURFACE_STYLE_FILL_AREA(#1866);
#1643=SURFACE_STYLE_FILL_AREA(#1867);
#1644=SURFACE_STYLE_FILL_AREA(#1868);
#1645=SURFACE_STYLE_FILL_AREA(#1869);
#1646=SURFACE_STYLE_FILL_AREA(#1870);
#1647=SURFACE_STYLE_FILL_AREA(#1871);
#1648=SURFACE_STYLE_FILL_AREA(#1872);
#1649=SURFACE_STYLE_FILL_AREA(#1873);
#1650=SURFACE_STYLE_FILL_AREA(#1874);
#1651=SURFACE_STYLE_FILL_AREA(#1875);
#1652=SURFACE_STYLE_FILL_AREA(#1876);
#1653=SURFACE_STYLE_FILL_AREA(#1877);
#1654=SURFACE_STYLE_FILL_AREA(#1878);
#1655=FILL_AREA_STYLE('',(#1879));
#1656=FILL_AREA_STYLE('',(#1880));
#1657=FILL_AREA_STYLE('',(#1881));
#1658=FILL_AREA_STYLE('',(#1882));
#1659=FILL_AREA_STYLE('',(#1883));
#1660=FILL_AREA_STYLE('',(#1884));
#1661=FILL_AREA_STYLE('',(#1885));
#1662=FILL_AREA_STYLE('',(#1886));
#1663=FILL_AREA_STYLE('',(#1887));
#1664=FILL_AREA_STYLE('',(#1888));
#1665=FILL_AREA_STYLE('',(#1889));
#1666=FILL_AREA_STYLE('',(#1890));
#1667=FILL_AREA_STYLE('',(#1891));
#1668=FILL_AREA_STYLE('',(#1892));
#1669=FILL_AREA_STYLE('',(#1893));
#1670=FILL_AREA_STYLE('',(#1894));
#1671=FILL_AREA_STYLE('',(#1895));
#1672=FILL_AREA_STYLE('',(#1896));
#1673=FILL_AREA_STYLE('',(#1897));
#1674=FILL_AREA_STYLE('',(#1898));
#1675=FILL_AREA_STYLE('',(#1899));
#1676=FILL_AREA_STYLE('',(#1900));
#1677=FILL_AREA_STYLE('',(#1901));
#1678=FILL_AREA_STYLE('',(#1902));
#1679=FILL_AREA_STYLE('',(#1903));
#1680=FILL_AREA_STYLE('',(#1904));
#1681=FILL_AREA_STYLE('',(#1905));
#1682=FILL_AREA_STYLE('',(#1906));
#1683=FILL_AREA_STYLE('',(#1907));
#1684=FILL_AREA_STYLE('',(#1908));
#1685=FILL_AREA_STYLE('',(#1909));
#1686=FILL_AREA_STYLE('',(#1910));
#1687=FILL_AREA_STYLE('',(#1911));
#1688=FILL_AREA_STYLE('',(#1912));
#1689=FILL_AREA_STYLE('',(#1913));
#1690=FILL_AREA_STYLE('',(#1914));
#1691=FILL_AREA_STYLE('',(#1915));
#1692=FILL_AREA_STYLE('',(#1916));
#1693=FILL_AREA_STYLE('',(#1917));
#1694=FILL_AREA_STYLE('',(#1918));
#1695=FILL_AREA_STYLE('',(#1919));
#1696=FILL_AREA_STYLE('',(#1920));
#1697=FILL_AREA_STYLE('',(#1921));
#1698=FILL_AREA_STYLE('',(#1922));
#1699=FILL_AREA_STYLE('',(#1923));
#1700=FILL_AREA_STYLE('',(#1924));
#1701=FILL_AREA_STYLE('',(#1925));
#1702=FILL_AREA_STYLE('',(#1926));
#1703=FILL_AREA_STYLE('',(#1927));
#1704=FILL_AREA_STYLE('',(#1928));
#1705=FILL_AREA_STYLE('',(#1929));
#1706=FILL_AREA_STYLE('',(#1930));
#1707=FILL_AREA_STYLE('',(#1931));
#1708=FILL_AREA_STYLE('',(#1932));
#1709=FILL_AREA_STYLE('',(#1933));
#1710=FILL_AREA_STYLE('',(#1934));
#1711=FILL_AREA_STYLE('',(#1935));
#1712=FILL_AREA_STYLE('',(#1936));
#1713=FILL_AREA_STYLE('',(#1937));
#1714=FILL_AREA_STYLE('',(#1938));
#1715=FILL_AREA_STYLE('',(#1939));
#1716=FILL_AREA_STYLE('',(#1940));
#1717=FILL_AREA_STYLE('',(#1941));
#1718=FILL_AREA_STYLE('',(#1942));
#1719=FILL_AREA_STYLE('',(#1943));
#1720=FILL_AREA_STYLE('',(#1944));
#1721=FILL_AREA_STYLE('',(#1945));
#1722=FILL_AREA_STYLE('',(#1946));
#1723=FILL_AREA_STYLE('',(#1947));
#1724=FILL_AREA_STYLE('',(#1948));
#1725=FILL_AREA_STYLE('',(#1949));
#1726=FILL_AREA_STYLE('',(#1950));
#1727=FILL_AREA_STYLE('',(#1951));
#1728=FILL_AREA_STYLE('',(#1952));
#1729=FILL_AREA_STYLE('',(#1953));
#1730=FILL_AREA_STYLE('',(#1954));
#1731=FILL_AREA_STYLE('',(#1955));
#1732=FILL_AREA_STYLE('',(#1956));
#1733=FILL_AREA_STYLE('',(#1957));
#1734=FILL_AREA_STYLE('',(#1958));
#1735=FILL_AREA_STYLE('',(#1959));
#1736=FILL_AREA_STYLE('',(#1960));
#1737=FILL_AREA_STYLE('',(#1961));
#1738=FILL_AREA_STYLE('',(#1962));
#1739=FILL_AREA_STYLE('',(#1963));
#1740=FILL_AREA_STYLE('',(#1964));
#1741=FILL_AREA_STYLE('',(#1965));
#1742=FILL_AREA_STYLE('',(#1966));
#1743=FILL_AREA_STYLE('',(#1967));
#1744=FILL_AREA_STYLE('',(#1968));
#1745=FILL_AREA_STYLE('',(#1969));
#1746=FILL_AREA_STYLE('',(#1970));
#1747=FILL_AREA_STYLE('',(#1971));
#1748=FILL_AREA_STYLE('',(#1972));
#1749=FILL_AREA_STYLE('',(#1973));
#1750=FILL_AREA_STYLE('',(#1974));
#1751=FILL_AREA_STYLE('',(#1975));
#1752=FILL_AREA_STYLE('',(#1976));
#1753=FILL_AREA_STYLE('',(#1977));
#1754=FILL_AREA_STYLE('',(#1978));
#1755=FILL_AREA_STYLE('',(#1979));
#1756=FILL_AREA_STYLE('',(#1980));
#1757=FILL_AREA_STYLE('',(#1981));
#1758=FILL_AREA_STYLE('',(#1982));
#1759=FILL_AREA_STYLE('',(#1983));
#1760=FILL_AREA_STYLE('',(#1984));
#1761=FILL_AREA_STYLE('',(#1985));
#1762=FILL_AREA_STYLE('',(#1986));
#1763=FILL_AREA_STYLE('',(#1987));
#1764=FILL_AREA_STYLE('',(#1988));
#1765=FILL_AREA_STYLE('',(#1989));
#1766=FILL_AREA_STYLE('',(#1990));
#1767=FILL_AREA_STYLE('',(#1991));
#1768=FILL_AREA_STYLE('',(#1992));
#1769=FILL_AREA_STYLE('',(#1993));
#1770=FILL_AREA_STYLE('',(#1994));
#1771=FILL_AREA_STYLE('',(#1995));
#1772=FILL_AREA_STYLE('',(#1996));
#1773=FILL_AREA_STYLE('',(#1997));
#1774=FILL_AREA_STYLE('',(#1998));
#1775=FILL_AREA_STYLE('',(#1999));
#1776=FILL_AREA_STYLE('',(#2000));
#1777=FILL_AREA_STYLE('',(#2001));
#1778=FILL_AREA_STYLE('',(#2002));
#1779=FILL_AREA_STYLE('',(#2003));
#1780=FILL_AREA_STYLE('',(#2004));
#1781=FILL_AREA_STYLE('',(#2005));
#1782=FILL_AREA_STYLE('',(#2006));
#1783=FILL_AREA_STYLE('',(#2007));
#1784=FILL_AREA_STYLE('',(#2008));
#1785=FILL_AREA_STYLE('',(#2009));
#1786=FILL_AREA_STYLE('',(#2010));
#1787=FILL_AREA_STYLE('',(#2011));
#1788=FILL_AREA_STYLE('',(#2012));
#1789=FILL_AREA_STYLE('',(#2013));
#1790=FILL_AREA_STYLE('',(#2014));
#1791=FILL_AREA_STYLE('',(#2015));
#1792=FILL_AREA_STYLE('',(#2016));
#1793=FILL_AREA_STYLE('',(#2017));
#1794=FILL_AREA_STYLE('',(#2018));
#1795=FILL_AREA_STYLE('',(#2019));
#1796=FILL_AREA_STYLE('',(#2020));
#1797=FILL_AREA_STYLE('',(#2021));
#1798=FILL_AREA_STYLE('',(#2022));
#1799=FILL_AREA_STYLE('',(#2023));
#1800=FILL_AREA_STYLE('',(#2024));
#1801=FILL_AREA_STYLE('',(#2025));
#1802=FILL_AREA_STYLE('',(#2026));
#1803=FILL_AREA_STYLE('',(#2027));
#1804=FILL_AREA_STYLE('',(#2028));
#1805=FILL_AREA_STYLE('',(#2029));
#1806=FILL_AREA_STYLE('',(#2030));
#1807=FILL_AREA_STYLE('',(#2031));
#1808=FILL_AREA_STYLE('',(#2032));
#1809=FILL_AREA_STYLE('',(#2033));
#1810=FILL_AREA_STYLE('',(#2034));
#1811=FILL_AREA_STYLE('',(#2035));
#1812=FILL_AREA_STYLE('',(#2036));
#1813=FILL_AREA_STYLE('',(#2037));
#1814=FILL_AREA_STYLE('',(#2038));
#1815=FILL_AREA_STYLE('',(#2039));
#1816=FILL_AREA_STYLE('',(#2040));
#1817=FILL_AREA_STYLE('',(#2041));
#1818=FILL_AREA_STYLE('',(#2042));
#1819=FILL_AREA_STYLE('',(#2043));
#1820=FILL_AREA_STYLE('',(#2044));
#1821=FILL_AREA_STYLE('',(#2045));
#1822=FILL_AREA_STYLE('',(#2046));
#1823=FILL_AREA_STYLE('',(#2047));
#1824=FILL_AREA_STYLE('',(#2048));
#1825=FILL_AREA_STYLE('',(#2049));
#1826=FILL_AREA_STYLE('',(#2050));
#1827=FILL_AREA_STYLE('',(#2051));
#1828=FILL_AREA_STYLE('',(#2052));
#1829=FILL_AREA_STYLE('',(#2053));
#1830=FILL_AREA_STYLE('',(#2054));
#1831=FILL_AREA_STYLE('',(#2055));
#1832=FILL_AREA_STYLE('',(#2056));
#1833=FILL_AREA_STYLE('',(#2057));
#1834=FILL_AREA_STYLE('',(#2058));
#1835=FILL_AREA_STYLE('',(#2059));
#1836=FILL_AREA_STYLE('',(#2060));
#1837=FILL_AREA_STYLE('',(#2061));
#1838=FILL_AREA_STYLE('',(#2062));
#1839=FILL_AREA_STYLE('',(#2063));
#1840=FILL_AREA_STYLE('',(#2064));
#1841=FILL_AREA_STYLE('',(#2065));
#1842=FILL_AREA_STYLE('',(#2066));
#1843=FILL_AREA_STYLE('',(#2067));
#1844=FILL_AREA_STYLE('',(#2068));
#1845=FILL_AREA_STYLE('',(#2069));
#1846=FILL_AREA_STYLE('',(#2070));
#1847=FILL_AREA_STYLE('',(#2071));
#1848=FILL_AREA_STYLE('',(#2072));
#1849=FILL_AREA_STYLE('',(#2073));
#1850=FILL_AREA_STYLE('',(#2074));
#1851=FILL_AREA_STYLE('',(#2075));
#1852=FILL_AREA_STYLE('',(#2076));
#1853=FILL_AREA_STYLE('',(#2077));
#1854=FILL_AREA_STYLE('',(#2078));
#1855=FILL_AREA_STYLE('',(#2079));
#1856=FILL_AREA_STYLE('',(#2080));
#1857=FILL_AREA_STYLE('',(#2081));
#1858=FILL_AREA_STYLE('',(#2082));
#1859=FILL_AREA_STYLE('',(#2083));
#1860=FILL_AREA_STYLE('',(#2084));
#1861=FILL_AREA_STYLE('',(#2085));
#1862=FILL_AREA_STYLE('',(#2086));
#1863=FILL_AREA_STYLE('',(#2087));
#1864=FILL_AREA_STYLE('',(#2088));
#1865=FILL_AREA_STYLE('',(#2089));
#1866=FILL_AREA_STYLE('',(#2090));
#1867=FILL_AREA_STYLE('',(#2091));
#1868=FILL_AREA_STYLE('',(#2092));
#1869=FILL_AREA_STYLE('',(#2093));
#1870=FILL_AREA_STYLE('',(#2094));
#1871=FILL_AREA_STYLE('',(#2095));
#1872=FILL_AREA_STYLE('',(#2096));
#1873=FILL_AREA_STYLE('',(#2097));
#1874=FILL_AREA_STYLE('',(#2098));
#1875=FILL_AREA_STYLE('',(#2099));
#1876=FILL_AREA_STYLE('',(#2100));
#1877=FILL_AREA_STYLE('',(#2101));
#1878=FILL_AREA_STYLE('',(#2102));
#1879=FILL_AREA_STYLE_COLOUR('',#2103);
#1880=FILL_AREA_STYLE_COLOUR('',#2103);
#1881=FILL_AREA_STYLE_COLOUR('',#2104);
#1882=FILL_AREA_STYLE_COLOUR('',#2104);
#1883=FILL_AREA_STYLE_COLOUR('',#2104);
#1884=FILL_AREA_STYLE_COLOUR('',#2103);
#1885=FILL_AREA_STYLE_COLOUR('',#2104);
#1886=FILL_AREA_STYLE_COLOUR('',#2104);
#1887=FILL_AREA_STYLE_COLOUR('',#2104);
#1888=FILL_AREA_STYLE_COLOUR('',#2103);
#1889=FILL_AREA_STYLE_COLOUR('',#2104);
#1890=FILL_AREA_STYLE_COLOUR('',#2104);
#1891=FILL_AREA_STYLE_COLOUR('',#2104);
#1892=FILL_AREA_STYLE_COLOUR('',#2103);
#1893=FILL_AREA_STYLE_COLOUR('',#2104);
#1894=FILL_AREA_STYLE_COLOUR('',#2104);
#1895=FILL_AREA_STYLE_COLOUR('',#2104);
#1896=FILL_AREA_STYLE_COLOUR('',#2103);
#1897=FILL_AREA_STYLE_COLOUR('',#2104);
#1898=FILL_AREA_STYLE_COLOUR('',#2104);
#1899=FILL_AREA_STYLE_COLOUR('',#2104);
#1900=FILL_AREA_STYLE_COLOUR('',#2103);
#1901=FILL_AREA_STYLE_COLOUR('',#2104);
#1902=FILL_AREA_STYLE_COLOUR('',#2104);
#1903=FILL_AREA_STYLE_COLOUR('',#2104);
#1904=FILL_AREA_STYLE_COLOUR('',#2103);
#1905=FILL_AREA_STYLE_COLOUR('',#2104);
#1906=FILL_AREA_STYLE_COLOUR('',#2104);
#1907=FILL_AREA_STYLE_COLOUR('',#2104);
#1908=FILL_AREA_STYLE_COLOUR('',#2103);
#1909=FILL_AREA_STYLE_COLOUR('',#2104);
#1910=FILL_AREA_STYLE_COLOUR('',#2104);
#1911=FILL_AREA_STYLE_COLOUR('',#2104);
#1912=FILL_AREA_STYLE_COLOUR('',#2103);
#1913=FILL_AREA_STYLE_COLOUR('',#2104);
#1914=FILL_AREA_STYLE_COLOUR('',#2104);
#1915=FILL_AREA_STYLE_COLOUR('',#2104);
#1916=FILL_AREA_STYLE_COLOUR('',#2103);
#1917=FILL_AREA_STYLE_COLOUR('',#2104);
#1918=FILL_AREA_STYLE_COLOUR('',#2104);
#1919=FILL_AREA_STYLE_COLOUR('',#2104);
#1920=FILL_AREA_STYLE_COLOUR('',#2103);
#1921=FILL_AREA_STYLE_COLOUR('',#2104);
#1922=FILL_AREA_STYLE_COLOUR('',#2104);
#1923=FILL_AREA_STYLE_COLOUR('',#2104);
#1924=FILL_AREA_STYLE_COLOUR('',#2103);
#1925=FILL_AREA_STYLE_COLOUR('',#2104);
#1926=FILL_AREA_STYLE_COLOUR('',#2104);
#1927=FILL_AREA_STYLE_COLOUR('',#2104);
#1928=FILL_AREA_STYLE_COLOUR('',#2103);
#1929=FILL_AREA_STYLE_COLOUR('',#2104);
#1930=FILL_AREA_STYLE_COLOUR('',#2104);
#1931=FILL_AREA_STYLE_COLOUR('',#2104);
#1932=FILL_AREA_STYLE_COLOUR('',#2103);
#1933=FILL_AREA_STYLE_COLOUR('',#2104);
#1934=FILL_AREA_STYLE_COLOUR('',#2104);
#1935=FILL_AREA_STYLE_COLOUR('',#2104);
#1936=FILL_AREA_STYLE_COLOUR('',#2104);
#1937=FILL_AREA_STYLE_COLOUR('',#2104);
#1938=FILL_AREA_STYLE_COLOUR('',#2104);
#1939=FILL_AREA_STYLE_COLOUR('',#2104);
#1940=FILL_AREA_STYLE_COLOUR('',#2104);
#1941=FILL_AREA_STYLE_COLOUR('',#2104);
#1942=FILL_AREA_STYLE_COLOUR('',#2104);
#1943=FILL_AREA_STYLE_COLOUR('',#2104);
#1944=FILL_AREA_STYLE_COLOUR('',#2104);
#1945=FILL_AREA_STYLE_COLOUR('',#2104);
#1946=FILL_AREA_STYLE_COLOUR('',#2104);
#1947=FILL_AREA_STYLE_COLOUR('',#2104);
#1948=FILL_AREA_STYLE_COLOUR('',#2104);
#1949=FILL_AREA_STYLE_COLOUR('',#2104);
#1950=FILL_AREA_STYLE_COLOUR('',#2104);
#1951=FILL_AREA_STYLE_COLOUR('',#2104);
#1952=FILL_AREA_STYLE_COLOUR('',#2104);
#1953=FILL_AREA_STYLE_COLOUR('',#2104);
#1954=FILL_AREA_STYLE_COLOUR('',#2104);
#1955=FILL_AREA_STYLE_COLOUR('',#2104);
#1956=FILL_AREA_STYLE_COLOUR('',#2104);
#1957=FILL_AREA_STYLE_COLOUR('',#2104);
#1958=FILL_AREA_STYLE_COLOUR('',#2104);
#1959=FILL_AREA_STYLE_COLOUR('',#2104);
#1960=FILL_AREA_STYLE_COLOUR('',#2104);
#1961=FILL_AREA_STYLE_COLOUR('',#2104);
#1962=FILL_AREA_STYLE_COLOUR('',#2104);
#1963=FILL_AREA_STYLE_COLOUR('',#2104);
#1964=FILL_AREA_STYLE_COLOUR('',#2104);
#1965=FILL_AREA_STYLE_COLOUR('',#2104);
#1966=FILL_AREA_STYLE_COLOUR('',#2104);
#1967=FILL_AREA_STYLE_COLOUR('',#2104);
#1968=FILL_AREA_STYLE_COLOUR('',#2104);
#1969=FILL_AREA_STYLE_COLOUR('',#2104);
#1970=FILL_AREA_STYLE_COLOUR('',#2104);
#1971=FILL_AREA_STYLE_COLOUR('',#2104);
#1972=FILL_AREA_STYLE_COLOUR('',#2104);
#1973=FILL_AREA_STYLE_COLOUR('',#2104);
#1974=FILL_AREA_STYLE_COLOUR('',#2104);
#1975=FILL_AREA_STYLE_COLOUR('',#2104);
#1976=FILL_AREA_STYLE_COLOUR('',#2104);
#1977=FILL_AREA_STYLE_COLOUR('',#2104);
#1978=FILL_AREA_STYLE_COLOUR('',#2104);
#1979=FILL_AREA_STYLE_COLOUR('',#2104);
#1980=FILL_AREA_STYLE_COLOUR('',#2104);
#1981=FILL_AREA_STYLE_COLOUR('',#2104);
#1982=FILL_AREA_STYLE_COLOUR('',#2104);
#1983=FILL_AREA_STYLE_COLOUR('',#2104);
#1984=FILL_AREA_STYLE_COLOUR('',#2104);
#1985=FILL_AREA_STYLE_COLOUR('',#2104);
#1986=FILL_AREA_STYLE_COLOUR('',#2104);
#1987=FILL_AREA_STYLE_COLOUR('',#2104);
#1988=FILL_AREA_STYLE_COLOUR('',#2104);
#1989=FILL_AREA_STYLE_COLOUR('',#2104);
#1990=FILL_AREA_STYLE_COLOUR('',#2104);
#1991=FILL_AREA_STYLE_COLOUR('',#2104);
#1992=FILL_AREA_STYLE_COLOUR('',#2104);
#1993=FILL_AREA_STYLE_COLOUR('',#2104);
#1994=FILL_AREA_STYLE_COLOUR('',#2104);
#1995=FILL_AREA_STYLE_COLOUR('',#2104);
#1996=FILL_AREA_STYLE_COLOUR('',#2104);
#1997=FILL_AREA_STYLE_COLOUR('',#2104);
#1998=FILL_AREA_STYLE_COLOUR('',#2104);
#1999=FILL_AREA_STYLE_COLOUR('',#2104);
#2000=FILL_AREA_STYLE_COLOUR('',#2104);
#2001=FILL_AREA_STYLE_COLOUR('',#2104);
#2002=FILL_AREA_STYLE_COLOUR('',#2104);
#2003=FILL_AREA_STYLE_COLOUR('',#2104);
#2004=FILL_AREA_STYLE_COLOUR('',#2104);
#2005=FILL_AREA_STYLE_COLOUR('',#2104);
#2006=FILL_AREA_STYLE_COLOUR('',#2104);
#2007=FILL_AREA_STYLE_COLOUR('',#2104);
#2008=FILL_AREA_STYLE_COLOUR('',#2104);
#2009=FILL_AREA_STYLE_COLOUR('',#2104);
#2010=FILL_AREA_STYLE_COLOUR('',#2104);
#2011=FILL_AREA_STYLE_COLOUR('',#2104);
#2012=FILL_AREA_STYLE_COLOUR('',#2104);
#2013=FILL_AREA_STYLE_COLOUR('',#2104);
#2014=FILL_AREA_STYLE_COLOUR('',#2104);
#2015=FILL_AREA_STYLE_COLOUR('',#2104);
#2016=FILL_AREA_STYLE_COLOUR('',#2104);
#2017=FILL_AREA_STYLE_COLOUR('',#2104);
#2018=FILL_AREA_STYLE_COLOUR('',#2104);
#2019=FILL_AREA_STYLE_COLOUR('',#2104);
#2020=FILL_AREA_STYLE_COLOUR('',#2104);
#2021=FILL_AREA_STYLE_COLOUR('',#2104);
#2022=FILL_AREA_STYLE_COLOUR('',#2104);
#2023=FILL_AREA_STYLE_COLOUR('',#2104);
#2024=FILL_AREA_STYLE_COLOUR('',#2104);
#2025=FILL_AREA_STYLE_COLOUR('',#2104);
#2026=FILL_AREA_STYLE_COLOUR('',#2104);
#2027=FILL_AREA_STYLE_COLOUR('',#2104);
#2028=FILL_AREA_STYLE_COLOUR('',#2104);
#2029=FILL_AREA_STYLE_COLOUR('',#2104);
#2030=FILL_AREA_STYLE_COLOUR('',#2104);
#2031=FILL_AREA_STYLE_COLOUR('',#2104);
#2032=FILL_AREA_STYLE_COLOUR('',#2104);
#2033=FILL_AREA_STYLE_COLOUR('',#2104);
#2034=FILL_AREA_STYLE_COLOUR('',#2104);
#2035=FILL_AREA_STYLE_COLOUR('',#2104);
#2036=FILL_AREA_STYLE_COLOUR('',#2104);
#2037=FILL_AREA_STYLE_COLOUR('',#2104);
#2038=FILL_AREA_STYLE_COLOUR('',#2104);
#2039=FILL_AREA_STYLE_COLOUR('',#2104);
#2040=FILL_AREA_STYLE_COLOUR('',#2104);
#2041=FILL_AREA_STYLE_COLOUR('',#2104);
#2042=FILL_AREA_STYLE_COLOUR('',#2104);
#2043=FILL_AREA_STYLE_COLOUR('',#2104);
#2044=FILL_AREA_STYLE_COLOUR('',#2104);
#2045=FILL_AREA_STYLE_COLOUR('',#2104);
#2046=FILL_AREA_STYLE_COLOUR('',#2104);
#2047=FILL_AREA_STYLE_COLOUR('',#2104);
#2048=FILL_AREA_STYLE_COLOUR('',#2104);
#2049=FILL_AREA_STYLE_COLOUR('',#2104);
#2050=FILL_AREA_STYLE_COLOUR('',#2104);
#2051=FILL_AREA_STYLE_COLOUR('',#2104);
#2052=FILL_AREA_STYLE_COLOUR('',#2104);
#2053=FILL_AREA_STYLE_COLOUR('',#2104);
#2054=FILL_AREA_STYLE_COLOUR('',#2104);
#2055=FILL_AREA_STYLE_COLOUR('',#2104);
#2056=FILL_AREA_STYLE_COLOUR('',#2104);
#2057=FILL_AREA_STYLE_COLOUR('',#2104);
#2058=FILL_AREA_STYLE_COLOUR('',#2104);
#2059=FILL_AREA_STYLE_COLOUR('',#2104);
#2060=FILL_AREA_STYLE_COLOUR('',#2104);
#2061=FILL_AREA_STYLE_COLOUR('',#2104);
#2062=FILL_AREA_STYLE_COLOUR('',#2104);
#2063=FILL_AREA_STYLE_COLOUR('',#2104);
#2064=FILL_AREA_STYLE_COLOUR('',#2104);
#2065=FILL_AREA_STYLE_COLOUR('',#2104);
#2066=FILL_AREA_STYLE_COLOUR('',#2104);
#2067=FILL_AREA_STYLE_COLOUR('',#2104);
#2068=FILL_AREA_STYLE_COLOUR('',#2104);
#2069=FILL_AREA_STYLE_COLOUR('',#2104);
#2070=FILL_AREA_STYLE_COLOUR('',#2104);
#2071=FILL_AREA_STYLE_COLOUR('',#2104);
#2072=FILL_AREA_STYLE_COLOUR('',#2104);
#2073=FILL_AREA_STYLE_COLOUR('',#2104);
#2074=FILL_AREA_STYLE_COLOUR('',#2103);
#2075=FILL_AREA_STYLE_COLOUR('',#2104);
#2076=FILL_AREA_STYLE_COLOUR('',#2104);
#2077=FILL_AREA_STYLE_COLOUR('',#2104);
#2078=FILL_AREA_STYLE_COLOUR('',#2103);
#2079=FILL_AREA_STYLE_COLOUR('',#2104);
#2080=FILL_AREA_STYLE_COLOUR('',#2104);
#2081=FILL_AREA_STYLE_COLOUR('',#2104);
#2082=FILL_AREA_STYLE_COLOUR('',#2103);
#2083=FILL_AREA_STYLE_COLOUR('',#2104);
#2084=FILL_AREA_STYLE_COLOUR('',#2104);
#2085=FILL_AREA_STYLE_COLOUR('',#2104);
#2086=FILL_AREA_STYLE_COLOUR('',#2103);
#2087=FILL_AREA_STYLE_COLOUR('',#2104);
#2088=FILL_AREA_STYLE_COLOUR('',#2104);
#2089=FILL_AREA_STYLE_COLOUR('',#2104);
#2090=FILL_AREA_STYLE_COLOUR('',#2103);
#2091=FILL_AREA_STYLE_COLOUR('',#2104);
#2092=FILL_AREA_STYLE_COLOUR('',#2104);
#2093=FILL_AREA_STYLE_COLOUR('',#2104);
#2094=FILL_AREA_STYLE_COLOUR('',#2103);
#2095=FILL_AREA_STYLE_COLOUR('',#2104);
#2096=FILL_AREA_STYLE_COLOUR('',#2104);
#2097=FILL_AREA_STYLE_COLOUR('',#2104);
#2098=FILL_AREA_STYLE_COLOUR('',#2103);
#2099=FILL_AREA_STYLE_COLOUR('',#2104);
#2100=FILL_AREA_STYLE_COLOUR('',#2104);
#2101=FILL_AREA_STYLE_COLOUR('',#2104);
#2102=FILL_AREA_STYLE_COLOUR('',#2103);
#2103=COLOUR_RGB('medium steel',0.611764705882353,0.658823529411765,0.670588235294118);
#2104=COLOUR_RGB('black',0.,0.,0.);
#2105=MANIFOLD_SOLID_BREP('',#2128);
#2106=MANIFOLD_SOLID_BREP('',#2129);
#2107=MANIFOLD_SOLID_BREP('',#2130);
#2108=MANIFOLD_SOLID_BREP('',#2131);
#2109=MANIFOLD_SOLID_BREP('',#2132);
#2110=MANIFOLD_SOLID_BREP('',#2133);
#2111=MANIFOLD_SOLID_BREP('',#2134);
#2112=MANIFOLD_SOLID_BREP('',#2135);
#2113=MANIFOLD_SOLID_BREP('',#2136);
#2114=MANIFOLD_SOLID_BREP('',#2137);
#2115=MANIFOLD_SOLID_BREP('',#2138);
#2116=MANIFOLD_SOLID_BREP('',#2139);
#2117=MANIFOLD_SOLID_BREP('',#2140);
#2118=MANIFOLD_SOLID_BREP('',#2141);
#2119=MANIFOLD_SOLID_BREP('',#2142);
#2120=MANIFOLD_SOLID_BREP('',#2143);
#2121=MANIFOLD_SOLID_BREP('',#2144);
#2122=MANIFOLD_SOLID_BREP('',#2145);
#2123=MANIFOLD_SOLID_BREP('',#2146);
#2124=MANIFOLD_SOLID_BREP('',#2147);
#2125=MANIFOLD_SOLID_BREP('',#2148);
#2126=MANIFOLD_SOLID_BREP('',#2149);
#2127=MANIFOLD_SOLID_BREP('',#2150);
#2128=CLOSED_SHELL('',(#2214,#2215,#2216,#2217,#2218,#2219,#2220,#2221,
#2222,#2223,#2224,#2225,#2226,#2227,#2228,#2229,#2230));
#2129=CLOSED_SHELL('',(#2231,#2232,#2233));
#2130=CLOSED_SHELL('',(#2234,#2235,#2236));
#2131=CLOSED_SHELL('',(#2237,#2238,#2239));
#2132=CLOSED_SHELL('',(#2240,#2241,#2242));
#2133=CLOSED_SHELL('',(#2243,#2244,#2245));
#2134=CLOSED_SHELL('',(#2246,#2247,#2248));
#2135=CLOSED_SHELL('',(#2249,#2250,#2251));
#2136=CLOSED_SHELL('',(#2252,#2253,#2254));
#2137=CLOSED_SHELL('',(#2255,#2256,#2257));
#2138=CLOSED_SHELL('',(#2258,#2259,#2260));
#2139=CLOSED_SHELL('',(#2261,#2262,#2263));
#2140=CLOSED_SHELL('',(#2264,#2265,#2266));
#2141=CLOSED_SHELL('',(#2267,#2268,#2269));
#2142=CLOSED_SHELL('',(#2270,#2271,#2272,#2273,#2274,#2275,#2276,#2277,
#2278,#2279,#2280,#2281,#2282,#2283,#2284,#2285,#2286,#2287,#2288,#2289,
#2290,#2291,#2292,#2293,#2294,#2295,#2296,#2297,#2298,#2299,#2300,#2301,
#2302,#2303,#2304,#2305,#2306,#2307,#2308,#2309,#2310,#2311,#2312,#2313,
#2314,#2315,#2316,#2317,#2318,#2319,#2320,#2321,#2322,#2323,#2324,#2325,
#2326,#2327,#2328,#2329,#2330,#2331,#2332,#2333,#2334,#2335,#2336,#2337,
#2338,#2339,#2340,#2341,#2342,#2343,#2344,#2345,#2346,#2347,#2348,#2349,
#2350,#2351,#2352,#2353,#2354,#2355,#2356,#2357,#2358,#2359,#2360,#2361,
#2362,#2363,#2364,#2365,#2366,#2367,#2368,#2369,#2370,#2371,#2372,#2373,
#2374,#2375,#2376,#2377,#2378,#2379,#2380,#2381,#2382,#2383,#2384,#2385,
#2386,#2387,#2388,#2389,#2390,#2391,#2392,#2393,#2394,#2395,#2396,#2397,
#2398,#2399,#2400,#2401,#2402,#2403,#2404,#2405,#2406,#2407,#2408,#2409,
#2410,#2411,#2412,#2413,#2414,#2415,#2416,#2417,#2418,#2419,#2420,#2421));
#2143=CLOSED_SHELL('',(#2422,#2423,#2424));
#2144=CLOSED_SHELL('',(#2425,#2426,#2427));
#2145=CLOSED_SHELL('',(#2428,#2429,#2430));
#2146=CLOSED_SHELL('',(#2431,#2432,#2433));
#2147=CLOSED_SHELL('',(#2434,#2435,#2436));
#2148=CLOSED_SHELL('',(#2437,#2438,#2439));
#2149=CLOSED_SHELL('',(#2440,#2441,#2442));
#2150=CLOSED_SHELL('',(#2443,#2444,#2445,#2446,#2447,#2448,#2449,#2450,
#2451,#2452));
#2151=CYLINDRICAL_SURFACE('',#5506,25.);
#2152=CYLINDRICAL_SURFACE('',#5520,20.);
#2153=CYLINDRICAL_SURFACE('',#5525,20.);
#2154=CYLINDRICAL_SURFACE('',#5530,20.);
#2155=CYLINDRICAL_SURFACE('',#5535,20.);
#2156=CYLINDRICAL_SURFACE('',#5540,20.);
#2157=CYLINDRICAL_SURFACE('',#5545,20.);
#2158=CYLINDRICAL_SURFACE('',#5550,20.);
#2159=CYLINDRICAL_SURFACE('',#5555,20.);
#2160=CYLINDRICAL_SURFACE('',#5560,20.);
#2161=CYLINDRICAL_SURFACE('',#5565,20.);
#2162=CYLINDRICAL_SURFACE('',#5570,20.);
#2163=CYLINDRICAL_SURFACE('',#5575,20.);
#2164=CYLINDRICAL_SURFACE('',#5580,20.);
#2165=CYLINDRICAL_SURFACE('',#5641,20.);
#2166=CYLINDRICAL_SURFACE('',#5646,20.);
#2167=CYLINDRICAL_SURFACE('',#5651,20.);
#2168=CYLINDRICAL_SURFACE('',#5656,20.);
#2169=CYLINDRICAL_SURFACE('',#5661,20.);
#2170=CYLINDRICAL_SURFACE('',#5666,20.);
#2171=CYLINDRICAL_SURFACE('',#5671,20.);
#2172=CIRCLE('',#5501,25.);
#2173=CIRCLE('',#5505,25.);
#2174=CIRCLE('',#5518,20.);
#2175=CIRCLE('',#5519,20.);
#2176=CIRCLE('',#5523,20.);
#2177=CIRCLE('',#5524,20.);
#2178=CIRCLE('',#5528,20.);
#2179=CIRCLE('',#5529,20.);
#2180=CIRCLE('',#5533,20.);
#2181=CIRCLE('',#5534,20.);
#2182=CIRCLE('',#5538,20.);
#2183=CIRCLE('',#5539,20.);
#2184=CIRCLE('',#5543,20.);
#2185=CIRCLE('',#5544,20.);
#2186=CIRCLE('',#5548,20.);
#2187=CIRCLE('',#5549,20.);
#2188=CIRCLE('',#5553,20.);
#2189=CIRCLE('',#5554,20.);
#2190=CIRCLE('',#5558,20.);
#2191=CIRCLE('',#5559,20.);
#2192=CIRCLE('',#5563,20.);
#2193=CIRCLE('',#5564,20.);
#2194=CIRCLE('',#5568,20.);
#2195=CIRCLE('',#5569,20.);
#2196=CIRCLE('',#5573,20.);
#2197=CIRCLE('',#5574,20.);
#2198=CIRCLE('',#5578,20.);
#2199=CIRCLE('',#5579,20.);
#2200=CIRCLE('',#5639,20.);
#2201=CIRCLE('',#5640,20.);
#2202=CIRCLE('',#5644,20.);
#2203=CIRCLE('',#5645,20.);
#2204=CIRCLE('',#5649,20.);
#2205=CIRCLE('',#5650,20.);
#2206=CIRCLE('',#5654,20.);
#2207=CIRCLE('',#5655,20.);
#2208=CIRCLE('',#5659,20.);
#2209=CIRCLE('',#5660,20.);
#2210=CIRCLE('',#5664,20.);
#2211=CIRCLE('',#5665,20.);
#2212=CIRCLE('',#5669,20.);
#2213=CIRCLE('',#5670,20.);
#2214=ADVANCED_FACE('',(#2575),#2453,.F.);
#2215=ADVANCED_FACE('',(#2576),#2454,.T.);
#2216=ADVANCED_FACE('',(#2577),#2455,.F.);
#2217=ADVANCED_FACE('',(#2578),#2456,.F.);
#2218=ADVANCED_FACE('',(#2579),#2457,.F.);
#2219=ADVANCED_FACE('',(#2580),#2151,.T.);
#2220=ADVANCED_FACE('',(#2581),#2458,.T.);
#2221=ADVANCED_FACE('',(#2582),#2459,.F.);
#2222=ADVANCED_FACE('',(#2583),#2460,.F.);
#2223=ADVANCED_FACE('',(#2584),#2461,.F.);
#2224=ADVANCED_FACE('',(#2585),#2462,.F.);
#2225=ADVANCED_FACE('',(#2586),#2463,.T.);
#2226=ADVANCED_FACE('',(#2587),#2464,.F.);
#2227=ADVANCED_FACE('',(#2588),#2465,.F.);
#2228=ADVANCED_FACE('',(#2589),#2466,.F.);
#2229=ADVANCED_FACE('',(#2590),#2467,.F.);
#2230=ADVANCED_FACE('',(#2591),#2468,.T.);
#2231=ADVANCED_FACE('',(#678,#679),#2152,.T.);
#2232=ADVANCED_FACE('',(#2592),#2469,.T.);
#2233=ADVANCED_FACE('',(#2593),#2470,.F.);
#2234=ADVANCED_FACE('',(#680,#681),#2153,.T.);
#2235=ADVANCED_FACE('',(#2594),#2471,.T.);
#2236=ADVANCED_FACE('',(#2595),#2472,.F.);
#2237=ADVANCED_FACE('',(#682,#683),#2154,.T.);
#2238=ADVANCED_FACE('',(#2596),#2473,.T.);
#2239=ADVANCED_FACE('',(#2597),#2474,.F.);
#2240=ADVANCED_FACE('',(#684,#685),#2155,.T.);
#2241=ADVANCED_FACE('',(#2598),#2475,.T.);
#2242=ADVANCED_FACE('',(#2599),#2476,.F.);
#2243=ADVANCED_FACE('',(#686,#687),#2156,.T.);
#2244=ADVANCED_FACE('',(#2600),#2477,.T.);
#2245=ADVANCED_FACE('',(#2601),#2478,.F.);
#2246=ADVANCED_FACE('',(#688,#689),#2157,.T.);
#2247=ADVANCED_FACE('',(#2602),#2479,.T.);
#2248=ADVANCED_FACE('',(#2603),#2480,.F.);
#2249=ADVANCED_FACE('',(#690,#691),#2158,.T.);
#2250=ADVANCED_FACE('',(#2604),#2481,.T.);
#2251=ADVANCED_FACE('',(#2605),#2482,.F.);
#2252=ADVANCED_FACE('',(#692,#693),#2159,.T.);
#2253=ADVANCED_FACE('',(#2606),#2483,.T.);
#2254=ADVANCED_FACE('',(#2607),#2484,.F.);
#2255=ADVANCED_FACE('',(#694,#695),#2160,.T.);
#2256=ADVANCED_FACE('',(#2608),#2485,.T.);
#2257=ADVANCED_FACE('',(#2609),#2486,.F.);
#2258=ADVANCED_FACE('',(#696,#697),#2161,.T.);
#2259=ADVANCED_FACE('',(#2610),#2487,.T.);
#2260=ADVANCED_FACE('',(#2611),#2488,.F.);
#2261=ADVANCED_FACE('',(#698,#699),#2162,.T.);
#2262=ADVANCED_FACE('',(#2612),#2489,.T.);
#2263=ADVANCED_FACE('',(#2613),#2490,.F.);
#2264=ADVANCED_FACE('',(#700,#701),#2163,.T.);
#2265=ADVANCED_FACE('',(#2614),#2491,.T.);
#2266=ADVANCED_FACE('',(#2615),#2492,.F.);
#2267=ADVANCED_FACE('',(#702,#703),#2164,.T.);
#2268=ADVANCED_FACE('',(#2616),#2493,.T.);
#2269=ADVANCED_FACE('',(#2617),#2494,.F.);
#2270=ADVANCED_FACE('',(#704,#705,#706,#707,#708,#709,#710,#711,#712,#713,
#714),#2495,.F.);
#2271=ADVANCED_FACE('',(#2618),#2496,.F.);
#2272=ADVANCED_FACE('',(#2619),#2497,.F.);
#2273=ADVANCED_FACE('',(#2620),#2498,.F.);
#2274=ADVANCED_FACE('',(#2621),#2499,.F.);
#2275=ADVANCED_FACE('',(#2622),#2500,.F.);
#2276=ADVANCED_FACE('',(#2623),#2501,.T.);
#2277=ADVANCED_FACE('',(#2624),#2502,.F.);
#2278=ADVANCED_FACE('',(#2625),#2503,.F.);
#2279=ADVANCED_FACE('',(#2626),#23,.F.);
#2280=ADVANCED_FACE('',(#2627),#24,.F.);
#2281=ADVANCED_FACE('',(#2628),#25,.F.);
#2282=ADVANCED_FACE('',(#2629),#26,.F.);
#2283=ADVANCED_FACE('',(#2630),#2504,.F.);
#2284=ADVANCED_FACE('',(#2631),#27,.F.);
#2285=ADVANCED_FACE('',(#2632),#28,.F.);
#2286=ADVANCED_FACE('',(#2633),#29,.F.);
#2287=ADVANCED_FACE('',(#2634),#2505,.F.);
#2288=ADVANCED_FACE('',(#2635),#30,.F.);
#2289=ADVANCED_FACE('',(#2636),#2506,.F.);
#2290=ADVANCED_FACE('',(#2637),#31,.F.);
#2291=ADVANCED_FACE('',(#2638),#32,.F.);
#2292=ADVANCED_FACE('',(#2639),#33,.F.);
#2293=ADVANCED_FACE('',(#2640),#34,.F.);
#2294=ADVANCED_FACE('',(#2641),#2507,.T.);
#2295=ADVANCED_FACE('',(#2642),#35,.T.);
#2296=ADVANCED_FACE('',(#2643),#36,.T.);
#2297=ADVANCED_FACE('',(#2644),#37,.T.);
#2298=ADVANCED_FACE('',(#2645),#2508,.T.);
#2299=ADVANCED_FACE('',(#2646),#38,.T.);
#2300=ADVANCED_FACE('',(#2647),#39,.T.);
#2301=ADVANCED_FACE('',(#2648),#2509,.T.);
#2302=ADVANCED_FACE('',(#2649),#2510,.F.);
#2303=ADVANCED_FACE('',(#2650),#40,.F.);
#2304=ADVANCED_FACE('',(#2651),#41,.F.);
#2305=ADVANCED_FACE('',(#2652),#2511,.F.);
#2306=ADVANCED_FACE('',(#2653),#42,.F.);
#2307=ADVANCED_FACE('',(#2654),#2512,.F.);
#2308=ADVANCED_FACE('',(#2655),#43,.F.);
#2309=ADVANCED_FACE('',(#2656),#44,.F.);
#2310=ADVANCED_FACE('',(#2657),#45,.F.);
#2311=ADVANCED_FACE('',(#2658),#46,.F.);
#2312=ADVANCED_FACE('',(#2659),#47,.F.);
#2313=ADVANCED_FACE('',(#2660),#2513,.F.);
#2314=ADVANCED_FACE('',(#2661),#48,.F.);
#2315=ADVANCED_FACE('',(#2662),#49,.F.);
#2316=ADVANCED_FACE('',(#2663),#50,.F.);
#2317=ADVANCED_FACE('',(#2664),#51,.F.);
#2318=ADVANCED_FACE('',(#715,#716),#2514,.T.);
#2319=ADVANCED_FACE('',(#2665),#52,.F.);
#2320=ADVANCED_FACE('',(#2666),#53,.F.);
#2321=ADVANCED_FACE('',(#2667),#2515,.F.);
#2322=ADVANCED_FACE('',(#2668),#54,.F.);
#2323=ADVANCED_FACE('',(#2669),#2516,.F.);
#2324=ADVANCED_FACE('',(#2670),#55,.F.);
#2325=ADVANCED_FACE('',(#2671),#56,.F.);
#2326=ADVANCED_FACE('',(#2672),#57,.F.);
#2327=ADVANCED_FACE('',(#2673),#58,.F.);
#2328=ADVANCED_FACE('',(#2674),#59,.F.);
#2329=ADVANCED_FACE('',(#2675),#2517,.F.);
#2330=ADVANCED_FACE('',(#2676),#60,.F.);
#2331=ADVANCED_FACE('',(#2677),#61,.F.);
#2332=ADVANCED_FACE('',(#2678),#62,.F.);
#2333=ADVANCED_FACE('',(#2679),#63,.F.);
#2334=ADVANCED_FACE('',(#717,#718),#2518,.T.);
#2335=ADVANCED_FACE('',(#2680),#2519,.F.);
#2336=ADVANCED_FACE('',(#2681),#64,.F.);
#2337=ADVANCED_FACE('',(#2682),#65,.F.);
#2338=ADVANCED_FACE('',(#2683),#2520,.F.);
#2339=ADVANCED_FACE('',(#2684),#66,.F.);
#2340=ADVANCED_FACE('',(#2685),#2521,.F.);
#2341=ADVANCED_FACE('',(#2686),#67,.F.);
#2342=ADVANCED_FACE('',(#2687),#2522,.F.);
#2343=ADVANCED_FACE('',(#2688),#68,.F.);
#2344=ADVANCED_FACE('',(#2689),#69,.F.);
#2345=ADVANCED_FACE('',(#2690),#2523,.F.);
#2346=ADVANCED_FACE('',(#2691),#70,.F.);
#2347=ADVANCED_FACE('',(#2692),#71,.F.);
#2348=ADVANCED_FACE('',(#2693),#72,.F.);
#2349=ADVANCED_FACE('',(#2694),#73,.F.);
#2350=ADVANCED_FACE('',(#2695),#2524,.T.);
#2351=ADVANCED_FACE('',(#2696),#2525,.F.);
#2352=ADVANCED_FACE('',(#2697),#74,.F.);
#2353=ADVANCED_FACE('',(#2698),#75,.F.);
#2354=ADVANCED_FACE('',(#2699),#2526,.F.);
#2355=ADVANCED_FACE('',(#2700),#76,.F.);
#2356=ADVANCED_FACE('',(#2701),#2527,.F.);
#2357=ADVANCED_FACE('',(#2702),#77,.F.);
#2358=ADVANCED_FACE('',(#2703),#78,.F.);
#2359=ADVANCED_FACE('',(#2704),#79,.F.);
#2360=ADVANCED_FACE('',(#2705),#80,.F.);
#2361=ADVANCED_FACE('',(#2706),#2528,.F.);
#2362=ADVANCED_FACE('',(#2707),#81,.F.);
#2363=ADVANCED_FACE('',(#2708),#82,.F.);
#2364=ADVANCED_FACE('',(#2709),#83,.F.);
#2365=ADVANCED_FACE('',(#2710),#2529,.F.);
#2366=ADVANCED_FACE('',(#2711),#84,.F.);
#2367=ADVANCED_FACE('',(#2712),#2530,.T.);
#2368=ADVANCED_FACE('',(#2713),#2531,.F.);
#2369=ADVANCED_FACE('',(#2714),#85,.F.);
#2370=ADVANCED_FACE('',(#2715),#86,.F.);
#2371=ADVANCED_FACE('',(#2716),#87,.F.);
#2372=ADVANCED_FACE('',(#2717),#2532,.F.);
#2373=ADVANCED_FACE('',(#2718),#88,.F.);
#2374=ADVANCED_FACE('',(#2719),#89,.F.);
#2375=ADVANCED_FACE('',(#2720),#2533,.T.);
#2376=ADVANCED_FACE('',(#2721),#90,.F.);
#2377=ADVANCED_FACE('',(#2722),#91,.F.);
#2378=ADVANCED_FACE('',(#2723),#2534,.F.);
#2379=ADVANCED_FACE('',(#2724),#92,.F.);
#2380=ADVANCED_FACE('',(#2725),#93,.F.);
#2381=ADVANCED_FACE('',(#2726),#94,.F.);
#2382=ADVANCED_FACE('',(#2727),#95,.F.);
#2383=ADVANCED_FACE('',(#2728),#96,.F.);
#2384=ADVANCED_FACE('',(#2729),#97,.F.);
#2385=ADVANCED_FACE('',(#719,#720),#2535,.T.);
#2386=ADVANCED_FACE('',(#2730),#2536,.F.);
#2387=ADVANCED_FACE('',(#2731),#98,.F.);
#2388=ADVANCED_FACE('',(#2732),#99,.F.);
#2389=ADVANCED_FACE('',(#2733),#100,.F.);
#2390=ADVANCED_FACE('',(#2734),#2537,.F.);
#2391=ADVANCED_FACE('',(#2735),#101,.F.);
#2392=ADVANCED_FACE('',(#2736),#102,.F.);
#2393=ADVANCED_FACE('',(#2737),#2538,.F.);
#2394=ADVANCED_FACE('',(#2738),#103,.F.);
#2395=ADVANCED_FACE('',(#2739),#2539,.F.);
#2396=ADVANCED_FACE('',(#2740),#104,.F.);
#2397=ADVANCED_FACE('',(#2741),#105,.F.);
#2398=ADVANCED_FACE('',(#2742),#106,.F.);
#2399=ADVANCED_FACE('',(#2743),#107,.F.);
#2400=ADVANCED_FACE('',(#2744),#2540,.F.);
#2401=ADVANCED_FACE('',(#2745),#108,.F.);
#2402=ADVANCED_FACE('',(#2746),#2541,.T.);
#2403=ADVANCED_FACE('',(#2747),#2542,.F.);
#2404=ADVANCED_FACE('',(#2748),#109,.F.);
#2405=ADVANCED_FACE('',(#2749),#110,.F.);
#2406=ADVANCED_FACE('',(#2750),#2543,.F.);
#2407=ADVANCED_FACE('',(#2751),#111,.F.);
#2408=ADVANCED_FACE('',(#2752),#2544,.F.);
#2409=ADVANCED_FACE('',(#2753),#112,.F.);
#2410=ADVANCED_FACE('',(#2754),#2545,.F.);
#2411=ADVANCED_FACE('',(#2755),#113,.F.);
#2412=ADVANCED_FACE('',(#2756),#114,.F.);
#2413=ADVANCED_FACE('',(#2757),#2546,.F.);
#2414=ADVANCED_FACE('',(#2758),#115,.F.);
#2415=ADVANCED_FACE('',(#2759),#116,.F.);
#2416=ADVANCED_FACE('',(#2760),#117,.F.);
#2417=ADVANCED_FACE('',(#2761),#118,.F.);
#2418=ADVANCED_FACE('',(#2762),#2547,.T.);
#2419=ADVANCED_FACE('',(#2763),#2548,.F.);
#2420=ADVANCED_FACE('',(#2764),#2549,.F.);
#2421=ADVANCED_FACE('',(#2765),#2550,.F.);
#2422=ADVANCED_FACE('',(#721,#722),#2165,.T.);
#2423=ADVANCED_FACE('',(#2766),#2551,.T.);
#2424=ADVANCED_FACE('',(#2767),#2552,.F.);
#2425=ADVANCED_FACE('',(#723,#724),#2166,.T.);
#2426=ADVANCED_FACE('',(#2768),#2553,.T.);
#2427=ADVANCED_FACE('',(#2769),#2554,.F.);
#2428=ADVANCED_FACE('',(#725,#726),#2167,.T.);
#2429=ADVANCED_FACE('',(#2770),#2555,.T.);
#2430=ADVANCED_FACE('',(#2771),#2556,.F.);
#2431=ADVANCED_FACE('',(#727,#728),#2168,.T.);
#2432=ADVANCED_FACE('',(#2772),#2557,.T.);
#2433=ADVANCED_FACE('',(#2773),#2558,.F.);
#2434=ADVANCED_FACE('',(#729,#730),#2169,.T.);
#2435=ADVANCED_FACE('',(#2774),#2559,.T.);
#2436=ADVANCED_FACE('',(#2775),#2560,.F.);
#2437=ADVANCED_FACE('',(#731,#732),#2170,.T.);
#2438=ADVANCED_FACE('',(#2776),#2561,.T.);
#2439=ADVANCED_FACE('',(#2777),#2562,.F.);
#2440=ADVANCED_FACE('',(#733,#734),#2171,.T.);
#2441=ADVANCED_FACE('',(#2778),#2563,.T.);
#2442=ADVANCED_FACE('',(#2779),#2564,.F.);
#2443=ADVANCED_FACE('',(#2780),#2565,.F.);
#2444=ADVANCED_FACE('',(#2781),#2566,.F.);
#2445=ADVANCED_FACE('',(#2782),#2567,.F.);
#2446=ADVANCED_FACE('',(#2783),#2568,.F.);
#2447=ADVANCED_FACE('',(#2784),#2569,.T.);
#2448=ADVANCED_FACE('',(#2785),#2570,.T.);
#2449=ADVANCED_FACE('',(#2786),#2571,.F.);
#2450=ADVANCED_FACE('',(#2787),#2572,.F.);
#2451=ADVANCED_FACE('',(#2788),#2573,.F.);
#2452=ADVANCED_FACE('',(#2789),#2574,.T.);
#2453=PLANE('',#5499);
#2454=PLANE('',#5500);
#2455=PLANE('',#5502);
#2456=PLANE('',#5503);
#2457=PLANE('',#5504);
#2458=PLANE('',#5507);
#2459=PLANE('',#5508);
#2460=PLANE('',#5509);
#2461=PLANE('',#5510);
#2462=PLANE('',#5511);
#2463=PLANE('',#5512);
#2464=PLANE('',#5513);
#2465=PLANE('',#5514);
#2466=PLANE('',#5515);
#2467=PLANE('',#5516);
#2468=PLANE('',#5517);
#2469=PLANE('',#5521);
#2470=PLANE('',#5522);
#2471=PLANE('',#5526);
#2472=PLANE('',#5527);
#2473=PLANE('',#5531);
#2474=PLANE('',#5532);
#2475=PLANE('',#5536);
#2476=PLANE('',#5537);
#2477=PLANE('',#5541);
#2478=PLANE('',#5542);
#2479=PLANE('',#5546);
#2480=PLANE('',#5547);
#2481=PLANE('',#5551);
#2482=PLANE('',#5552);
#2483=PLANE('',#5556);
#2484=PLANE('',#5557);
#2485=PLANE('',#5561);
#2486=PLANE('',#5562);
#2487=PLANE('',#5566);
#2488=PLANE('',#5567);
#2489=PLANE('',#5571);
#2490=PLANE('',#5572);
#2491=PLANE('',#5576);
#2492=PLANE('',#5577);
#2493=PLANE('',#5581);
#2494=PLANE('',#5582);
#2495=PLANE('',#5583);
#2496=PLANE('',#5584);
#2497=PLANE('',#5585);
#2498=PLANE('',#5586);
#2499=PLANE('',#5587);
#2500=PLANE('',#5588);
#2501=PLANE('',#5589);
#2502=PLANE('',#5590);
#2503=PLANE('',#5591);
#2504=PLANE('',#5592);
#2505=PLANE('',#5593);
#2506=PLANE('',#5594);
#2507=PLANE('',#5595);
#2508=PLANE('',#5596);
#2509=PLANE('',#5597);
#2510=PLANE('',#5598);
#2511=PLANE('',#5599);
#2512=PLANE('',#5600);
#2513=PLANE('',#5601);
#2514=PLANE('',#5602);
#2515=PLANE('',#5603);
#2516=PLANE('',#5604);
#2517=PLANE('',#5605);
#2518=PLANE('',#5606);
#2519=PLANE('',#5607);
#2520=PLANE('',#5608);
#2521=PLANE('',#5609);
#2522=PLANE('',#5610);
#2523=PLANE('',#5611);
#2524=PLANE('',#5612);
#2525=PLANE('',#5613);
#2526=PLANE('',#5614);
#2527=PLANE('',#5615);
#2528=PLANE('',#5616);
#2529=PLANE('',#5617);
#2530=PLANE('',#5618);
#2531=PLANE('',#5619);
#2532=PLANE('',#5620);
#2533=PLANE('',#5621);
#2534=PLANE('',#5622);
#2535=PLANE('',#5623);
#2536=PLANE('',#5624);
#2537=PLANE('',#5625);
#2538=PLANE('',#5626);
#2539=PLANE('',#5627);
#2540=PLANE('',#5628);
#2541=PLANE('',#5629);
#2542=PLANE('',#5630);
#2543=PLANE('',#5631);
#2544=PLANE('',#5632);
#2545=PLANE('',#5633);
#2546=PLANE('',#5634);
#2547=PLANE('',#5635);
#2548=PLANE('',#5636);
#2549=PLANE('',#5637);
#2550=PLANE('',#5638);
#2551=PLANE('',#5642);
#2552=PLANE('',#5643);
#2553=PLANE('',#5647);
#2554=PLANE('',#5648);
#2555=PLANE('',#5652);
#2556=PLANE('',#5653);
#2557=PLANE('',#5657);
#2558=PLANE('',#5658);
#2559=PLANE('',#5662);
#2560=PLANE('',#5663);
#2561=PLANE('',#5667);
#2562=PLANE('',#5668);
#2563=PLANE('',#5672);
#2564=PLANE('',#5673);
#2565=PLANE('',#5674);
#2566=PLANE('',#5675);
#2567=PLANE('',#5676);
#2568=PLANE('',#5677);
#2569=PLANE('',#5678);
#2570=PLANE('',#5679);
#2571=PLANE('',#5680);
#2572=PLANE('',#5681);
#2573=PLANE('',#5682);
#2574=PLANE('',#5683);
#2575=FACE_OUTER_BOUND('',#2790,.T.);
#2576=FACE_OUTER_BOUND('',#2791,.T.);
#2577=FACE_OUTER_BOUND('',#2792,.T.);
#2578=FACE_OUTER_BOUND('',#2793,.T.);
#2579=FACE_OUTER_BOUND('',#2794,.T.);
#2580=FACE_OUTER_BOUND('',#2795,.T.);
#2581=FACE_OUTER_BOUND('',#2796,.T.);
#2582=FACE_OUTER_BOUND('',#2797,.T.);
#2583=FACE_OUTER_BOUND('',#2798,.T.);
#2584=FACE_OUTER_BOUND('',#2799,.T.);
#2585=FACE_OUTER_BOUND('',#2800,.T.);
#2586=FACE_OUTER_BOUND('',#2801,.T.);
#2587=FACE_OUTER_BOUND('',#2802,.T.);
#2588=FACE_OUTER_BOUND('',#2803,.T.);
#2589=FACE_OUTER_BOUND('',#2804,.T.);
#2590=FACE_OUTER_BOUND('',#2805,.T.);
#2591=FACE_OUTER_BOUND('',#2806,.T.);
#2592=FACE_OUTER_BOUND('',#2809,.T.);
#2593=FACE_OUTER_BOUND('',#2810,.T.);
#2594=FACE_OUTER_BOUND('',#2813,.T.);
#2595=FACE_OUTER_BOUND('',#2814,.T.);
#2596=FACE_OUTER_BOUND('',#2817,.T.);
#2597=FACE_OUTER_BOUND('',#2818,.T.);
#2598=FACE_OUTER_BOUND('',#2821,.T.);
#2599=FACE_OUTER_BOUND('',#2822,.T.);
#2600=FACE_OUTER_BOUND('',#2825,.T.);
#2601=FACE_OUTER_BOUND('',#2826,.T.);
#2602=FACE_OUTER_BOUND('',#2829,.T.);
#2603=FACE_OUTER_BOUND('',#2830,.T.);
#2604=FACE_OUTER_BOUND('',#2833,.T.);
#2605=FACE_OUTER_BOUND('',#2834,.T.);
#2606=FACE_OUTER_BOUND('',#2837,.T.);
#2607=FACE_OUTER_BOUND('',#2838,.T.);
#2608=FACE_OUTER_BOUND('',#2841,.T.);
#2609=FACE_OUTER_BOUND('',#2842,.T.);
#2610=FACE_OUTER_BOUND('',#2845,.T.);
#2611=FACE_OUTER_BOUND('',#2846,.T.);
#2612=FACE_OUTER_BOUND('',#2849,.T.);
#2613=FACE_OUTER_BOUND('',#2850,.T.);
#2614=FACE_OUTER_BOUND('',#2853,.T.);
#2615=FACE_OUTER_BOUND('',#2854,.T.);
#2616=FACE_OUTER_BOUND('',#2857,.T.);
#2617=FACE_OUTER_BOUND('',#2858,.T.);
#2618=FACE_OUTER_BOUND('',#2870,.T.);
#2619=FACE_OUTER_BOUND('',#2871,.T.);
#2620=FACE_OUTER_BOUND('',#2872,.T.);
#2621=FACE_OUTER_BOUND('',#2873,.T.);
#2622=FACE_OUTER_BOUND('',#2874,.T.);
#2623=FACE_OUTER_BOUND('',#2875,.T.);
#2624=FACE_OUTER_BOUND('',#2876,.T.);
#2625=FACE_OUTER_BOUND('',#2877,.T.);
#2626=FACE_OUTER_BOUND('',#2878,.T.);
#2627=FACE_OUTER_BOUND('',#2879,.T.);
#2628=FACE_OUTER_BOUND('',#2880,.T.);
#2629=FACE_OUTER_BOUND('',#2881,.T.);
#2630=FACE_OUTER_BOUND('',#2882,.T.);
#2631=FACE_OUTER_BOUND('',#2883,.T.);
#2632=FACE_OUTER_BOUND('',#2884,.T.);
#2633=FACE_OUTER_BOUND('',#2885,.T.);
#2634=FACE_OUTER_BOUND('',#2886,.T.);
#2635=FACE_OUTER_BOUND('',#2887,.T.);
#2636=FACE_OUTER_BOUND('',#2888,.T.);
#2637=FACE_OUTER_BOUND('',#2889,.T.);
#2638=FACE_OUTER_BOUND('',#2890,.T.);
#2639=FACE_OUTER_BOUND('',#2891,.T.);
#2640=FACE_OUTER_BOUND('',#2892,.T.);
#2641=FACE_OUTER_BOUND('',#2893,.T.);
#2642=FACE_OUTER_BOUND('',#2894,.T.);
#2643=FACE_OUTER_BOUND('',#2895,.T.);
#2644=FACE_OUTER_BOUND('',#2896,.T.);
#2645=FACE_OUTER_BOUND('',#2897,.T.);
#2646=FACE_OUTER_BOUND('',#2898,.T.);
#2647=FACE_OUTER_BOUND('',#2899,.T.);
#2648=FACE_OUTER_BOUND('',#2900,.T.);
#2649=FACE_OUTER_BOUND('',#2901,.T.);
#2650=FACE_OUTER_BOUND('',#2902,.T.);
#2651=FACE_OUTER_BOUND('',#2903,.T.);
#2652=FACE_OUTER_BOUND('',#2904,.T.);
#2653=FACE_OUTER_BOUND('',#2905,.T.);
#2654=FACE_OUTER_BOUND('',#2906,.T.);
#2655=FACE_OUTER_BOUND('',#2907,.T.);
#2656=FACE_OUTER_BOUND('',#2908,.T.);
#2657=FACE_OUTER_BOUND('',#2909,.T.);
#2658=FACE_OUTER_BOUND('',#2910,.T.);
#2659=FACE_OUTER_BOUND('',#2911,.T.);
#2660=FACE_OUTER_BOUND('',#2912,.T.);
#2661=FACE_OUTER_BOUND('',#2913,.T.);
#2662=FACE_OUTER_BOUND('',#2914,.T.);
#2663=FACE_OUTER_BOUND('',#2915,.T.);
#2664=FACE_OUTER_BOUND('',#2916,.T.);
#2665=FACE_OUTER_BOUND('',#2919,.T.);
#2666=FACE_OUTER_BOUND('',#2920,.T.);
#2667=FACE_OUTER_BOUND('',#2921,.T.);
#2668=FACE_OUTER_BOUND('',#2922,.T.);
#2669=FACE_OUTER_BOUND('',#2923,.T.);
#2670=FACE_OUTER_BOUND('',#2924,.T.);
#2671=FACE_OUTER_BOUND('',#2925,.T.);
#2672=FACE_OUTER_BOUND('',#2926,.T.);
#2673=FACE_OUTER_BOUND('',#2927,.T.);
#2674=FACE_OUTER_BOUND('',#2928,.T.);
#2675=FACE_OUTER_BOUND('',#2929,.T.);
#2676=FACE_OUTER_BOUND('',#2930,.T.);
#2677=FACE_OUTER_BOUND('',#2931,.T.);
#2678=FACE_OUTER_BOUND('',#2932,.T.);
#2679=FACE_OUTER_BOUND('',#2933,.T.);
#2680=FACE_OUTER_BOUND('',#2936,.T.);
#2681=FACE_OUTER_BOUND('',#2937,.T.);
#2682=FACE_OUTER_BOUND('',#2938,.T.);
#2683=FACE_OUTER_BOUND('',#2939,.T.);
#2684=FACE_OUTER_BOUND('',#2940,.T.);
#2685=FACE_OUTER_BOUND('',#2941,.T.);
#2686=FACE_OUTER_BOUND('',#2942,.T.);
#2687=FACE_OUTER_BOUND('',#2943,.T.);
#2688=FACE_OUTER_BOUND('',#2944,.T.);
#2689=FACE_OUTER_BOUND('',#2945,.T.);
#2690=FACE_OUTER_BOUND('',#2946,.T.);
#2691=FACE_OUTER_BOUND('',#2947,.T.);
#2692=FACE_OUTER_BOUND('',#2948,.T.);
#2693=FACE_OUTER_BOUND('',#2949,.T.);
#2694=FACE_OUTER_BOUND('',#2950,.T.);
#2695=FACE_OUTER_BOUND('',#2951,.T.);
#2696=FACE_OUTER_BOUND('',#2952,.T.);
#2697=FACE_OUTER_BOUND('',#2953,.T.);
#2698=FACE_OUTER_BOUND('',#2954,.T.);
#2699=FACE_OUTER_BOUND('',#2955,.T.);
#2700=FACE_OUTER_BOUND('',#2956,.T.);
#2701=FACE_OUTER_BOUND('',#2957,.T.);
#2702=FACE_OUTER_BOUND('',#2958,.T.);
#2703=FACE_OUTER_BOUND('',#2959,.T.);
#2704=FACE_OUTER_BOUND('',#2960,.T.);
#2705=FACE_OUTER_BOUND('',#2961,.T.);
#2706=FACE_OUTER_BOUND('',#2962,.T.);
#2707=FACE_OUTER_BOUND('',#2963,.T.);
#2708=FACE_OUTER_BOUND('',#2964,.T.);
#2709=FACE_OUTER_BOUND('',#2965,.T.);
#2710=FACE_OUTER_BOUND('',#2966,.T.);
#2711=FACE_OUTER_BOUND('',#2967,.T.);
#2712=FACE_OUTER_BOUND('',#2968,.T.);
#2713=FACE_OUTER_BOUND('',#2969,.T.);
#2714=FACE_OUTER_BOUND('',#2970,.T.);
#2715=FACE_OUTER_BOUND('',#2971,.T.);
#2716=FACE_OUTER_BOUND('',#2972,.T.);
#2717=FACE_OUTER_BOUND('',#2973,.T.);
#2718=FACE_OUTER_BOUND('',#2974,.T.);
#2719=FACE_OUTER_BOUND('',#2975,.T.);
#2720=FACE_OUTER_BOUND('',#2976,.T.);
#2721=FACE_OUTER_BOUND('',#2977,.T.);
#2722=FACE_OUTER_BOUND('',#2978,.T.);
#2723=FACE_OUTER_BOUND('',#2979,.T.);
#2724=FACE_OUTER_BOUND('',#2980,.T.);
#2725=FACE_OUTER_BOUND('',#2981,.T.);
#2726=FACE_OUTER_BOUND('',#2982,.T.);
#2727=FACE_OUTER_BOUND('',#2983,.T.);
#2728=FACE_OUTER_BOUND('',#2984,.T.);
#2729=FACE_OUTER_BOUND('',#2985,.T.);
#2730=FACE_OUTER_BOUND('',#2988,.T.);
#2731=FACE_OUTER_BOUND('',#2989,.T.);
#2732=FACE_OUTER_BOUND('',#2990,.T.);
#2733=FACE_OUTER_BOUND('',#2991,.T.);
#2734=FACE_OUTER_BOUND('',#2992,.T.);
#2735=FACE_OUTER_BOUND('',#2993,.T.);
#2736=FACE_OUTER_BOUND('',#2994,.T.);
#2737=FACE_OUTER_BOUND('',#2995,.T.);
#2738=FACE_OUTER_BOUND('',#2996,.T.);
#2739=FACE_OUTER_BOUND('',#2997,.T.);
#2740=FACE_OUTER_BOUND('',#2998,.T.);
#2741=FACE_OUTER_BOUND('',#2999,.T.);
#2742=FACE_OUTER_BOUND('',#3000,.T.);
#2743=FACE_OUTER_BOUND('',#3001,.T.);
#2744=FACE_OUTER_BOUND('',#3002,.T.);
#2745=FACE_OUTER_BOUND('',#3003,.T.);
#2746=FACE_OUTER_BOUND('',#3004,.T.);
#2747=FACE_OUTER_BOUND('',#3005,.T.);
#2748=FACE_OUTER_BOUND('',#3006,.T.);
#2749=FACE_OUTER_BOUND('',#3007,.T.);
#2750=FACE_OUTER_BOUND('',#3008,.T.);
#2751=FACE_OUTER_BOUND('',#3009,.T.);
#2752=FACE_OUTER_BOUND('',#3010,.T.);
#2753=FACE_OUTER_BOUND('',#3011,.T.);
#2754=FACE_OUTER_BOUND('',#3012,.T.);
#2755=FACE_OUTER_BOUND('',#3013,.T.);
#2756=FACE_OUTER_BOUND('',#3014,.T.);
#2757=FACE_OUTER_BOUND('',#3015,.T.);
#2758=FACE_OUTER_BOUND('',#3016,.T.);
#2759=FACE_OUTER_BOUND('',#3017,.T.);
#2760=FACE_OUTER_BOUND('',#3018,.T.);
#2761=FACE_OUTER_BOUND('',#3019,.T.);
#2762=FACE_OUTER_BOUND('',#3020,.T.);
#2763=FACE_OUTER_BOUND('',#3021,.T.);
#2764=FACE_OUTER_BOUND('',#3022,.T.);
#2765=FACE_OUTER_BOUND('',#3023,.T.);
#2766=FACE_OUTER_BOUND('',#3026,.T.);
#2767=FACE_OUTER_BOUND('',#3027,.T.);
#2768=FACE_OUTER_BOUND('',#3030,.T.);
#2769=FACE_OUTER_BOUND('',#3031,.T.);
#2770=FACE_OUTER_BOUND('',#3034,.T.);
#2771=FACE_OUTER_BOUND('',#3035,.T.);
#2772=FACE_OUTER_BOUND('',#3038,.T.);
#2773=FACE_OUTER_BOUND('',#3039,.T.);
#2774=FACE_OUTER_BOUND('',#3042,.T.);
#2775=FACE_OUTER_BOUND('',#3043,.T.);
#2776=FACE_OUTER_BOUND('',#3046,.T.);
#2777=FACE_OUTER_BOUND('',#3047,.T.);
#2778=FACE_OUTER_BOUND('',#3050,.T.);
#2779=FACE_OUTER_BOUND('',#3051,.T.);
#2780=FACE_OUTER_BOUND('',#3052,.T.);
#2781=FACE_OUTER_BOUND('',#3053,.T.);
#2782=FACE_OUTER_BOUND('',#3054,.T.);
#2783=FACE_OUTER_BOUND('',#3055,.T.);
#2784=FACE_OUTER_BOUND('',#3056,.T.);
#2785=FACE_OUTER_BOUND('',#3057,.T.);
#2786=FACE_OUTER_BOUND('',#3058,.T.);
#2787=FACE_OUTER_BOUND('',#3059,.T.);
#2788=FACE_OUTER_BOUND('',#3060,.T.);
#2789=FACE_OUTER_BOUND('',#3061,.T.);
#2790=EDGE_LOOP('',(#3062,#3063,#3064,#3065,#3066,#3067,#3068,#3069,#3070,
#3071,#3072,#3073,#3074,#3075));
#2791=EDGE_LOOP('',(#3076,#3077,#3078,#3079,#3080,#3081,#3082,#3083));
#2792=EDGE_LOOP('',(#3084,#3085,#3086,#3087));
#2793=EDGE_LOOP('',(#3088,#3089,#3090,#3091));
#2794=EDGE_LOOP('',(#3092,#3093,#3094,#3095,#3096,#3097));
#2795=EDGE_LOOP('',(#3098,#3099,#3100,#3101,#3102,#3103));
#2796=EDGE_LOOP('',(#3104,#3105,#3106,#3107));
#2797=EDGE_LOOP('',(#3108,#3109,#3110,#3111));
#2798=EDGE_LOOP('',(#3112,#3113,#3114,#3115));
#2799=EDGE_LOOP('',(#3116,#3117,#3118,#3119));
#2800=EDGE_LOOP('',(#3120,#3121,#3122,#3123));
#2801=EDGE_LOOP('',(#3124,#3125,#3126,#3127));
#2802=EDGE_LOOP('',(#3128,#3129,#3130,#3131));
#2803=EDGE_LOOP('',(#3132,#3133,#3134,#3135));
#2804=EDGE_LOOP('',(#3136,#3137,#3138,#3139));
#2805=EDGE_LOOP('',(#3140,#3141,#3142,#3143));
#2806=EDGE_LOOP('',(#3144,#3145,#3146,#3147));
#2807=EDGE_LOOP('',(#3148));
#2808=EDGE_LOOP('',(#3149));
#2809=EDGE_LOOP('',(#3150));
#2810=EDGE_LOOP('',(#3151));
#2811=EDGE_LOOP('',(#3152));
#2812=EDGE_LOOP('',(#3153));
#2813=EDGE_LOOP('',(#3154));
#2814=EDGE_LOOP('',(#3155));
#2815=EDGE_LOOP('',(#3156));
#2816=EDGE_LOOP('',(#3157));
#2817=EDGE_LOOP('',(#3158));
#2818=EDGE_LOOP('',(#3159));
#2819=EDGE_LOOP('',(#3160));
#2820=EDGE_LOOP('',(#3161));
#2821=EDGE_LOOP('',(#3162));
#2822=EDGE_LOOP('',(#3163));
#2823=EDGE_LOOP('',(#3164));
#2824=EDGE_LOOP('',(#3165));
#2825=EDGE_LOOP('',(#3166));
#2826=EDGE_LOOP('',(#3167));
#2827=EDGE_LOOP('',(#3168));
#2828=EDGE_LOOP('',(#3169));
#2829=EDGE_LOOP('',(#3170));
#2830=EDGE_LOOP('',(#3171));
#2831=EDGE_LOOP('',(#3172));
#2832=EDGE_LOOP('',(#3173));
#2833=EDGE_LOOP('',(#3174));
#2834=EDGE_LOOP('',(#3175));
#2835=EDGE_LOOP('',(#3176));
#2836=EDGE_LOOP('',(#3177));
#2837=EDGE_LOOP('',(#3178));
#2838=EDGE_LOOP('',(#3179));
#2839=EDGE_LOOP('',(#3180));
#2840=EDGE_LOOP('',(#3181));
#2841=EDGE_LOOP('',(#3182));
#2842=EDGE_LOOP('',(#3183));
#2843=EDGE_LOOP('',(#3184));
#2844=EDGE_LOOP('',(#3185));
#2845=EDGE_LOOP('',(#3186));
#2846=EDGE_LOOP('',(#3187));
#2847=EDGE_LOOP('',(#3188));
#2848=EDGE_LOOP('',(#3189));
#2849=EDGE_LOOP('',(#3190));
#2850=EDGE_LOOP('',(#3191));
#2851=EDGE_LOOP('',(#3192));
#2852=EDGE_LOOP('',(#3193));
#2853=EDGE_LOOP('',(#3194));
#2854=EDGE_LOOP('',(#3195));
#2855=EDGE_LOOP('',(#3196));
#2856=EDGE_LOOP('',(#3197));
#2857=EDGE_LOOP('',(#3198));
#2858=EDGE_LOOP('',(#3199));
#2859=EDGE_LOOP('',(#3200,#3201,#3202,#3203,#3204,#3205,#3206,#3207,#3208,
#3209,#3210,#3211,#3212,#3213,#3214));
#2860=EDGE_LOOP('',(#3215,#3216,#3217,#3218,#3219,#3220,#3221,#3222,#3223,
#3224,#3225,#3226,#3227,#3228,#3229,#3230));
#2861=EDGE_LOOP('',(#3231,#3232,#3233,#3234,#3235,#3236));
#2862=EDGE_LOOP('',(#3237,#3238,#3239,#3240,#3241,#3242,#3243,#3244,#3245,
#3246,#3247,#3248));
#2863=EDGE_LOOP('',(#3249,#3250,#3251,#3252,#3253,#3254,#3255));
#2864=EDGE_LOOP('',(#3256,#3257,#3258,#3259,#3260,#3261,#3262,#3263,#3264,
#3265,#3266,#3267,#3268,#3269,#3270,#3271));
#2865=EDGE_LOOP('',(#3272,#3273,#3274,#3275));
#2866=EDGE_LOOP('',(#3276,#3277,#3278,#3279,#3280,#3281,#3282,#3283,#3284,
#3285,#3286,#3287));
#2867=EDGE_LOOP('',(#3288,#3289,#3290,#3291,#3292,#3293,#3294,#3295,#3296,
#3297,#3298,#3299,#3300,#3301,#3302));
#2868=EDGE_LOOP('',(#3303,#3304,#3305,#3306,#3307,#3308,#3309,#3310,#3311,
#3312,#3313,#3314,#3315,#3316,#3317,#3318));
#2869=EDGE_LOOP('',(#3319,#3320,#3321,#3322,#3323,#3324,#3325));
#2870=EDGE_LOOP('',(#3326,#3327,#3328,#3329));
#2871=EDGE_LOOP('',(#3330,#3331,#3332,#3333));
#2872=EDGE_LOOP('',(#3334,#3335,#3336,#3337));
#2873=EDGE_LOOP('',(#3338,#3339,#3340,#3341));
#2874=EDGE_LOOP('',(#3342,#3343,#3344,#3345));
#2875=EDGE_LOOP('',(#3346,#3347,#3348,#3349,#3350,#3351));
#2876=EDGE_LOOP('',(#3352,#3353,#3354,#3355,#3356,#3357));
#2877=EDGE_LOOP('',(#3358,#3359,#3360,#3361));
#2878=EDGE_LOOP('',(#3362,#3363,#3364,#3365));
#2879=EDGE_LOOP('',(#3366,#3367,#3368,#3369));
#2880=EDGE_LOOP('',(#3370,#3371,#3372,#3373));
#2881=EDGE_LOOP('',(#3374,#3375,#3376,#3377));
#2882=EDGE_LOOP('',(#3378,#3379,#3380,#3381));
#2883=EDGE_LOOP('',(#3382,#3383,#3384,#3385));
#2884=EDGE_LOOP('',(#3386,#3387,#3388,#3389));
#2885=EDGE_LOOP('',(#3390,#3391,#3392,#3393));
#2886=EDGE_LOOP('',(#3394,#3395,#3396,#3397));
#2887=EDGE_LOOP('',(#3398,#3399,#3400,#3401));
#2888=EDGE_LOOP('',(#3402,#3403,#3404,#3405));
#2889=EDGE_LOOP('',(#3406,#3407,#3408,#3409));
#2890=EDGE_LOOP('',(#3410,#3411,#3412,#3413));
#2891=EDGE_LOOP('',(#3414,#3415,#3416,#3417));
#2892=EDGE_LOOP('',(#3418,#3419,#3420,#3421));
#2893=EDGE_LOOP('',(#3422,#3423,#3424,#3425,#3426,#3427,#3428,#3429,#3430,
#3431,#3432,#3433,#3434,#3435,#3436,#3437));
#2894=EDGE_LOOP('',(#3438,#3439,#3440,#3441));
#2895=EDGE_LOOP('',(#3442,#3443,#3444,#3445));
#2896=EDGE_LOOP('',(#3446,#3447,#3448,#3449));
#2897=EDGE_LOOP('',(#3450,#3451,#3452,#3453));
#2898=EDGE_LOOP('',(#3454,#3455,#3456,#3457));
#2899=EDGE_LOOP('',(#3458,#3459,#3460,#3461));
#2900=EDGE_LOOP('',(#3462,#3463,#3464,#3465));
#2901=EDGE_LOOP('',(#3466,#3467,#3468,#3469,#3470,#3471,#3472));
#2902=EDGE_LOOP('',(#3473,#3474,#3475,#3476));
#2903=EDGE_LOOP('',(#3477,#3478,#3479,#3480));
#2904=EDGE_LOOP('',(#3481,#3482,#3483,#3484));
#2905=EDGE_LOOP('',(#3485,#3486,#3487,#3488));
#2906=EDGE_LOOP('',(#3489,#3490,#3491,#3492));
#2907=EDGE_LOOP('',(#3493,#3494,#3495,#3496));
#2908=EDGE_LOOP('',(#3497,#3498,#3499,#3500));
#2909=EDGE_LOOP('',(#3501,#3502,#3503,#3504));
#2910=EDGE_LOOP('',(#3505,#3506,#3507,#3508));
#2911=EDGE_LOOP('',(#3509,#3510,#3511,#3512));
#2912=EDGE_LOOP('',(#3513,#3514,#3515,#3516));
#2913=EDGE_LOOP('',(#3517,#3518,#3519,#3520));
#2914=EDGE_LOOP('',(#3521,#3522,#3523,#3524));
#2915=EDGE_LOOP('',(#3525,#3526,#3527,#3528));
#2916=EDGE_LOOP('',(#3529,#3530,#3531,#3532));
#2917=EDGE_LOOP('',(#3533,#3534,#3535,#3536,#3537,#3538,#3539,#3540,#3541,
#3542,#3543,#3544));
#2918=EDGE_LOOP('',(#3545,#3546,#3547));
#2919=EDGE_LOOP('',(#3548,#3549,#3550,#3551));
#2920=EDGE_LOOP('',(#3552,#3553,#3554,#3555));
#2921=EDGE_LOOP('',(#3556,#3557,#3558,#3559));
#2922=EDGE_LOOP('',(#3560,#3561,#3562,#3563));
#2923=EDGE_LOOP('',(#3564,#3565,#3566,#3567));
#2924=EDGE_LOOP('',(#3568,#3569,#3570,#3571));
#2925=EDGE_LOOP('',(#3572,#3573,#3574,#3575));
#2926=EDGE_LOOP('',(#3576,#3577,#3578,#3579));
#2927=EDGE_LOOP('',(#3580,#3581,#3582,#3583));
#2928=EDGE_LOOP('',(#3584,#3585,#3586,#3587));
#2929=EDGE_LOOP('',(#3588,#3589,#3590,#3591));
#2930=EDGE_LOOP('',(#3592,#3593,#3594,#3595));
#2931=EDGE_LOOP('',(#3596,#3597,#3598,#3599));
#2932=EDGE_LOOP('',(#3600,#3601,#3602,#3603));
#2933=EDGE_LOOP('',(#3604,#3605,#3606,#3607));
#2934=EDGE_LOOP('',(#3608,#3609,#3610,#3611,#3612,#3613,#3614,#3615,#3616,
#3617,#3618,#3619));
#2935=EDGE_LOOP('',(#3620,#3621,#3622));
#2936=EDGE_LOOP('',(#3623,#3624,#3625,#3626));
#2937=EDGE_LOOP('',(#3627,#3628,#3629,#3630));
#2938=EDGE_LOOP('',(#3631,#3632,#3633,#3634));
#2939=EDGE_LOOP('',(#3635,#3636,#3637,#3638));
#2940=EDGE_LOOP('',(#3639,#3640,#3641,#3642));
#2941=EDGE_LOOP('',(#3643,#3644,#3645,#3646));
#2942=EDGE_LOOP('',(#3647,#3648,#3649,#3650));
#2943=EDGE_LOOP('',(#3651,#3652,#3653,#3654));
#2944=EDGE_LOOP('',(#3655,#3656,#3657,#3658));
#2945=EDGE_LOOP('',(#3659,#3660,#3661,#3662));
#2946=EDGE_LOOP('',(#3663,#3664,#3665,#3666));
#2947=EDGE_LOOP('',(#3667,#3668,#3669,#3670));
#2948=EDGE_LOOP('',(#3671,#3672,#3673,#3674));
#2949=EDGE_LOOP('',(#3675,#3676,#3677,#3678));
#2950=EDGE_LOOP('',(#3679,#3680,#3681,#3682));
#2951=EDGE_LOOP('',(#3683,#3684,#3685,#3686,#3687,#3688,#3689,#3690,#3691,
#3692,#3693,#3694,#3695,#3696,#3697));
#2952=EDGE_LOOP('',(#3698,#3699,#3700,#3701));
#2953=EDGE_LOOP('',(#3702,#3703,#3704,#3705));
#2954=EDGE_LOOP('',(#3706,#3707,#3708,#3709));
#2955=EDGE_LOOP('',(#3710,#3711,#3712,#3713));
#2956=EDGE_LOOP('',(#3714,#3715,#3716,#3717));
#2957=EDGE_LOOP('',(#3718,#3719,#3720,#3721));
#2958=EDGE_LOOP('',(#3722,#3723,#3724,#3725));
#2959=EDGE_LOOP('',(#3726,#3727,#3728,#3729));
#2960=EDGE_LOOP('',(#3730,#3731,#3732,#3733));
#2961=EDGE_LOOP('',(#3734,#3735,#3736,#3737));
#2962=EDGE_LOOP('',(#3738,#3739,#3740,#3741));
#2963=EDGE_LOOP('',(#3742,#3743,#3744,#3745));
#2964=EDGE_LOOP('',(#3746,#3747,#3748,#3749));
#2965=EDGE_LOOP('',(#3750,#3751,#3752,#3753));
#2966=EDGE_LOOP('',(#3754,#3755,#3756,#3757));
#2967=EDGE_LOOP('',(#3758,#3759,#3760,#3761));
#2968=EDGE_LOOP('',(#3762,#3763,#3764,#3765,#3766,#3767,#3768,#3769,#3770,
#3771,#3772,#3773,#3774,#3775,#3776,#3777));
#2969=EDGE_LOOP('',(#3778,#3779,#3780,#3781));
#2970=EDGE_LOOP('',(#3782,#3783,#3784,#3785));
#2971=EDGE_LOOP('',(#3786,#3787,#3788,#3789));
#2972=EDGE_LOOP('',(#3790,#3791,#3792,#3793));
#2973=EDGE_LOOP('',(#3794,#3795,#3796,#3797));
#2974=EDGE_LOOP('',(#3798,#3799,#3800,#3801));
#2975=EDGE_LOOP('',(#3802,#3803,#3804,#3805));
#2976=EDGE_LOOP('',(#3806,#3807,#3808,#3809,#3810,#3811,#3812));
#2977=EDGE_LOOP('',(#3813,#3814,#3815,#3816));
#2978=EDGE_LOOP('',(#3817,#3818,#3819,#3820));
#2979=EDGE_LOOP('',(#3821,#3822,#3823,#3824));
#2980=EDGE_LOOP('',(#3825,#3826,#3827,#3828));
#2981=EDGE_LOOP('',(#3829,#3830,#3831,#3832));
#2982=EDGE_LOOP('',(#3833,#3834,#3835,#3836));
#2983=EDGE_LOOP('',(#3837,#3838,#3839,#3840));
#2984=EDGE_LOOP('',(#3841,#3842,#3843,#3844));
#2985=EDGE_LOOP('',(#3845,#3846,#3847,#3848));
#2986=EDGE_LOOP('',(#3849,#3850,#3851,#3852,#3853,#3854));
#2987=EDGE_LOOP('',(#3855,#3856,#3857));
#2988=EDGE_LOOP('',(#3858,#3859,#3860,#3861));
#2989=EDGE_LOOP('',(#3862,#3863,#3864,#3865));
#2990=EDGE_LOOP('',(#3866,#3867,#3868,#3869));
#2991=EDGE_LOOP('',(#3870,#3871,#3872,#3873));
#2992=EDGE_LOOP('',(#3874,#3875,#3876,#3877));
#2993=EDGE_LOOP('',(#3878,#3879,#3880,#3881));
#2994=EDGE_LOOP('',(#3882,#3883,#3884,#3885));
#2995=EDGE_LOOP('',(#3886,#3887,#3888,#3889));
#2996=EDGE_LOOP('',(#3890,#3891,#3892,#3893));
#2997=EDGE_LOOP('',(#3894,#3895,#3896,#3897));
#2998=EDGE_LOOP('',(#3898,#3899,#3900,#3901));
#2999=EDGE_LOOP('',(#3902,#3903,#3904,#3905));
#3000=EDGE_LOOP('',(#3906,#3907,#3908,#3909));
#3001=EDGE_LOOP('',(#3910,#3911,#3912,#3913));
#3002=EDGE_LOOP('',(#3914,#3915,#3916,#3917));
#3003=EDGE_LOOP('',(#3918,#3919,#3920,#3921));
#3004=EDGE_LOOP('',(#3922,#3923,#3924,#3925,#3926,#3927,#3928,#3929,#3930,
#3931,#3932,#3933,#3934,#3935,#3936,#3937));
#3005=EDGE_LOOP('',(#3938,#3939,#3940,#3941));
#3006=EDGE_LOOP('',(#3942,#3943,#3944,#3945));
#3007=EDGE_LOOP('',(#3946,#3947,#3948,#3949));
#3008=EDGE_LOOP('',(#3950,#3951,#3952,#3953));
#3009=EDGE_LOOP('',(#3954,#3955,#3956,#3957));
#3010=EDGE_LOOP('',(#3958,#3959,#3960,#3961));
#3011=EDGE_LOOP('',(#3962,#3963,#3964,#3965));
#3012=EDGE_LOOP('',(#3966,#3967,#3968,#3969));
#3013=EDGE_LOOP('',(#3970,#3971,#3972,#3973));
#3014=EDGE_LOOP('',(#3974,#3975,#3976,#3977));
#3015=EDGE_LOOP('',(#3978,#3979,#3980,#3981));
#3016=EDGE_LOOP('',(#3982,#3983,#3984,#3985));
#3017=EDGE_LOOP('',(#3986,#3987,#3988,#3989));
#3018=EDGE_LOOP('',(#3990,#3991,#3992,#3993));
#3019=EDGE_LOOP('',(#3994,#3995,#3996,#3997));
#3020=EDGE_LOOP('',(#3998,#3999,#4000,#4001,#4002,#4003,#4004,#4005,#4006,
#4007,#4008,#4009,#4010,#4011,#4012));
#3021=EDGE_LOOP('',(#4013,#4014,#4015));
#3022=EDGE_LOOP('',(#4016,#4017,#4018));
#3023=EDGE_LOOP('',(#4019,#4020,#4021));
#3024=EDGE_LOOP('',(#4022));
#3025=EDGE_LOOP('',(#4023));
#3026=EDGE_LOOP('',(#4024));
#3027=EDGE_LOOP('',(#4025));
#3028=EDGE_LOOP('',(#4026));
#3029=EDGE_LOOP('',(#4027));
#3030=EDGE_LOOP('',(#4028));
#3031=EDGE_LOOP('',(#4029));
#3032=EDGE_LOOP('',(#4030));
#3033=EDGE_LOOP('',(#4031));
#3034=EDGE_LOOP('',(#4032));
#3035=EDGE_LOOP('',(#4033));
#3036=EDGE_LOOP('',(#4034));
#3037=EDGE_LOOP('',(#4035));
#3038=EDGE_LOOP('',(#4036));
#3039=EDGE_LOOP('',(#4037));
#3040=EDGE_LOOP('',(#4038));
#3041=EDGE_LOOP('',(#4039));
#3042=EDGE_LOOP('',(#4040));
#3043=EDGE_LOOP('',(#4041));
#3044=EDGE_LOOP('',(#4042));
#3045=EDGE_LOOP('',(#4043));
#3046=EDGE_LOOP('',(#4044));
#3047=EDGE_LOOP('',(#4045));
#3048=EDGE_LOOP('',(#4046));
#3049=EDGE_LOOP('',(#4047));
#3050=EDGE_LOOP('',(#4048));
#3051=EDGE_LOOP('',(#4049));
#3052=EDGE_LOOP('',(#4050,#4051,#4052,#4053));
#3053=EDGE_LOOP('',(#4054,#4055,#4056,#4057,#4058,#4059,#4060,#4061));
#3054=EDGE_LOOP('',(#4062,#4063,#4064,#4065));
#3055=EDGE_LOOP('',(#4066,#4067,#4068,#4069,#4070,#4071,#4072,#4073));
#3056=EDGE_LOOP('',(#4074,#4075,#4076,#4077));
#3057=EDGE_LOOP('',(#4078,#4079,#4080,#4081));
#3058=EDGE_LOOP('',(#4082,#4083,#4084,#4085));
#3059=EDGE_LOOP('',(#4086,#4087,#4088,#4089));
#3060=EDGE_LOOP('',(#4090,#4091,#4092,#4093));
#3061=EDGE_LOOP('',(#4094,#4095,#4096,#4097));
#3062=ORIENTED_EDGE('',*,*,#4456,.F.);
#3063=ORIENTED_EDGE('',*,*,#4457,.F.);
#3064=ORIENTED_EDGE('',*,*,#4458,.F.);
#3065=ORIENTED_EDGE('',*,*,#4459,.F.);
#3066=ORIENTED_EDGE('',*,*,#4460,.F.);
#3067=ORIENTED_EDGE('',*,*,#4461,.F.);
#3068=ORIENTED_EDGE('',*,*,#4462,.T.);
#3069=ORIENTED_EDGE('',*,*,#4463,.F.);
#3070=ORIENTED_EDGE('',*,*,#4464,.F.);
#3071=ORIENTED_EDGE('',*,*,#4465,.F.);
#3072=ORIENTED_EDGE('',*,*,#4466,.T.);
#3073=ORIENTED_EDGE('',*,*,#4467,.T.);
#3074=ORIENTED_EDGE('',*,*,#4468,.F.);
#3075=ORIENTED_EDGE('',*,*,#4469,.F.);
#3076=ORIENTED_EDGE('',*,*,#4470,.F.);
#3077=ORIENTED_EDGE('',*,*,#4471,.T.);
#3078=ORIENTED_EDGE('',*,*,#4469,.T.);
#3079=ORIENTED_EDGE('',*,*,#4472,.T.);
#3080=ORIENTED_EDGE('',*,*,#4473,.T.);
#3081=ORIENTED_EDGE('',*,*,#4474,.T.);
#3082=ORIENTED_EDGE('',*,*,#4459,.T.);
#3083=ORIENTED_EDGE('',*,*,#4475,.F.);
#3084=ORIENTED_EDGE('',*,*,#4476,.F.);
#3085=ORIENTED_EDGE('',*,*,#4467,.F.);
#3086=ORIENTED_EDGE('',*,*,#4477,.F.);
#3087=ORIENTED_EDGE('',*,*,#4478,.F.);
#3088=ORIENTED_EDGE('',*,*,#4460,.T.);
#3089=ORIENTED_EDGE('',*,*,#4474,.F.);
#3090=ORIENTED_EDGE('',*,*,#4479,.F.);
#3091=ORIENTED_EDGE('',*,*,#4480,.F.);
#3092=ORIENTED_EDGE('',*,*,#4479,.T.);
#3093=ORIENTED_EDGE('',*,*,#4473,.F.);
#3094=ORIENTED_EDGE('',*,*,#4481,.T.);
#3095=ORIENTED_EDGE('',*,*,#4478,.T.);
#3096=ORIENTED_EDGE('',*,*,#4482,.F.);
#3097=ORIENTED_EDGE('',*,*,#4483,.F.);
#3098=ORIENTED_EDGE('',*,*,#4477,.T.);
#3099=ORIENTED_EDGE('',*,*,#4466,.F.);
#3100=ORIENTED_EDGE('',*,*,#4484,.F.);
#3101=ORIENTED_EDGE('',*,*,#4462,.F.);
#3102=ORIENTED_EDGE('',*,*,#4485,.F.);
#3103=ORIENTED_EDGE('',*,*,#4482,.T.);
#3104=ORIENTED_EDGE('',*,*,#4480,.T.);
#3105=ORIENTED_EDGE('',*,*,#4483,.T.);
#3106=ORIENTED_EDGE('',*,*,#4485,.T.);
#3107=ORIENTED_EDGE('',*,*,#4461,.T.);
#3108=ORIENTED_EDGE('',*,*,#4464,.T.);
#3109=ORIENTED_EDGE('',*,*,#4486,.T.);
#3110=ORIENTED_EDGE('',*,*,#4487,.T.);
#3111=ORIENTED_EDGE('',*,*,#4488,.F.);
#3112=ORIENTED_EDGE('',*,*,#4463,.T.);
#3113=ORIENTED_EDGE('',*,*,#4489,.T.);
#3114=ORIENTED_EDGE('',*,*,#4490,.T.);
#3115=ORIENTED_EDGE('',*,*,#4486,.F.);
#3116=ORIENTED_EDGE('',*,*,#4484,.T.);
#3117=ORIENTED_EDGE('',*,*,#4491,.T.);
#3118=ORIENTED_EDGE('',*,*,#4492,.T.);
#3119=ORIENTED_EDGE('',*,*,#4489,.F.);
#3120=ORIENTED_EDGE('',*,*,#4465,.T.);
#3121=ORIENTED_EDGE('',*,*,#4488,.T.);
#3122=ORIENTED_EDGE('',*,*,#4493,.T.);
#3123=ORIENTED_EDGE('',*,*,#4491,.F.);
#3124=ORIENTED_EDGE('',*,*,#4493,.F.);
#3125=ORIENTED_EDGE('',*,*,#4487,.F.);
#3126=ORIENTED_EDGE('',*,*,#4490,.F.);
#3127=ORIENTED_EDGE('',*,*,#4492,.F.);
#3128=ORIENTED_EDGE('',*,*,#4476,.T.);
#3129=ORIENTED_EDGE('',*,*,#4481,.F.);
#3130=ORIENTED_EDGE('',*,*,#4472,.F.);
#3131=ORIENTED_EDGE('',*,*,#4468,.T.);
#3132=ORIENTED_EDGE('',*,*,#4458,.T.);
#3133=ORIENTED_EDGE('',*,*,#4494,.T.);
#3134=ORIENTED_EDGE('',*,*,#4495,.T.);
#3135=ORIENTED_EDGE('',*,*,#4475,.T.);
#3136=ORIENTED_EDGE('',*,*,#4457,.T.);
#3137=ORIENTED_EDGE('',*,*,#4496,.T.);
#3138=ORIENTED_EDGE('',*,*,#4497,.T.);
#3139=ORIENTED_EDGE('',*,*,#4494,.F.);
#3140=ORIENTED_EDGE('',*,*,#4456,.T.);
#3141=ORIENTED_EDGE('',*,*,#4471,.F.);
#3142=ORIENTED_EDGE('',*,*,#4498,.T.);
#3143=ORIENTED_EDGE('',*,*,#4496,.F.);
#3144=ORIENTED_EDGE('',*,*,#4470,.T.);
#3145=ORIENTED_EDGE('',*,*,#4495,.F.);
#3146=ORIENTED_EDGE('',*,*,#4497,.F.);
#3147=ORIENTED_EDGE('',*,*,#4498,.F.);
#3148=ORIENTED_EDGE('',*,*,#4499,.F.);
#3149=ORIENTED_EDGE('',*,*,#4500,.T.);
#3150=ORIENTED_EDGE('',*,*,#4499,.T.);
#3151=ORIENTED_EDGE('',*,*,#4500,.F.);
#3152=ORIENTED_EDGE('',*,*,#4501,.F.);
#3153=ORIENTED_EDGE('',*,*,#4502,.T.);
#3154=ORIENTED_EDGE('',*,*,#4501,.T.);
#3155=ORIENTED_EDGE('',*,*,#4502,.F.);
#3156=ORIENTED_EDGE('',*,*,#4503,.F.);
#3157=ORIENTED_EDGE('',*,*,#4504,.T.);
#3158=ORIENTED_EDGE('',*,*,#4503,.T.);
#3159=ORIENTED_EDGE('',*,*,#4504,.F.);
#3160=ORIENTED_EDGE('',*,*,#4505,.F.);
#3161=ORIENTED_EDGE('',*,*,#4506,.T.);
#3162=ORIENTED_EDGE('',*,*,#4505,.T.);
#3163=ORIENTED_EDGE('',*,*,#4506,.F.);
#3164=ORIENTED_EDGE('',*,*,#4507,.F.);
#3165=ORIENTED_EDGE('',*,*,#4508,.T.);
#3166=ORIENTED_EDGE('',*,*,#4507,.T.);
#3167=ORIENTED_EDGE('',*,*,#4508,.F.);
#3168=ORIENTED_EDGE('',*,*,#4509,.F.);
#3169=ORIENTED_EDGE('',*,*,#4510,.T.);
#3170=ORIENTED_EDGE('',*,*,#4509,.T.);
#3171=ORIENTED_EDGE('',*,*,#4510,.F.);
#3172=ORIENTED_EDGE('',*,*,#4511,.F.);
#3173=ORIENTED_EDGE('',*,*,#4512,.T.);
#3174=ORIENTED_EDGE('',*,*,#4511,.T.);
#3175=ORIENTED_EDGE('',*,*,#4512,.F.);
#3176=ORIENTED_EDGE('',*,*,#4513,.F.);
#3177=ORIENTED_EDGE('',*,*,#4514,.T.);
#3178=ORIENTED_EDGE('',*,*,#4513,.T.);
#3179=ORIENTED_EDGE('',*,*,#4514,.F.);
#3180=ORIENTED_EDGE('',*,*,#4515,.F.);
#3181=ORIENTED_EDGE('',*,*,#4516,.T.);
#3182=ORIENTED_EDGE('',*,*,#4515,.T.);
#3183=ORIENTED_EDGE('',*,*,#4516,.F.);
#3184=ORIENTED_EDGE('',*,*,#4517,.F.);
#3185=ORIENTED_EDGE('',*,*,#4518,.T.);
#3186=ORIENTED_EDGE('',*,*,#4517,.T.);
#3187=ORIENTED_EDGE('',*,*,#4518,.F.);
#3188=ORIENTED_EDGE('',*,*,#4519,.F.);
#3189=ORIENTED_EDGE('',*,*,#4520,.T.);
#3190=ORIENTED_EDGE('',*,*,#4519,.T.);
#3191=ORIENTED_EDGE('',*,*,#4520,.F.);
#3192=ORIENTED_EDGE('',*,*,#4521,.F.);
#3193=ORIENTED_EDGE('',*,*,#4522,.T.);
#3194=ORIENTED_EDGE('',*,*,#4521,.T.);
#3195=ORIENTED_EDGE('',*,*,#4522,.F.);
#3196=ORIENTED_EDGE('',*,*,#4523,.F.);
#3197=ORIENTED_EDGE('',*,*,#4524,.T.);
#3198=ORIENTED_EDGE('',*,*,#4523,.T.);
#3199=ORIENTED_EDGE('',*,*,#4524,.F.);
#3200=ORIENTED_EDGE('',*,*,#4525,.F.);
#3201=ORIENTED_EDGE('',*,*,#4526,.F.);
#3202=ORIENTED_EDGE('',*,*,#4527,.F.);
#3203=ORIENTED_EDGE('',*,*,#4528,.F.);
#3204=ORIENTED_EDGE('',*,*,#4529,.F.);
#3205=ORIENTED_EDGE('',*,*,#4530,.F.);
#3206=ORIENTED_EDGE('',*,*,#4531,.F.);
#3207=ORIENTED_EDGE('',*,*,#4532,.F.);
#3208=ORIENTED_EDGE('',*,*,#4533,.F.);
#3209=ORIENTED_EDGE('',*,*,#4534,.F.);
#3210=ORIENTED_EDGE('',*,*,#4535,.F.);
#3211=ORIENTED_EDGE('',*,*,#4536,.F.);
#3212=ORIENTED_EDGE('',*,*,#4537,.F.);
#3213=ORIENTED_EDGE('',*,*,#4538,.F.);
#3214=ORIENTED_EDGE('',*,*,#4539,.F.);
#3215=ORIENTED_EDGE('',*,*,#4540,.F.);
#3216=ORIENTED_EDGE('',*,*,#4541,.F.);
#3217=ORIENTED_EDGE('',*,*,#4542,.F.);
#3218=ORIENTED_EDGE('',*,*,#4543,.F.);
#3219=ORIENTED_EDGE('',*,*,#4544,.F.);
#3220=ORIENTED_EDGE('',*,*,#4545,.F.);
#3221=ORIENTED_EDGE('',*,*,#4546,.F.);
#3222=ORIENTED_EDGE('',*,*,#4547,.F.);
#3223=ORIENTED_EDGE('',*,*,#4548,.F.);
#3224=ORIENTED_EDGE('',*,*,#4549,.F.);
#3225=ORIENTED_EDGE('',*,*,#4550,.F.);
#3226=ORIENTED_EDGE('',*,*,#4551,.F.);
#3227=ORIENTED_EDGE('',*,*,#4552,.F.);
#3228=ORIENTED_EDGE('',*,*,#4553,.F.);
#3229=ORIENTED_EDGE('',*,*,#4554,.F.);
#3230=ORIENTED_EDGE('',*,*,#4555,.F.);
#3231=ORIENTED_EDGE('',*,*,#4556,.F.);
#3232=ORIENTED_EDGE('',*,*,#4557,.F.);
#3233=ORIENTED_EDGE('',*,*,#4558,.F.);
#3234=ORIENTED_EDGE('',*,*,#4559,.F.);
#3235=ORIENTED_EDGE('',*,*,#4560,.F.);
#3236=ORIENTED_EDGE('',*,*,#4561,.F.);
#3237=ORIENTED_EDGE('',*,*,#4562,.F.);
#3238=ORIENTED_EDGE('',*,*,#4563,.F.);
#3239=ORIENTED_EDGE('',*,*,#4564,.F.);
#3240=ORIENTED_EDGE('',*,*,#4565,.F.);
#3241=ORIENTED_EDGE('',*,*,#4566,.F.);
#3242=ORIENTED_EDGE('',*,*,#4567,.F.);
#3243=ORIENTED_EDGE('',*,*,#4568,.F.);
#3244=ORIENTED_EDGE('',*,*,#4569,.F.);
#3245=ORIENTED_EDGE('',*,*,#4570,.F.);
#3246=ORIENTED_EDGE('',*,*,#4571,.F.);
#3247=ORIENTED_EDGE('',*,*,#4572,.F.);
#3248=ORIENTED_EDGE('',*,*,#4573,.F.);
#3249=ORIENTED_EDGE('',*,*,#4574,.T.);
#3250=ORIENTED_EDGE('',*,*,#4575,.T.);
#3251=ORIENTED_EDGE('',*,*,#4576,.T.);
#3252=ORIENTED_EDGE('',*,*,#4577,.T.);
#3253=ORIENTED_EDGE('',*,*,#4578,.T.);
#3254=ORIENTED_EDGE('',*,*,#4579,.T.);
#3255=ORIENTED_EDGE('',*,*,#4580,.T.);
#3256=ORIENTED_EDGE('',*,*,#4581,.F.);
#3257=ORIENTED_EDGE('',*,*,#4582,.F.);
#3258=ORIENTED_EDGE('',*,*,#4583,.F.);
#3259=ORIENTED_EDGE('',*,*,#4584,.F.);
#3260=ORIENTED_EDGE('',*,*,#4585,.F.);
#3261=ORIENTED_EDGE('',*,*,#4586,.F.);
#3262=ORIENTED_EDGE('',*,*,#4587,.F.);
#3263=ORIENTED_EDGE('',*,*,#4588,.F.);
#3264=ORIENTED_EDGE('',*,*,#4589,.F.);
#3265=ORIENTED_EDGE('',*,*,#4590,.F.);
#3266=ORIENTED_EDGE('',*,*,#4591,.F.);
#3267=ORIENTED_EDGE('',*,*,#4592,.F.);
#3268=ORIENTED_EDGE('',*,*,#4593,.F.);
#3269=ORIENTED_EDGE('',*,*,#4594,.F.);
#3270=ORIENTED_EDGE('',*,*,#4595,.F.);
#3271=ORIENTED_EDGE('',*,*,#4596,.F.);
#3272=ORIENTED_EDGE('',*,*,#4597,.T.);
#3273=ORIENTED_EDGE('',*,*,#4598,.F.);
#3274=ORIENTED_EDGE('',*,*,#4599,.F.);
#3275=ORIENTED_EDGE('',*,*,#4600,.T.);
#3276=ORIENTED_EDGE('',*,*,#4601,.F.);
#3277=ORIENTED_EDGE('',*,*,#4602,.F.);
#3278=ORIENTED_EDGE('',*,*,#4603,.F.);
#3279=ORIENTED_EDGE('',*,*,#4604,.F.);
#3280=ORIENTED_EDGE('',*,*,#4605,.F.);
#3281=ORIENTED_EDGE('',*,*,#4606,.F.);
#3282=ORIENTED_EDGE('',*,*,#4607,.F.);
#3283=ORIENTED_EDGE('',*,*,#4608,.F.);
#3284=ORIENTED_EDGE('',*,*,#4609,.F.);
#3285=ORIENTED_EDGE('',*,*,#4610,.F.);
#3286=ORIENTED_EDGE('',*,*,#4611,.F.);
#3287=ORIENTED_EDGE('',*,*,#4612,.F.);
#3288=ORIENTED_EDGE('',*,*,#4613,.F.);
#3289=ORIENTED_EDGE('',*,*,#4614,.F.);
#3290=ORIENTED_EDGE('',*,*,#4615,.F.);
#3291=ORIENTED_EDGE('',*,*,#4616,.F.);
#3292=ORIENTED_EDGE('',*,*,#4617,.F.);
#3293=ORIENTED_EDGE('',*,*,#4618,.F.);
#3294=ORIENTED_EDGE('',*,*,#4619,.F.);
#3295=ORIENTED_EDGE('',*,*,#4620,.F.);
#3296=ORIENTED_EDGE('',*,*,#4621,.F.);
#3297=ORIENTED_EDGE('',*,*,#4622,.F.);
#3298=ORIENTED_EDGE('',*,*,#4623,.F.);
#3299=ORIENTED_EDGE('',*,*,#4624,.F.);
#3300=ORIENTED_EDGE('',*,*,#4625,.F.);
#3301=ORIENTED_EDGE('',*,*,#4626,.F.);
#3302=ORIENTED_EDGE('',*,*,#4627,.F.);
#3303=ORIENTED_EDGE('',*,*,#4628,.F.);
#3304=ORIENTED_EDGE('',*,*,#4629,.F.);
#3305=ORIENTED_EDGE('',*,*,#4630,.F.);
#3306=ORIENTED_EDGE('',*,*,#4631,.F.);
#3307=ORIENTED_EDGE('',*,*,#4632,.F.);
#3308=ORIENTED_EDGE('',*,*,#4633,.F.);
#3309=ORIENTED_EDGE('',*,*,#4634,.F.);
#3310=ORIENTED_EDGE('',*,*,#4635,.F.);
#3311=ORIENTED_EDGE('',*,*,#4636,.F.);
#3312=ORIENTED_EDGE('',*,*,#4637,.F.);
#3313=ORIENTED_EDGE('',*,*,#4638,.F.);
#3314=ORIENTED_EDGE('',*,*,#4639,.F.);
#3315=ORIENTED_EDGE('',*,*,#4640,.F.);
#3316=ORIENTED_EDGE('',*,*,#4641,.F.);
#3317=ORIENTED_EDGE('',*,*,#4642,.F.);
#3318=ORIENTED_EDGE('',*,*,#4643,.F.);
#3319=ORIENTED_EDGE('',*,*,#4644,.F.);
#3320=ORIENTED_EDGE('',*,*,#4645,.F.);
#3321=ORIENTED_EDGE('',*,*,#4646,.F.);
#3322=ORIENTED_EDGE('',*,*,#4647,.F.);
#3323=ORIENTED_EDGE('',*,*,#4648,.F.);
#3324=ORIENTED_EDGE('',*,*,#4649,.F.);
#3325=ORIENTED_EDGE('',*,*,#4650,.F.);
#3326=ORIENTED_EDGE('',*,*,#4651,.T.);
#3327=ORIENTED_EDGE('',*,*,#4652,.F.);
#3328=ORIENTED_EDGE('',*,*,#4653,.F.);
#3329=ORIENTED_EDGE('',*,*,#4654,.T.);
#3330=ORIENTED_EDGE('',*,*,#4655,.T.);
#3331=ORIENTED_EDGE('',*,*,#4656,.F.);
#3332=ORIENTED_EDGE('',*,*,#4657,.F.);
#3333=ORIENTED_EDGE('',*,*,#4652,.T.);
#3334=ORIENTED_EDGE('',*,*,#4658,.T.);
#3335=ORIENTED_EDGE('',*,*,#4600,.F.);
#3336=ORIENTED_EDGE('',*,*,#4659,.F.);
#3337=ORIENTED_EDGE('',*,*,#4656,.T.);
#3338=ORIENTED_EDGE('',*,*,#4660,.T.);
#3339=ORIENTED_EDGE('',*,*,#4661,.F.);
#3340=ORIENTED_EDGE('',*,*,#4662,.F.);
#3341=ORIENTED_EDGE('',*,*,#4598,.T.);
#3342=ORIENTED_EDGE('',*,*,#4663,.T.);
#3343=ORIENTED_EDGE('',*,*,#4654,.F.);
#3344=ORIENTED_EDGE('',*,*,#4664,.F.);
#3345=ORIENTED_EDGE('',*,*,#4661,.T.);
#3346=ORIENTED_EDGE('',*,*,#4653,.T.);
#3347=ORIENTED_EDGE('',*,*,#4657,.T.);
#3348=ORIENTED_EDGE('',*,*,#4659,.T.);
#3349=ORIENTED_EDGE('',*,*,#4599,.T.);
#3350=ORIENTED_EDGE('',*,*,#4662,.T.);
#3351=ORIENTED_EDGE('',*,*,#4664,.T.);
#3352=ORIENTED_EDGE('',*,*,#4651,.F.);
#3353=ORIENTED_EDGE('',*,*,#4663,.F.);
#3354=ORIENTED_EDGE('',*,*,#4660,.F.);
#3355=ORIENTED_EDGE('',*,*,#4597,.F.);
#3356=ORIENTED_EDGE('',*,*,#4658,.F.);
#3357=ORIENTED_EDGE('',*,*,#4655,.F.);
#3358=ORIENTED_EDGE('',*,*,#4582,.T.);
#3359=ORIENTED_EDGE('',*,*,#4665,.F.);
#3360=ORIENTED_EDGE('',*,*,#4666,.T.);
#3361=ORIENTED_EDGE('',*,*,#4667,.T.);
#3362=ORIENTED_EDGE('',*,*,#4581,.T.);
#3363=ORIENTED_EDGE('',*,*,#4668,.F.);
#3364=ORIENTED_EDGE('',*,*,#4669,.T.);
#3365=ORIENTED_EDGE('',*,*,#4665,.T.);
#3366=ORIENTED_EDGE('',*,*,#4596,.T.);
#3367=ORIENTED_EDGE('',*,*,#4670,.F.);
#3368=ORIENTED_EDGE('',*,*,#4671,.T.);
#3369=ORIENTED_EDGE('',*,*,#4668,.T.);
#3370=ORIENTED_EDGE('',*,*,#4595,.T.);
#3371=ORIENTED_EDGE('',*,*,#4672,.F.);
#3372=ORIENTED_EDGE('',*,*,#4673,.T.);
#3373=ORIENTED_EDGE('',*,*,#4670,.T.);
#3374=ORIENTED_EDGE('',*,*,#4594,.T.);
#3375=ORIENTED_EDGE('',*,*,#4674,.F.);
#3376=ORIENTED_EDGE('',*,*,#4675,.T.);
#3377=ORIENTED_EDGE('',*,*,#4672,.T.);
#3378=ORIENTED_EDGE('',*,*,#4593,.T.);
#3379=ORIENTED_EDGE('',*,*,#4676,.F.);
#3380=ORIENTED_EDGE('',*,*,#4677,.T.);
#3381=ORIENTED_EDGE('',*,*,#4674,.T.);
#3382=ORIENTED_EDGE('',*,*,#4592,.T.);
#3383=ORIENTED_EDGE('',*,*,#4678,.F.);
#3384=ORIENTED_EDGE('',*,*,#4679,.T.);
#3385=ORIENTED_EDGE('',*,*,#4676,.T.);
#3386=ORIENTED_EDGE('',*,*,#4591,.T.);
#3387=ORIENTED_EDGE('',*,*,#4680,.F.);
#3388=ORIENTED_EDGE('',*,*,#4681,.T.);
#3389=ORIENTED_EDGE('',*,*,#4678,.T.);
#3390=ORIENTED_EDGE('',*,*,#4590,.T.);
#3391=ORIENTED_EDGE('',*,*,#4682,.F.);
#3392=ORIENTED_EDGE('',*,*,#4683,.T.);
#3393=ORIENTED_EDGE('',*,*,#4680,.T.);
#3394=ORIENTED_EDGE('',*,*,#4589,.T.);
#3395=ORIENTED_EDGE('',*,*,#4684,.F.);
#3396=ORIENTED_EDGE('',*,*,#4685,.T.);
#3397=ORIENTED_EDGE('',*,*,#4682,.T.);
#3398=ORIENTED_EDGE('',*,*,#4588,.T.);
#3399=ORIENTED_EDGE('',*,*,#4686,.F.);
#3400=ORIENTED_EDGE('',*,*,#4687,.T.);
#3401=ORIENTED_EDGE('',*,*,#4684,.T.);
#3402=ORIENTED_EDGE('',*,*,#4587,.T.);
#3403=ORIENTED_EDGE('',*,*,#4688,.F.);
#3404=ORIENTED_EDGE('',*,*,#4689,.T.);
#3405=ORIENTED_EDGE('',*,*,#4686,.T.);
#3406=ORIENTED_EDGE('',*,*,#4586,.T.);
#3407=ORIENTED_EDGE('',*,*,#4690,.F.);
#3408=ORIENTED_EDGE('',*,*,#4691,.T.);
#3409=ORIENTED_EDGE('',*,*,#4688,.T.);
#3410=ORIENTED_EDGE('',*,*,#4585,.T.);
#3411=ORIENTED_EDGE('',*,*,#4692,.F.);
#3412=ORIENTED_EDGE('',*,*,#4693,.T.);
#3413=ORIENTED_EDGE('',*,*,#4690,.T.);
#3414=ORIENTED_EDGE('',*,*,#4584,.T.);
#3415=ORIENTED_EDGE('',*,*,#4694,.F.);
#3416=ORIENTED_EDGE('',*,*,#4695,.T.);
#3417=ORIENTED_EDGE('',*,*,#4692,.T.);
#3418=ORIENTED_EDGE('',*,*,#4583,.T.);
#3419=ORIENTED_EDGE('',*,*,#4667,.F.);
#3420=ORIENTED_EDGE('',*,*,#4696,.T.);
#3421=ORIENTED_EDGE('',*,*,#4694,.T.);
#3422=ORIENTED_EDGE('',*,*,#4666,.F.);
#3423=ORIENTED_EDGE('',*,*,#4669,.F.);
#3424=ORIENTED_EDGE('',*,*,#4671,.F.);
#3425=ORIENTED_EDGE('',*,*,#4673,.F.);
#3426=ORIENTED_EDGE('',*,*,#4675,.F.);
#3427=ORIENTED_EDGE('',*,*,#4677,.F.);
#3428=ORIENTED_EDGE('',*,*,#4679,.F.);
#3429=ORIENTED_EDGE('',*,*,#4681,.F.);
#3430=ORIENTED_EDGE('',*,*,#4683,.F.);
#3431=ORIENTED_EDGE('',*,*,#4685,.F.);
#3432=ORIENTED_EDGE('',*,*,#4687,.F.);
#3433=ORIENTED_EDGE('',*,*,#4689,.F.);
#3434=ORIENTED_EDGE('',*,*,#4691,.F.);
#3435=ORIENTED_EDGE('',*,*,#4693,.F.);
#3436=ORIENTED_EDGE('',*,*,#4695,.F.);
#3437=ORIENTED_EDGE('',*,*,#4696,.F.);
#3438=ORIENTED_EDGE('',*,*,#4574,.F.);
#3439=ORIENTED_EDGE('',*,*,#4697,.F.);
#3440=ORIENTED_EDGE('',*,*,#4698,.F.);
#3441=ORIENTED_EDGE('',*,*,#4699,.T.);
#3442=ORIENTED_EDGE('',*,*,#4575,.F.);
#3443=ORIENTED_EDGE('',*,*,#4699,.F.);
#3444=ORIENTED_EDGE('',*,*,#4700,.F.);
#3445=ORIENTED_EDGE('',*,*,#4701,.T.);
#3446=ORIENTED_EDGE('',*,*,#4576,.F.);
#3447=ORIENTED_EDGE('',*,*,#4701,.F.);
#3448=ORIENTED_EDGE('',*,*,#4702,.F.);
#3449=ORIENTED_EDGE('',*,*,#4703,.T.);
#3450=ORIENTED_EDGE('',*,*,#4577,.F.);
#3451=ORIENTED_EDGE('',*,*,#4703,.F.);
#3452=ORIENTED_EDGE('',*,*,#4704,.F.);
#3453=ORIENTED_EDGE('',*,*,#4705,.T.);
#3454=ORIENTED_EDGE('',*,*,#4578,.F.);
#3455=ORIENTED_EDGE('',*,*,#4705,.F.);
#3456=ORIENTED_EDGE('',*,*,#4706,.F.);
#3457=ORIENTED_EDGE('',*,*,#4707,.T.);
#3458=ORIENTED_EDGE('',*,*,#4579,.F.);
#3459=ORIENTED_EDGE('',*,*,#4707,.F.);
#3460=ORIENTED_EDGE('',*,*,#4708,.F.);
#3461=ORIENTED_EDGE('',*,*,#4709,.T.);
#3462=ORIENTED_EDGE('',*,*,#4580,.F.);
#3463=ORIENTED_EDGE('',*,*,#4709,.F.);
#3464=ORIENTED_EDGE('',*,*,#4710,.F.);
#3465=ORIENTED_EDGE('',*,*,#4697,.T.);
#3466=ORIENTED_EDGE('',*,*,#4698,.T.);
#3467=ORIENTED_EDGE('',*,*,#4710,.T.);
#3468=ORIENTED_EDGE('',*,*,#4708,.T.);
#3469=ORIENTED_EDGE('',*,*,#4706,.T.);
#3470=ORIENTED_EDGE('',*,*,#4704,.T.);
#3471=ORIENTED_EDGE('',*,*,#4702,.T.);
#3472=ORIENTED_EDGE('',*,*,#4700,.T.);
#3473=ORIENTED_EDGE('',*,*,#4711,.T.);
#3474=ORIENTED_EDGE('',*,*,#4712,.F.);
#3475=ORIENTED_EDGE('',*,*,#4713,.T.);
#3476=ORIENTED_EDGE('',*,*,#4714,.T.);
#3477=ORIENTED_EDGE('',*,*,#4715,.T.);
#3478=ORIENTED_EDGE('',*,*,#4716,.F.);
#3479=ORIENTED_EDGE('',*,*,#4717,.T.);
#3480=ORIENTED_EDGE('',*,*,#4712,.T.);
#3481=ORIENTED_EDGE('',*,*,#4563,.T.);
#3482=ORIENTED_EDGE('',*,*,#4718,.F.);
#3483=ORIENTED_EDGE('',*,*,#4719,.T.);
#3484=ORIENTED_EDGE('',*,*,#4720,.T.);
#3485=ORIENTED_EDGE('',*,*,#4562,.T.);
#3486=ORIENTED_EDGE('',*,*,#4721,.F.);
#3487=ORIENTED_EDGE('',*,*,#4722,.T.);
#3488=ORIENTED_EDGE('',*,*,#4718,.T.);
#3489=ORIENTED_EDGE('',*,*,#4573,.T.);
#3490=ORIENTED_EDGE('',*,*,#4723,.F.);
#3491=ORIENTED_EDGE('',*,*,#4724,.T.);
#3492=ORIENTED_EDGE('',*,*,#4721,.T.);
#3493=ORIENTED_EDGE('',*,*,#4572,.T.);
#3494=ORIENTED_EDGE('',*,*,#4725,.F.);
#3495=ORIENTED_EDGE('',*,*,#4726,.T.);
#3496=ORIENTED_EDGE('',*,*,#4723,.T.);
#3497=ORIENTED_EDGE('',*,*,#4571,.T.);
#3498=ORIENTED_EDGE('',*,*,#4727,.F.);
#3499=ORIENTED_EDGE('',*,*,#4728,.T.);
#3500=ORIENTED_EDGE('',*,*,#4725,.T.);
#3501=ORIENTED_EDGE('',*,*,#4570,.T.);
#3502=ORIENTED_EDGE('',*,*,#4729,.F.);
#3503=ORIENTED_EDGE('',*,*,#4730,.T.);
#3504=ORIENTED_EDGE('',*,*,#4727,.T.);
#3505=ORIENTED_EDGE('',*,*,#4569,.T.);
#3506=ORIENTED_EDGE('',*,*,#4731,.F.);
#3507=ORIENTED_EDGE('',*,*,#4732,.T.);
#3508=ORIENTED_EDGE('',*,*,#4729,.T.);
#3509=ORIENTED_EDGE('',*,*,#4568,.T.);
#3510=ORIENTED_EDGE('',*,*,#4733,.F.);
#3511=ORIENTED_EDGE('',*,*,#4734,.T.);
#3512=ORIENTED_EDGE('',*,*,#4731,.T.);
#3513=ORIENTED_EDGE('',*,*,#4567,.T.);
#3514=ORIENTED_EDGE('',*,*,#4735,.F.);
#3515=ORIENTED_EDGE('',*,*,#4736,.T.);
#3516=ORIENTED_EDGE('',*,*,#4733,.T.);
#3517=ORIENTED_EDGE('',*,*,#4566,.T.);
#3518=ORIENTED_EDGE('',*,*,#4737,.F.);
#3519=ORIENTED_EDGE('',*,*,#4738,.T.);
#3520=ORIENTED_EDGE('',*,*,#4735,.T.);
#3521=ORIENTED_EDGE('',*,*,#4565,.T.);
#3522=ORIENTED_EDGE('',*,*,#4739,.F.);
#3523=ORIENTED_EDGE('',*,*,#4740,.T.);
#3524=ORIENTED_EDGE('',*,*,#4737,.T.);
#3525=ORIENTED_EDGE('',*,*,#4564,.T.);
#3526=ORIENTED_EDGE('',*,*,#4720,.F.);
#3527=ORIENTED_EDGE('',*,*,#4741,.T.);
#3528=ORIENTED_EDGE('',*,*,#4739,.T.);
#3529=ORIENTED_EDGE('',*,*,#4742,.T.);
#3530=ORIENTED_EDGE('',*,*,#4714,.F.);
#3531=ORIENTED_EDGE('',*,*,#4743,.T.);
#3532=ORIENTED_EDGE('',*,*,#4716,.T.);
#3533=ORIENTED_EDGE('',*,*,#4719,.F.);
#3534=ORIENTED_EDGE('',*,*,#4722,.F.);
#3535=ORIENTED_EDGE('',*,*,#4724,.F.);
#3536=ORIENTED_EDGE('',*,*,#4726,.F.);
#3537=ORIENTED_EDGE('',*,*,#4728,.F.);
#3538=ORIENTED_EDGE('',*,*,#4730,.F.);
#3539=ORIENTED_EDGE('',*,*,#4732,.F.);
#3540=ORIENTED_EDGE('',*,*,#4734,.F.);
#3541=ORIENTED_EDGE('',*,*,#4736,.F.);
#3542=ORIENTED_EDGE('',*,*,#4738,.F.);
#3543=ORIENTED_EDGE('',*,*,#4740,.F.);
#3544=ORIENTED_EDGE('',*,*,#4741,.F.);
#3545=ORIENTED_EDGE('',*,*,#4713,.F.);
#3546=ORIENTED_EDGE('',*,*,#4717,.F.);
#3547=ORIENTED_EDGE('',*,*,#4743,.F.);
#3548=ORIENTED_EDGE('',*,*,#4744,.T.);
#3549=ORIENTED_EDGE('',*,*,#4745,.F.);
#3550=ORIENTED_EDGE('',*,*,#4746,.T.);
#3551=ORIENTED_EDGE('',*,*,#4747,.T.);
#3552=ORIENTED_EDGE('',*,*,#4748,.T.);
#3553=ORIENTED_EDGE('',*,*,#4749,.F.);
#3554=ORIENTED_EDGE('',*,*,#4750,.T.);
#3555=ORIENTED_EDGE('',*,*,#4745,.T.);
#3556=ORIENTED_EDGE('',*,*,#4602,.T.);
#3557=ORIENTED_EDGE('',*,*,#4751,.F.);
#3558=ORIENTED_EDGE('',*,*,#4752,.T.);
#3559=ORIENTED_EDGE('',*,*,#4753,.T.);
#3560=ORIENTED_EDGE('',*,*,#4601,.T.);
#3561=ORIENTED_EDGE('',*,*,#4754,.F.);
#3562=ORIENTED_EDGE('',*,*,#4755,.T.);
#3563=ORIENTED_EDGE('',*,*,#4751,.T.);
#3564=ORIENTED_EDGE('',*,*,#4612,.T.);
#3565=ORIENTED_EDGE('',*,*,#4756,.F.);
#3566=ORIENTED_EDGE('',*,*,#4757,.T.);
#3567=ORIENTED_EDGE('',*,*,#4754,.T.);
#3568=ORIENTED_EDGE('',*,*,#4611,.T.);
#3569=ORIENTED_EDGE('',*,*,#4758,.F.);
#3570=ORIENTED_EDGE('',*,*,#4759,.T.);
#3571=ORIENTED_EDGE('',*,*,#4756,.T.);
#3572=ORIENTED_EDGE('',*,*,#4610,.T.);
#3573=ORIENTED_EDGE('',*,*,#4760,.F.);
#3574=ORIENTED_EDGE('',*,*,#4761,.T.);
#3575=ORIENTED_EDGE('',*,*,#4758,.T.);
#3576=ORIENTED_EDGE('',*,*,#4609,.T.);
#3577=ORIENTED_EDGE('',*,*,#4762,.F.);
#3578=ORIENTED_EDGE('',*,*,#4763,.T.);
#3579=ORIENTED_EDGE('',*,*,#4760,.T.);
#3580=ORIENTED_EDGE('',*,*,#4608,.T.);
#3581=ORIENTED_EDGE('',*,*,#4764,.F.);
#3582=ORIENTED_EDGE('',*,*,#4765,.T.);
#3583=ORIENTED_EDGE('',*,*,#4762,.T.);
#3584=ORIENTED_EDGE('',*,*,#4607,.T.);
#3585=ORIENTED_EDGE('',*,*,#4766,.F.);
#3586=ORIENTED_EDGE('',*,*,#4767,.T.);
#3587=ORIENTED_EDGE('',*,*,#4764,.T.);
#3588=ORIENTED_EDGE('',*,*,#4606,.T.);
#3589=ORIENTED_EDGE('',*,*,#4768,.F.);
#3590=ORIENTED_EDGE('',*,*,#4769,.T.);
#3591=ORIENTED_EDGE('',*,*,#4766,.T.);
#3592=ORIENTED_EDGE('',*,*,#4605,.T.);
#3593=ORIENTED_EDGE('',*,*,#4770,.F.);
#3594=ORIENTED_EDGE('',*,*,#4771,.T.);
#3595=ORIENTED_EDGE('',*,*,#4768,.T.);
#3596=ORIENTED_EDGE('',*,*,#4604,.T.);
#3597=ORIENTED_EDGE('',*,*,#4772,.F.);
#3598=ORIENTED_EDGE('',*,*,#4773,.T.);
#3599=ORIENTED_EDGE('',*,*,#4770,.T.);
#3600=ORIENTED_EDGE('',*,*,#4603,.T.);
#3601=ORIENTED_EDGE('',*,*,#4753,.F.);
#3602=ORIENTED_EDGE('',*,*,#4774,.T.);
#3603=ORIENTED_EDGE('',*,*,#4772,.T.);
#3604=ORIENTED_EDGE('',*,*,#4775,.T.);
#3605=ORIENTED_EDGE('',*,*,#4747,.F.);
#3606=ORIENTED_EDGE('',*,*,#4776,.T.);
#3607=ORIENTED_EDGE('',*,*,#4749,.T.);
#3608=ORIENTED_EDGE('',*,*,#4752,.F.);
#3609=ORIENTED_EDGE('',*,*,#4755,.F.);
#3610=ORIENTED_EDGE('',*,*,#4757,.F.);
#3611=ORIENTED_EDGE('',*,*,#4759,.F.);
#3612=ORIENTED_EDGE('',*,*,#4761,.F.);
#3613=ORIENTED_EDGE('',*,*,#4763,.F.);
#3614=ORIENTED_EDGE('',*,*,#4765,.F.);
#3615=ORIENTED_EDGE('',*,*,#4767,.F.);
#3616=ORIENTED_EDGE('',*,*,#4769,.F.);
#3617=ORIENTED_EDGE('',*,*,#4771,.F.);
#3618=ORIENTED_EDGE('',*,*,#4773,.F.);
#3619=ORIENTED_EDGE('',*,*,#4774,.F.);
#3620=ORIENTED_EDGE('',*,*,#4746,.F.);
#3621=ORIENTED_EDGE('',*,*,#4750,.F.);
#3622=ORIENTED_EDGE('',*,*,#4776,.F.);
#3623=ORIENTED_EDGE('',*,*,#4614,.T.);
#3624=ORIENTED_EDGE('',*,*,#4777,.F.);
#3625=ORIENTED_EDGE('',*,*,#4778,.T.);
#3626=ORIENTED_EDGE('',*,*,#4779,.T.);
#3627=ORIENTED_EDGE('',*,*,#4613,.T.);
#3628=ORIENTED_EDGE('',*,*,#4780,.F.);
#3629=ORIENTED_EDGE('',*,*,#4781,.T.);
#3630=ORIENTED_EDGE('',*,*,#4777,.T.);
#3631=ORIENTED_EDGE('',*,*,#4627,.T.);
#3632=ORIENTED_EDGE('',*,*,#4782,.F.);
#3633=ORIENTED_EDGE('',*,*,#4783,.T.);
#3634=ORIENTED_EDGE('',*,*,#4780,.T.);
#3635=ORIENTED_EDGE('',*,*,#4626,.T.);
#3636=ORIENTED_EDGE('',*,*,#4784,.F.);
#3637=ORIENTED_EDGE('',*,*,#4785,.T.);
#3638=ORIENTED_EDGE('',*,*,#4782,.T.);
#3639=ORIENTED_EDGE('',*,*,#4625,.T.);
#3640=ORIENTED_EDGE('',*,*,#4786,.F.);
#3641=ORIENTED_EDGE('',*,*,#4787,.T.);
#3642=ORIENTED_EDGE('',*,*,#4784,.T.);
#3643=ORIENTED_EDGE('',*,*,#4624,.T.);
#3644=ORIENTED_EDGE('',*,*,#4788,.F.);
#3645=ORIENTED_EDGE('',*,*,#4789,.T.);
#3646=ORIENTED_EDGE('',*,*,#4786,.T.);
#3647=ORIENTED_EDGE('',*,*,#4623,.T.);
#3648=ORIENTED_EDGE('',*,*,#4790,.F.);
#3649=ORIENTED_EDGE('',*,*,#4791,.T.);
#3650=ORIENTED_EDGE('',*,*,#4788,.T.);
#3651=ORIENTED_EDGE('',*,*,#4622,.T.);
#3652=ORIENTED_EDGE('',*,*,#4792,.F.);
#3653=ORIENTED_EDGE('',*,*,#4793,.T.);
#3654=ORIENTED_EDGE('',*,*,#4790,.T.);
#3655=ORIENTED_EDGE('',*,*,#4621,.T.);
#3656=ORIENTED_EDGE('',*,*,#4794,.F.);
#3657=ORIENTED_EDGE('',*,*,#4795,.T.);
#3658=ORIENTED_EDGE('',*,*,#4792,.T.);
#3659=ORIENTED_EDGE('',*,*,#4620,.T.);
#3660=ORIENTED_EDGE('',*,*,#4796,.F.);
#3661=ORIENTED_EDGE('',*,*,#4797,.T.);
#3662=ORIENTED_EDGE('',*,*,#4794,.T.);
#3663=ORIENTED_EDGE('',*,*,#4619,.T.);
#3664=ORIENTED_EDGE('',*,*,#4798,.F.);
#3665=ORIENTED_EDGE('',*,*,#4799,.T.);
#3666=ORIENTED_EDGE('',*,*,#4796,.T.);
#3667=ORIENTED_EDGE('',*,*,#4618,.T.);
#3668=ORIENTED_EDGE('',*,*,#4800,.F.);
#3669=ORIENTED_EDGE('',*,*,#4801,.T.);
#3670=ORIENTED_EDGE('',*,*,#4798,.T.);
#3671=ORIENTED_EDGE('',*,*,#4617,.T.);
#3672=ORIENTED_EDGE('',*,*,#4802,.F.);
#3673=ORIENTED_EDGE('',*,*,#4803,.T.);
#3674=ORIENTED_EDGE('',*,*,#4800,.T.);
#3675=ORIENTED_EDGE('',*,*,#4616,.T.);
#3676=ORIENTED_EDGE('',*,*,#4804,.F.);
#3677=ORIENTED_EDGE('',*,*,#4805,.T.);
#3678=ORIENTED_EDGE('',*,*,#4802,.T.);
#3679=ORIENTED_EDGE('',*,*,#4615,.T.);
#3680=ORIENTED_EDGE('',*,*,#4779,.F.);
#3681=ORIENTED_EDGE('',*,*,#4806,.T.);
#3682=ORIENTED_EDGE('',*,*,#4804,.T.);
#3683=ORIENTED_EDGE('',*,*,#4778,.F.);
#3684=ORIENTED_EDGE('',*,*,#4781,.F.);
#3685=ORIENTED_EDGE('',*,*,#4783,.F.);
#3686=ORIENTED_EDGE('',*,*,#4785,.F.);
#3687=ORIENTED_EDGE('',*,*,#4787,.F.);
#3688=ORIENTED_EDGE('',*,*,#4789,.F.);
#3689=ORIENTED_EDGE('',*,*,#4791,.F.);
#3690=ORIENTED_EDGE('',*,*,#4793,.F.);
#3691=ORIENTED_EDGE('',*,*,#4795,.F.);
#3692=ORIENTED_EDGE('',*,*,#4797,.F.);
#3693=ORIENTED_EDGE('',*,*,#4799,.F.);
#3694=ORIENTED_EDGE('',*,*,#4801,.F.);
#3695=ORIENTED_EDGE('',*,*,#4803,.F.);
#3696=ORIENTED_EDGE('',*,*,#4805,.F.);
#3697=ORIENTED_EDGE('',*,*,#4806,.F.);
#3698=ORIENTED_EDGE('',*,*,#4629,.T.);
#3699=ORIENTED_EDGE('',*,*,#4807,.F.);
#3700=ORIENTED_EDGE('',*,*,#4808,.T.);
#3701=ORIENTED_EDGE('',*,*,#4809,.T.);
#3702=ORIENTED_EDGE('',*,*,#4628,.T.);
#3703=ORIENTED_EDGE('',*,*,#4810,.F.);
#3704=ORIENTED_EDGE('',*,*,#4811,.T.);
#3705=ORIENTED_EDGE('',*,*,#4807,.T.);
#3706=ORIENTED_EDGE('',*,*,#4643,.T.);
#3707=ORIENTED_EDGE('',*,*,#4812,.F.);
#3708=ORIENTED_EDGE('',*,*,#4813,.T.);
#3709=ORIENTED_EDGE('',*,*,#4810,.T.);
#3710=ORIENTED_EDGE('',*,*,#4642,.T.);
#3711=ORIENTED_EDGE('',*,*,#4814,.F.);
#3712=ORIENTED_EDGE('',*,*,#4815,.T.);
#3713=ORIENTED_EDGE('',*,*,#4812,.T.);
#3714=ORIENTED_EDGE('',*,*,#4641,.T.);
#3715=ORIENTED_EDGE('',*,*,#4816,.F.);
#3716=ORIENTED_EDGE('',*,*,#4817,.T.);
#3717=ORIENTED_EDGE('',*,*,#4814,.T.);
#3718=ORIENTED_EDGE('',*,*,#4640,.T.);
#3719=ORIENTED_EDGE('',*,*,#4818,.F.);
#3720=ORIENTED_EDGE('',*,*,#4819,.T.);
#3721=ORIENTED_EDGE('',*,*,#4816,.T.);
#3722=ORIENTED_EDGE('',*,*,#4639,.T.);
#3723=ORIENTED_EDGE('',*,*,#4820,.F.);
#3724=ORIENTED_EDGE('',*,*,#4821,.T.);
#3725=ORIENTED_EDGE('',*,*,#4818,.T.);
#3726=ORIENTED_EDGE('',*,*,#4638,.T.);
#3727=ORIENTED_EDGE('',*,*,#4822,.F.);
#3728=ORIENTED_EDGE('',*,*,#4823,.T.);
#3729=ORIENTED_EDGE('',*,*,#4820,.T.);
#3730=ORIENTED_EDGE('',*,*,#4637,.T.);
#3731=ORIENTED_EDGE('',*,*,#4824,.F.);
#3732=ORIENTED_EDGE('',*,*,#4825,.T.);
#3733=ORIENTED_EDGE('',*,*,#4822,.T.);
#3734=ORIENTED_EDGE('',*,*,#4636,.T.);
#3735=ORIENTED_EDGE('',*,*,#4826,.F.);
#3736=ORIENTED_EDGE('',*,*,#4827,.T.);
#3737=ORIENTED_EDGE('',*,*,#4824,.T.);
#3738=ORIENTED_EDGE('',*,*,#4635,.T.);
#3739=ORIENTED_EDGE('',*,*,#4828,.F.);
#3740=ORIENTED_EDGE('',*,*,#4829,.T.);
#3741=ORIENTED_EDGE('',*,*,#4826,.T.);
#3742=ORIENTED_EDGE('',*,*,#4634,.T.);
#3743=ORIENTED_EDGE('',*,*,#4830,.F.);
#3744=ORIENTED_EDGE('',*,*,#4831,.T.);
#3745=ORIENTED_EDGE('',*,*,#4828,.T.);
#3746=ORIENTED_EDGE('',*,*,#4633,.T.);
#3747=ORIENTED_EDGE('',*,*,#4832,.F.);
#3748=ORIENTED_EDGE('',*,*,#4833,.T.);
#3749=ORIENTED_EDGE('',*,*,#4830,.T.);
#3750=ORIENTED_EDGE('',*,*,#4632,.T.);
#3751=ORIENTED_EDGE('',*,*,#4834,.F.);
#3752=ORIENTED_EDGE('',*,*,#4835,.T.);
#3753=ORIENTED_EDGE('',*,*,#4832,.T.);
#3754=ORIENTED_EDGE('',*,*,#4631,.T.);
#3755=ORIENTED_EDGE('',*,*,#4836,.F.);
#3756=ORIENTED_EDGE('',*,*,#4837,.T.);
#3757=ORIENTED_EDGE('',*,*,#4834,.T.);
#3758=ORIENTED_EDGE('',*,*,#4630,.T.);
#3759=ORIENTED_EDGE('',*,*,#4809,.F.);
#3760=ORIENTED_EDGE('',*,*,#4838,.T.);
#3761=ORIENTED_EDGE('',*,*,#4836,.T.);
#3762=ORIENTED_EDGE('',*,*,#4808,.F.);
#3763=ORIENTED_EDGE('',*,*,#4811,.F.);
#3764=ORIENTED_EDGE('',*,*,#4813,.F.);
#3765=ORIENTED_EDGE('',*,*,#4815,.F.);
#3766=ORIENTED_EDGE('',*,*,#4817,.F.);
#3767=ORIENTED_EDGE('',*,*,#4819,.F.);
#3768=ORIENTED_EDGE('',*,*,#4821,.F.);
#3769=ORIENTED_EDGE('',*,*,#4823,.F.);
#3770=ORIENTED_EDGE('',*,*,#4825,.F.);
#3771=ORIENTED_EDGE('',*,*,#4827,.F.);
#3772=ORIENTED_EDGE('',*,*,#4829,.F.);
#3773=ORIENTED_EDGE('',*,*,#4831,.F.);
#3774=ORIENTED_EDGE('',*,*,#4833,.F.);
#3775=ORIENTED_EDGE('',*,*,#4835,.F.);
#3776=ORIENTED_EDGE('',*,*,#4837,.F.);
#3777=ORIENTED_EDGE('',*,*,#4838,.F.);
#3778=ORIENTED_EDGE('',*,*,#4645,.T.);
#3779=ORIENTED_EDGE('',*,*,#4839,.F.);
#3780=ORIENTED_EDGE('',*,*,#4840,.T.);
#3781=ORIENTED_EDGE('',*,*,#4841,.T.);
#3782=ORIENTED_EDGE('',*,*,#4644,.T.);
#3783=ORIENTED_EDGE('',*,*,#4842,.F.);
#3784=ORIENTED_EDGE('',*,*,#4843,.T.);
#3785=ORIENTED_EDGE('',*,*,#4839,.T.);
#3786=ORIENTED_EDGE('',*,*,#4650,.T.);
#3787=ORIENTED_EDGE('',*,*,#4844,.F.);
#3788=ORIENTED_EDGE('',*,*,#4845,.T.);
#3789=ORIENTED_EDGE('',*,*,#4842,.T.);
#3790=ORIENTED_EDGE('',*,*,#4649,.T.);
#3791=ORIENTED_EDGE('',*,*,#4846,.F.);
#3792=ORIENTED_EDGE('',*,*,#4847,.T.);
#3793=ORIENTED_EDGE('',*,*,#4844,.T.);
#3794=ORIENTED_EDGE('',*,*,#4648,.T.);
#3795=ORIENTED_EDGE('',*,*,#4848,.F.);
#3796=ORIENTED_EDGE('',*,*,#4849,.T.);
#3797=ORIENTED_EDGE('',*,*,#4846,.T.);
#3798=ORIENTED_EDGE('',*,*,#4647,.T.);
#3799=ORIENTED_EDGE('',*,*,#4850,.F.);
#3800=ORIENTED_EDGE('',*,*,#4851,.T.);
#3801=ORIENTED_EDGE('',*,*,#4848,.T.);
#3802=ORIENTED_EDGE('',*,*,#4646,.T.);
#3803=ORIENTED_EDGE('',*,*,#4841,.F.);
#3804=ORIENTED_EDGE('',*,*,#4852,.T.);
#3805=ORIENTED_EDGE('',*,*,#4850,.T.);
#3806=ORIENTED_EDGE('',*,*,#4840,.F.);
#3807=ORIENTED_EDGE('',*,*,#4843,.F.);
#3808=ORIENTED_EDGE('',*,*,#4845,.F.);
#3809=ORIENTED_EDGE('',*,*,#4847,.F.);
#3810=ORIENTED_EDGE('',*,*,#4849,.F.);
#3811=ORIENTED_EDGE('',*,*,#4851,.F.);
#3812=ORIENTED_EDGE('',*,*,#4852,.F.);
#3813=ORIENTED_EDGE('',*,*,#4853,.T.);
#3814=ORIENTED_EDGE('',*,*,#4854,.F.);
#3815=ORIENTED_EDGE('',*,*,#4855,.T.);
#3816=ORIENTED_EDGE('',*,*,#4856,.T.);
#3817=ORIENTED_EDGE('',*,*,#4857,.T.);
#3818=ORIENTED_EDGE('',*,*,#4858,.F.);
#3819=ORIENTED_EDGE('',*,*,#4859,.T.);
#3820=ORIENTED_EDGE('',*,*,#4854,.T.);
#3821=ORIENTED_EDGE('',*,*,#4557,.T.);
#3822=ORIENTED_EDGE('',*,*,#4860,.F.);
#3823=ORIENTED_EDGE('',*,*,#4861,.T.);
#3824=ORIENTED_EDGE('',*,*,#4862,.T.);
#3825=ORIENTED_EDGE('',*,*,#4556,.T.);
#3826=ORIENTED_EDGE('',*,*,#4863,.F.);
#3827=ORIENTED_EDGE('',*,*,#4864,.T.);
#3828=ORIENTED_EDGE('',*,*,#4860,.T.);
#3829=ORIENTED_EDGE('',*,*,#4561,.T.);
#3830=ORIENTED_EDGE('',*,*,#4865,.F.);
#3831=ORIENTED_EDGE('',*,*,#4866,.T.);
#3832=ORIENTED_EDGE('',*,*,#4863,.T.);
#3833=ORIENTED_EDGE('',*,*,#4560,.T.);
#3834=ORIENTED_EDGE('',*,*,#4867,.F.);
#3835=ORIENTED_EDGE('',*,*,#4868,.T.);
#3836=ORIENTED_EDGE('',*,*,#4865,.T.);
#3837=ORIENTED_EDGE('',*,*,#4559,.T.);
#3838=ORIENTED_EDGE('',*,*,#4869,.F.);
#3839=ORIENTED_EDGE('',*,*,#4870,.T.);
#3840=ORIENTED_EDGE('',*,*,#4867,.T.);
#3841=ORIENTED_EDGE('',*,*,#4558,.T.);
#3842=ORIENTED_EDGE('',*,*,#4862,.F.);
#3843=ORIENTED_EDGE('',*,*,#4871,.T.);
#3844=ORIENTED_EDGE('',*,*,#4869,.T.);
#3845=ORIENTED_EDGE('',*,*,#4872,.T.);
#3846=ORIENTED_EDGE('',*,*,#4856,.F.);
#3847=ORIENTED_EDGE('',*,*,#4873,.T.);
#3848=ORIENTED_EDGE('',*,*,#4858,.T.);
#3849=ORIENTED_EDGE('',*,*,#4861,.F.);
#3850=ORIENTED_EDGE('',*,*,#4864,.F.);
#3851=ORIENTED_EDGE('',*,*,#4866,.F.);
#3852=ORIENTED_EDGE('',*,*,#4868,.F.);
#3853=ORIENTED_EDGE('',*,*,#4870,.F.);
#3854=ORIENTED_EDGE('',*,*,#4871,.F.);
#3855=ORIENTED_EDGE('',*,*,#4855,.F.);
#3856=ORIENTED_EDGE('',*,*,#4859,.F.);
#3857=ORIENTED_EDGE('',*,*,#4873,.F.);
#3858=ORIENTED_EDGE('',*,*,#4541,.T.);
#3859=ORIENTED_EDGE('',*,*,#4874,.F.);
#3860=ORIENTED_EDGE('',*,*,#4875,.T.);
#3861=ORIENTED_EDGE('',*,*,#4876,.T.);
#3862=ORIENTED_EDGE('',*,*,#4540,.T.);
#3863=ORIENTED_EDGE('',*,*,#4877,.F.);
#3864=ORIENTED_EDGE('',*,*,#4878,.T.);
#3865=ORIENTED_EDGE('',*,*,#4874,.T.);
#3866=ORIENTED_EDGE('',*,*,#4555,.T.);
#3867=ORIENTED_EDGE('',*,*,#4879,.F.);
#3868=ORIENTED_EDGE('',*,*,#4880,.T.);
#3869=ORIENTED_EDGE('',*,*,#4877,.T.);
#3870=ORIENTED_EDGE('',*,*,#4554,.T.);
#3871=ORIENTED_EDGE('',*,*,#4881,.F.);
#3872=ORIENTED_EDGE('',*,*,#4882,.T.);
#3873=ORIENTED_EDGE('',*,*,#4879,.T.);
#3874=ORIENTED_EDGE('',*,*,#4553,.T.);
#3875=ORIENTED_EDGE('',*,*,#4883,.F.);
#3876=ORIENTED_EDGE('',*,*,#4884,.T.);
#3877=ORIENTED_EDGE('',*,*,#4881,.T.);
#3878=ORIENTED_EDGE('',*,*,#4552,.T.);
#3879=ORIENTED_EDGE('',*,*,#4885,.F.);
#3880=ORIENTED_EDGE('',*,*,#4886,.T.);
#3881=ORIENTED_EDGE('',*,*,#4883,.T.);
#3882=ORIENTED_EDGE('',*,*,#4551,.T.);
#3883=ORIENTED_EDGE('',*,*,#4887,.F.);
#3884=ORIENTED_EDGE('',*,*,#4888,.T.);
#3885=ORIENTED_EDGE('',*,*,#4885,.T.);
#3886=ORIENTED_EDGE('',*,*,#4550,.T.);
#3887=ORIENTED_EDGE('',*,*,#4889,.F.);
#3888=ORIENTED_EDGE('',*,*,#4890,.T.);
#3889=ORIENTED_EDGE('',*,*,#4887,.T.);
#3890=ORIENTED_EDGE('',*,*,#4549,.T.);
#3891=ORIENTED_EDGE('',*,*,#4891,.F.);
#3892=ORIENTED_EDGE('',*,*,#4892,.T.);
#3893=ORIENTED_EDGE('',*,*,#4889,.T.);
#3894=ORIENTED_EDGE('',*,*,#4548,.T.);
#3895=ORIENTED_EDGE('',*,*,#4893,.F.);
#3896=ORIENTED_EDGE('',*,*,#4894,.T.);
#3897=ORIENTED_EDGE('',*,*,#4891,.T.);
#3898=ORIENTED_EDGE('',*,*,#4547,.T.);
#3899=ORIENTED_EDGE('',*,*,#4895,.F.);
#3900=ORIENTED_EDGE('',*,*,#4896,.T.);
#3901=ORIENTED_EDGE('',*,*,#4893,.T.);
#3902=ORIENTED_EDGE('',*,*,#4546,.T.);
#3903=ORIENTED_EDGE('',*,*,#4897,.F.);
#3904=ORIENTED_EDGE('',*,*,#4898,.T.);
#3905=ORIENTED_EDGE('',*,*,#4895,.T.);
#3906=ORIENTED_EDGE('',*,*,#4545,.T.);
#3907=ORIENTED_EDGE('',*,*,#4899,.F.);
#3908=ORIENTED_EDGE('',*,*,#4900,.T.);
#3909=ORIENTED_EDGE('',*,*,#4897,.T.);
#3910=ORIENTED_EDGE('',*,*,#4544,.T.);
#3911=ORIENTED_EDGE('',*,*,#4901,.F.);
#3912=ORIENTED_EDGE('',*,*,#4902,.T.);
#3913=ORIENTED_EDGE('',*,*,#4899,.T.);
#3914=ORIENTED_EDGE('',*,*,#4543,.T.);
#3915=ORIENTED_EDGE('',*,*,#4903,.F.);
#3916=ORIENTED_EDGE('',*,*,#4904,.T.);
#3917=ORIENTED_EDGE('',*,*,#4901,.T.);
#3918=ORIENTED_EDGE('',*,*,#4542,.T.);
#3919=ORIENTED_EDGE('',*,*,#4876,.F.);
#3920=ORIENTED_EDGE('',*,*,#4905,.T.);
#3921=ORIENTED_EDGE('',*,*,#4903,.T.);
#3922=ORIENTED_EDGE('',*,*,#4875,.F.);
#3923=ORIENTED_EDGE('',*,*,#4878,.F.);
#3924=ORIENTED_EDGE('',*,*,#4880,.F.);
#3925=ORIENTED_EDGE('',*,*,#4882,.F.);
#3926=ORIENTED_EDGE('',*,*,#4884,.F.);
#3927=ORIENTED_EDGE('',*,*,#4886,.F.);
#3928=ORIENTED_EDGE('',*,*,#4888,.F.);
#3929=ORIENTED_EDGE('',*,*,#4890,.F.);
#3930=ORIENTED_EDGE('',*,*,#4892,.F.);
#3931=ORIENTED_EDGE('',*,*,#4894,.F.);
#3932=ORIENTED_EDGE('',*,*,#4896,.F.);
#3933=ORIENTED_EDGE('',*,*,#4898,.F.);
#3934=ORIENTED_EDGE('',*,*,#4900,.F.);
#3935=ORIENTED_EDGE('',*,*,#4902,.F.);
#3936=ORIENTED_EDGE('',*,*,#4904,.F.);
#3937=ORIENTED_EDGE('',*,*,#4905,.F.);
#3938=ORIENTED_EDGE('',*,*,#4526,.T.);
#3939=ORIENTED_EDGE('',*,*,#4906,.F.);
#3940=ORIENTED_EDGE('',*,*,#4907,.T.);
#3941=ORIENTED_EDGE('',*,*,#4908,.T.);
#3942=ORIENTED_EDGE('',*,*,#4525,.T.);
#3943=ORIENTED_EDGE('',*,*,#4909,.F.);
#3944=ORIENTED_EDGE('',*,*,#4910,.T.);
#3945=ORIENTED_EDGE('',*,*,#4906,.T.);
#3946=ORIENTED_EDGE('',*,*,#4539,.T.);
#3947=ORIENTED_EDGE('',*,*,#4911,.F.);
#3948=ORIENTED_EDGE('',*,*,#4912,.T.);
#3949=ORIENTED_EDGE('',*,*,#4909,.T.);
#3950=ORIENTED_EDGE('',*,*,#4538,.T.);
#3951=ORIENTED_EDGE('',*,*,#4913,.F.);
#3952=ORIENTED_EDGE('',*,*,#4914,.T.);
#3953=ORIENTED_EDGE('',*,*,#4911,.T.);
#3954=ORIENTED_EDGE('',*,*,#4537,.T.);
#3955=ORIENTED_EDGE('',*,*,#4915,.F.);
#3956=ORIENTED_EDGE('',*,*,#4916,.T.);
#3957=ORIENTED_EDGE('',*,*,#4913,.T.);
#3958=ORIENTED_EDGE('',*,*,#4536,.T.);
#3959=ORIENTED_EDGE('',*,*,#4917,.F.);
#3960=ORIENTED_EDGE('',*,*,#4918,.T.);
#3961=ORIENTED_EDGE('',*,*,#4915,.T.);
#3962=ORIENTED_EDGE('',*,*,#4535,.T.);
#3963=ORIENTED_EDGE('',*,*,#4919,.F.);
#3964=ORIENTED_EDGE('',*,*,#4920,.T.);
#3965=ORIENTED_EDGE('',*,*,#4917,.T.);
#3966=ORIENTED_EDGE('',*,*,#4534,.T.);
#3967=ORIENTED_EDGE('',*,*,#4921,.F.);
#3968=ORIENTED_EDGE('',*,*,#4922,.T.);
#3969=ORIENTED_EDGE('',*,*,#4919,.T.);
#3970=ORIENTED_EDGE('',*,*,#4533,.T.);
#3971=ORIENTED_EDGE('',*,*,#4923,.F.);
#3972=ORIENTED_EDGE('',*,*,#4924,.T.);
#3973=ORIENTED_EDGE('',*,*,#4921,.T.);
#3974=ORIENTED_EDGE('',*,*,#4532,.T.);
#3975=ORIENTED_EDGE('',*,*,#4925,.F.);
#3976=ORIENTED_EDGE('',*,*,#4926,.T.);
#3977=ORIENTED_EDGE('',*,*,#4923,.T.);
#3978=ORIENTED_EDGE('',*,*,#4531,.T.);
#3979=ORIENTED_EDGE('',*,*,#4927,.F.);
#3980=ORIENTED_EDGE('',*,*,#4928,.T.);
#3981=ORIENTED_EDGE('',*,*,#4925,.T.);
#3982=ORIENTED_EDGE('',*,*,#4530,.T.);
#3983=ORIENTED_EDGE('',*,*,#4929,.F.);
#3984=ORIENTED_EDGE('',*,*,#4930,.T.);
#3985=ORIENTED_EDGE('',*,*,#4927,.T.);
#3986=ORIENTED_EDGE('',*,*,#4529,.T.);
#3987=ORIENTED_EDGE('',*,*,#4931,.F.);
#3988=ORIENTED_EDGE('',*,*,#4932,.T.);
#3989=ORIENTED_EDGE('',*,*,#4929,.T.);
#3990=ORIENTED_EDGE('',*,*,#4528,.T.);
#3991=ORIENTED_EDGE('',*,*,#4933,.F.);
#3992=ORIENTED_EDGE('',*,*,#4934,.T.);
#3993=ORIENTED_EDGE('',*,*,#4931,.T.);
#3994=ORIENTED_EDGE('',*,*,#4527,.T.);
#3995=ORIENTED_EDGE('',*,*,#4908,.F.);
#3996=ORIENTED_EDGE('',*,*,#4935,.T.);
#3997=ORIENTED_EDGE('',*,*,#4933,.T.);
#3998=ORIENTED_EDGE('',*,*,#4907,.F.);
#3999=ORIENTED_EDGE('',*,*,#4910,.F.);
#4000=ORIENTED_EDGE('',*,*,#4912,.F.);
#4001=ORIENTED_EDGE('',*,*,#4914,.F.);
#4002=ORIENTED_EDGE('',*,*,#4916,.F.);
#4003=ORIENTED_EDGE('',*,*,#4918,.F.);
#4004=ORIENTED_EDGE('',*,*,#4920,.F.);
#4005=ORIENTED_EDGE('',*,*,#4922,.F.);
#4006=ORIENTED_EDGE('',*,*,#4924,.F.);
#4007=ORIENTED_EDGE('',*,*,#4926,.F.);
#4008=ORIENTED_EDGE('',*,*,#4928,.F.);
#4009=ORIENTED_EDGE('',*,*,#4930,.F.);
#4010=ORIENTED_EDGE('',*,*,#4932,.F.);
#4011=ORIENTED_EDGE('',*,*,#4934,.F.);
#4012=ORIENTED_EDGE('',*,*,#4935,.F.);
#4013=ORIENTED_EDGE('',*,*,#4715,.F.);
#4014=ORIENTED_EDGE('',*,*,#4711,.F.);
#4015=ORIENTED_EDGE('',*,*,#4742,.F.);
#4016=ORIENTED_EDGE('',*,*,#4748,.F.);
#4017=ORIENTED_EDGE('',*,*,#4744,.F.);
#4018=ORIENTED_EDGE('',*,*,#4775,.F.);
#4019=ORIENTED_EDGE('',*,*,#4857,.F.);
#4020=ORIENTED_EDGE('',*,*,#4853,.F.);
#4021=ORIENTED_EDGE('',*,*,#4872,.F.);
#4022=ORIENTED_EDGE('',*,*,#4936,.F.);
#4023=ORIENTED_EDGE('',*,*,#4937,.T.);
#4024=ORIENTED_EDGE('',*,*,#4936,.T.);
#4025=ORIENTED_EDGE('',*,*,#4937,.F.);
#4026=ORIENTED_EDGE('',*,*,#4938,.F.);
#4027=ORIENTED_EDGE('',*,*,#4939,.T.);
#4028=ORIENTED_EDGE('',*,*,#4938,.T.);
#4029=ORIENTED_EDGE('',*,*,#4939,.F.);
#4030=ORIENTED_EDGE('',*,*,#4940,.F.);
#4031=ORIENTED_EDGE('',*,*,#4941,.T.);
#4032=ORIENTED_EDGE('',*,*,#4940,.T.);
#4033=ORIENTED_EDGE('',*,*,#4941,.F.);
#4034=ORIENTED_EDGE('',*,*,#4942,.F.);
#4035=ORIENTED_EDGE('',*,*,#4943,.T.);
#4036=ORIENTED_EDGE('',*,*,#4942,.T.);
#4037=ORIENTED_EDGE('',*,*,#4943,.F.);
#4038=ORIENTED_EDGE('',*,*,#4944,.F.);
#4039=ORIENTED_EDGE('',*,*,#4945,.T.);
#4040=ORIENTED_EDGE('',*,*,#4944,.T.);
#4041=ORIENTED_EDGE('',*,*,#4945,.F.);
#4042=ORIENTED_EDGE('',*,*,#4946,.F.);
#4043=ORIENTED_EDGE('',*,*,#4947,.T.);
#4044=ORIENTED_EDGE('',*,*,#4946,.T.);
#4045=ORIENTED_EDGE('',*,*,#4947,.F.);
#4046=ORIENTED_EDGE('',*,*,#4948,.F.);
#4047=ORIENTED_EDGE('',*,*,#4949,.T.);
#4048=ORIENTED_EDGE('',*,*,#4948,.T.);
#4049=ORIENTED_EDGE('',*,*,#4949,.F.);
#4050=ORIENTED_EDGE('',*,*,#4950,.T.);
#4051=ORIENTED_EDGE('',*,*,#4951,.T.);
#4052=ORIENTED_EDGE('',*,*,#4952,.F.);
#4053=ORIENTED_EDGE('',*,*,#4953,.F.);
#4054=ORIENTED_EDGE('',*,*,#4952,.T.);
#4055=ORIENTED_EDGE('',*,*,#4954,.T.);
#4056=ORIENTED_EDGE('',*,*,#4955,.F.);
#4057=ORIENTED_EDGE('',*,*,#4956,.F.);
#4058=ORIENTED_EDGE('',*,*,#4957,.T.);
#4059=ORIENTED_EDGE('',*,*,#4958,.F.);
#4060=ORIENTED_EDGE('',*,*,#4959,.F.);
#4061=ORIENTED_EDGE('',*,*,#4960,.F.);
#4062=ORIENTED_EDGE('',*,*,#4961,.T.);
#4063=ORIENTED_EDGE('',*,*,#4962,.F.);
#4064=ORIENTED_EDGE('',*,*,#4963,.F.);
#4065=ORIENTED_EDGE('',*,*,#4959,.T.);
#4066=ORIENTED_EDGE('',*,*,#4962,.T.);
#4067=ORIENTED_EDGE('',*,*,#4964,.F.);
#4068=ORIENTED_EDGE('',*,*,#4965,.F.);
#4069=ORIENTED_EDGE('',*,*,#4966,.F.);
#4070=ORIENTED_EDGE('',*,*,#4967,.T.);
#4071=ORIENTED_EDGE('',*,*,#4968,.T.);
#4072=ORIENTED_EDGE('',*,*,#4950,.F.);
#4073=ORIENTED_EDGE('',*,*,#4969,.F.);
#4074=ORIENTED_EDGE('',*,*,#4953,.T.);
#4075=ORIENTED_EDGE('',*,*,#4960,.T.);
#4076=ORIENTED_EDGE('',*,*,#4963,.T.);
#4077=ORIENTED_EDGE('',*,*,#4969,.T.);
#4078=ORIENTED_EDGE('',*,*,#4961,.F.);
#4079=ORIENTED_EDGE('',*,*,#4958,.T.);
#4080=ORIENTED_EDGE('',*,*,#4970,.F.);
#4081=ORIENTED_EDGE('',*,*,#4964,.T.);
#4082=ORIENTED_EDGE('',*,*,#4971,.T.);
#4083=ORIENTED_EDGE('',*,*,#4967,.F.);
#4084=ORIENTED_EDGE('',*,*,#4972,.F.);
#4085=ORIENTED_EDGE('',*,*,#4955,.T.);
#4086=ORIENTED_EDGE('',*,*,#4951,.F.);
#4087=ORIENTED_EDGE('',*,*,#4968,.F.);
#4088=ORIENTED_EDGE('',*,*,#4971,.F.);
#4089=ORIENTED_EDGE('',*,*,#4954,.F.);
#4090=ORIENTED_EDGE('',*,*,#4970,.T.);
#4091=ORIENTED_EDGE('',*,*,#4957,.F.);
#4092=ORIENTED_EDGE('',*,*,#4973,.F.);
#4093=ORIENTED_EDGE('',*,*,#4965,.T.);
#4094=ORIENTED_EDGE('',*,*,#4973,.T.);
#4095=ORIENTED_EDGE('',*,*,#4956,.T.);
#4096=ORIENTED_EDGE('',*,*,#4972,.T.);
#4097=ORIENTED_EDGE('',*,*,#4966,.T.);
#4098=VERTEX_POINT('',#6368);
#4099=VERTEX_POINT('',#6369);
#4100=VERTEX_POINT('',#6371);
#4101=VERTEX_POINT('',#6373);
#4102=VERTEX_POINT('',#6375);
#4103=VERTEX_POINT('',#6377);
#4104=VERTEX_POINT('',#6379);
#4105=VERTEX_POINT('',#6381);
#4106=VERTEX_POINT('',#6383);
#4107=VERTEX_POINT('',#6385);
#4108=VERTEX_POINT('',#6387);
#4109=VERTEX_POINT('',#6389);
#4110=VERTEX_POINT('',#6391);
#4111=VERTEX_POINT('',#6393);
#4112=VERTEX_POINT('',#6397);
#4113=VERTEX_POINT('',#6398);
#4114=VERTEX_POINT('',#6401);
#4115=VERTEX_POINT('',#6403);
#4116=VERTEX_POINT('',#6408);
#4117=VERTEX_POINT('',#6410);
#4118=VERTEX_POINT('',#6414);
#4119=VERTEX_POINT('',#6419);
#4120=VERTEX_POINT('',#6427);
#4121=VERTEX_POINT('',#6429);
#4122=VERTEX_POINT('',#6433);
#4123=VERTEX_POINT('',#6437);
#4124=VERTEX_POINT('',#6445);
#4125=VERTEX_POINT('',#6449);
#4126=VERTEX_POINT('',#6456);
#4127=VERTEX_POINT('',#6458);
#4128=VERTEX_POINT('',#6463);
#4129=VERTEX_POINT('',#6465);
#4130=VERTEX_POINT('',#6470);
#4131=VERTEX_POINT('',#6472);
#4132=VERTEX_POINT('',#6477);
#4133=VERTEX_POINT('',#6479);
#4134=VERTEX_POINT('',#6484);
#4135=VERTEX_POINT('',#6486);
#4136=VERTEX_POINT('',#6491);
#4137=VERTEX_POINT('',#6493);
#4138=VERTEX_POINT('',#6498);
#4139=VERTEX_POINT('',#6500);
#4140=VERTEX_POINT('',#6505);
#4141=VERTEX_POINT('',#6507);
#4142=VERTEX_POINT('',#6512);
#4143=VERTEX_POINT('',#6514);
#4144=VERTEX_POINT('',#6519);
#4145=VERTEX_POINT('',#6521);
#4146=VERTEX_POINT('',#6526);
#4147=VERTEX_POINT('',#6528);
#4148=VERTEX_POINT('',#6533);
#4149=VERTEX_POINT('',#6535);
#4150=VERTEX_POINT('',#6540);
#4151=VERTEX_POINT('',#6542);
#4152=VERTEX_POINT('',#6552);
#4153=VERTEX_POINT('',#6553);
#4154=VERTEX_POINT('',#6558);
#4155=VERTEX_POINT('',#6563);
#4156=VERTEX_POINT('',#6568);
#4157=VERTEX_POINT('',#6577);
#4158=VERTEX_POINT('',#6586);
#4159=VERTEX_POINT('',#6591);
#4160=VERTEX_POINT('',#6596);
#4161=VERTEX_POINT('',#6609);
#4162=VERTEX_POINT('',#6614);
#4163=VERTEX_POINT('',#6619);
#4164=VERTEX_POINT('',#6624);
#4165=VERTEX_POINT('',#6631);
#4166=VERTEX_POINT('',#6636);
#4167=VERTEX_POINT('',#6645);
#4168=VERTEX_POINT('',#6646);
#4169=VERTEX_POINT('',#6651);
#4170=VERTEX_POINT('',#6658);
#4171=VERTEX_POINT('',#6663);
#4172=VERTEX_POINT('',#6668);
#4173=VERTEX_POINT('',#6673);
#4174=VERTEX_POINT('',#6682);
#4175=VERTEX_POINT('',#6693);
#4176=VERTEX_POINT('',#6698);
#4177=VERTEX_POINT('',#6705);
#4178=VERTEX_POINT('',#6710);
#4179=VERTEX_POINT('',#6727);
#4180=VERTEX_POINT('',#6734);
#4181=VERTEX_POINT('',#6739);
#4182=VERTEX_POINT('',#6750);
#4183=VERTEX_POINT('',#6769);
#4184=VERTEX_POINT('',#6770);
#4185=VERTEX_POINT('',#6775);
#4186=VERTEX_POINT('',#6794);
#4187=VERTEX_POINT('',#6799);
#4188=VERTEX_POINT('',#6804);
#4189=VERTEX_POINT('',#6819);
#4190=VERTEX_POINT('',#6820);
#4191=VERTEX_POINT('',#6825);
#4192=VERTEX_POINT('',#6830);
#4193=VERTEX_POINT('',#6845);
#4194=VERTEX_POINT('',#6852);
#4195=VERTEX_POINT('',#6857);
#4196=VERTEX_POINT('',#6862);
#4197=VERTEX_POINT('',#6871);
#4198=VERTEX_POINT('',#6876);
#4199=VERTEX_POINT('',#6887);
#4200=VERTEX_POINT('',#6892);
#4201=VERTEX_POINT('',#6921);
#4202=VERTEX_POINT('',#6922);
#4203=VERTEX_POINT('',#6927);
#4204=VERTEX_POINT('',#6934);
#4205=VERTEX_POINT('',#6939);
#4206=VERTEX_POINT('',#6966);
#4207=VERTEX_POINT('',#6973);
#4208=VERTEX_POINT('',#6982);
#4209=VERTEX_POINT('',#6983);
#4210=VERTEX_POINT('',#6988);
#4211=VERTEX_POINT('',#6995);
#4212=VERTEX_POINT('',#7002);
#4213=VERTEX_POINT('',#7011);
#4214=VERTEX_POINT('',#7016);
#4215=VERTEX_POINT('',#7021);
#4216=VERTEX_POINT('',#7028);
#4217=VERTEX_POINT('',#7033);
#4218=VERTEX_POINT('',#7038);
#4219=VERTEX_POINT('',#7047);
#4220=VERTEX_POINT('',#7058);
#4221=VERTEX_POINT('',#7063);
#4222=VERTEX_POINT('',#7070);
#4223=VERTEX_POINT('',#7075);
#4224=VERTEX_POINT('',#7081);
#4225=VERTEX_POINT('',#7082);
#4226=VERTEX_POINT('',#7084);
#4227=VERTEX_POINT('',#7086);
#4228=VERTEX_POINT('',#7098);
#4229=VERTEX_POINT('',#7099);
#4230=VERTEX_POINT('',#7104);
#4231=VERTEX_POINT('',#7109);
#4232=VERTEX_POINT('',#7124);
#4233=VERTEX_POINT('',#7131);
#4234=VERTEX_POINT('',#7136);
#4235=VERTEX_POINT('',#7141);
#4236=VERTEX_POINT('',#7150);
#4237=VERTEX_POINT('',#7155);
#4238=VERTEX_POINT('',#7166);
#4239=VERTEX_POINT('',#7171);
#4240=VERTEX_POINT('',#7182);
#4241=VERTEX_POINT('',#7183);
#4242=VERTEX_POINT('',#7188);
#4243=VERTEX_POINT('',#7193);
#4244=VERTEX_POINT('',#7198);
#4245=VERTEX_POINT('',#7207);
#4246=VERTEX_POINT('',#7216);
#4247=VERTEX_POINT('',#7221);
#4248=VERTEX_POINT('',#7226);
#4249=VERTEX_POINT('',#7239);
#4250=VERTEX_POINT('',#7244);
#4251=VERTEX_POINT('',#7249);
#4252=VERTEX_POINT('',#7254);
#4253=VERTEX_POINT('',#7261);
#4254=VERTEX_POINT('',#7266);
#4255=VERTEX_POINT('',#7281);
#4256=VERTEX_POINT('',#7282);
#4257=VERTEX_POINT('',#7287);
#4258=VERTEX_POINT('',#7292);
#4259=VERTEX_POINT('',#7297);
#4260=VERTEX_POINT('',#7302);
#4261=VERTEX_POINT('',#7311);
#4262=VERTEX_POINT('',#7316);
#4263=VERTEX_POINT('',#7321);
#4264=VERTEX_POINT('',#7326);
#4265=VERTEX_POINT('',#7341);
#4266=VERTEX_POINT('',#7346);
#4267=VERTEX_POINT('',#7351);
#4268=VERTEX_POINT('',#7356);
#4269=VERTEX_POINT('',#7363);
#4270=VERTEX_POINT('',#7368);
#4271=VERTEX_POINT('',#7377);
#4272=VERTEX_POINT('',#7378);
#4273=VERTEX_POINT('',#7383);
#4274=VERTEX_POINT('',#7408);
#4275=VERTEX_POINT('',#7413);
#4276=VERTEX_POINT('',#7418);
#4277=VERTEX_POINT('',#7427);
#4278=VERTEX_POINT('',#7448);
#4279=VERTEX_POINT('',#7449);
#4280=VERTEX_POINT('',#7451);
#4281=VERTEX_POINT('',#7453);
#4282=VERTEX_POINT('',#7457);
#4283=VERTEX_POINT('',#7459);
#4284=VERTEX_POINT('',#7466);
#4285=VERTEX_POINT('',#7468);
#4286=VERTEX_POINT('',#7477);
#4287=VERTEX_POINT('',#7482);
#4288=VERTEX_POINT('',#7486);
#4289=VERTEX_POINT('',#7496);
#4290=VERTEX_POINT('',#7506);
#4291=VERTEX_POINT('',#7516);
#4292=VERTEX_POINT('',#7530);
#4293=VERTEX_POINT('',#7537);
#4294=VERTEX_POINT('',#7559);
#4295=VERTEX_POINT('',#7577);
#4296=VERTEX_POINT('',#7587);
#4297=VERTEX_POINT('',#7594);
#4298=VERTEX_POINT('',#7608);
#4299=VERTEX_POINT('',#7615);
#4300=VERTEX_POINT('',#7625);
#4301=VERTEX_POINT('',#7643);
#4302=VERTEX_POINT('',#7670);
#4303=VERTEX_POINT('',#7695);
#4304=VERTEX_POINT('',#7725);
#4305=VERTEX_POINT('',#7737);
#4306=VERTEX_POINT('',#7749);
#4307=VERTEX_POINT('',#7778);
#4308=VERTEX_POINT('',#7812);
#4309=VERTEX_POINT('',#7830);
#4310=VERTEX_POINT('',#7831);
#4311=VERTEX_POINT('',#7833);
#4312=VERTEX_POINT('',#7838);
#4313=VERTEX_POINT('',#7852);
#4314=VERTEX_POINT('',#7854);
#4315=VERTEX_POINT('',#7872);
#4316=VERTEX_POINT('',#7877);
#4317=VERTEX_POINT('',#7881);
#4318=VERTEX_POINT('',#7903);
#4319=VERTEX_POINT('',#7910);
#4320=VERTEX_POINT('',#7920);
#4321=VERTEX_POINT('',#7942);
#4322=VERTEX_POINT('',#7952);
#4323=VERTEX_POINT('',#7970);
#4324=VERTEX_POINT('',#7980);
#4325=VERTEX_POINT('',#7987);
#4326=VERTEX_POINT('',#8001);
#4327=VERTEX_POINT('',#8073);
#4328=VERTEX_POINT('',#8074);
#4329=VERTEX_POINT('',#8076);
#4330=VERTEX_POINT('',#8081);
#4331=VERTEX_POINT('',#8095);
#4332=VERTEX_POINT('',#8097);
#4333=VERTEX_POINT('',#8115);
#4334=VERTEX_POINT('',#8120);
#4335=VERTEX_POINT('',#8124);
#4336=VERTEX_POINT('',#8146);
#4337=VERTEX_POINT('',#8153);
#4338=VERTEX_POINT('',#8163);
#4339=VERTEX_POINT('',#8185);
#4340=VERTEX_POINT('',#8195);
#4341=VERTEX_POINT('',#8213);
#4342=VERTEX_POINT('',#8223);
#4343=VERTEX_POINT('',#8230);
#4344=VERTEX_POINT('',#8244);
#4345=VERTEX_POINT('',#8313);
#4346=VERTEX_POINT('',#8318);
#4347=VERTEX_POINT('',#8322);
#4348=VERTEX_POINT('',#8336);
#4349=VERTEX_POINT('',#8346);
#4350=VERTEX_POINT('',#8353);
#4351=VERTEX_POINT('',#8367);
#4352=VERTEX_POINT('',#8374);
#4353=VERTEX_POINT('',#8384);
#4354=VERTEX_POINT('',#8391);
#4355=VERTEX_POINT('',#8417);
#4356=VERTEX_POINT('',#8427);
#4357=VERTEX_POINT('',#8434);
#4358=VERTEX_POINT('',#8452);
#4359=VERTEX_POINT('',#8470);
#4360=VERTEX_POINT('',#8489);
#4361=VERTEX_POINT('',#8494);
#4362=VERTEX_POINT('',#8498);
#4363=VERTEX_POINT('',#8520);
#4364=VERTEX_POINT('',#8530);
#4365=VERTEX_POINT('',#8537);
#4366=VERTEX_POINT('',#8551);
#4367=VERTEX_POINT('',#8558);
#4368=VERTEX_POINT('',#8568);
#4369=VERTEX_POINT('',#8578);
#4370=VERTEX_POINT('',#8608);
#4371=VERTEX_POINT('',#8618);
#4372=VERTEX_POINT('',#8625);
#4373=VERTEX_POINT('',#8635);
#4374=VERTEX_POINT('',#8653);
#4375=VERTEX_POINT('',#8663);
#4376=VERTEX_POINT('',#8679);
#4377=VERTEX_POINT('',#8684);
#4378=VERTEX_POINT('',#8688);
#4379=VERTEX_POINT('',#8698);
#4380=VERTEX_POINT('',#8736);
#4381=VERTEX_POINT('',#8754);
#4382=VERTEX_POINT('',#8761);
#4383=VERTEX_POINT('',#8823);
#4384=VERTEX_POINT('',#8824);
#4385=VERTEX_POINT('',#8826);
#4386=VERTEX_POINT('',#8831);
#4387=VERTEX_POINT('',#8847);
#4388=VERTEX_POINT('',#8849);
#4389=VERTEX_POINT('',#8871);
#4390=VERTEX_POINT('',#8876);
#4391=VERTEX_POINT('',#8880);
#4392=VERTEX_POINT('',#8906);
#4393=VERTEX_POINT('',#8916);
#4394=VERTEX_POINT('',#8926);
#4395=VERTEX_POINT('',#8985);
#4396=VERTEX_POINT('',#8990);
#4397=VERTEX_POINT('',#8994);
#4398=VERTEX_POINT('',#9004);
#4399=VERTEX_POINT('',#9018);
#4400=VERTEX_POINT('',#9040);
#4401=VERTEX_POINT('',#9047);
#4402=VERTEX_POINT('',#9061);
#4403=VERTEX_POINT('',#9095);
#4404=VERTEX_POINT('',#9102);
#4405=VERTEX_POINT('',#9116);
#4406=VERTEX_POINT('',#9123);
#4407=VERTEX_POINT('',#9145);
#4408=VERTEX_POINT('',#9163);
#4409=VERTEX_POINT('',#9173);
#4410=VERTEX_POINT('',#9183);
#4411=VERTEX_POINT('',#9203);
#4412=VERTEX_POINT('',#9208);
#4413=VERTEX_POINT('',#9212);
#4414=VERTEX_POINT('',#9226);
#4415=VERTEX_POINT('',#9236);
#4416=VERTEX_POINT('',#9243);
#4417=VERTEX_POINT('',#9257);
#4418=VERTEX_POINT('',#9264);
#4419=VERTEX_POINT('',#9274);
#4420=VERTEX_POINT('',#9281);
#4421=VERTEX_POINT('',#9307);
#4422=VERTEX_POINT('',#9317);
#4423=VERTEX_POINT('',#9324);
#4424=VERTEX_POINT('',#9342);
#4425=VERTEX_POINT('',#9360);
#4426=VERTEX_POINT('',#9382);
#4427=VERTEX_POINT('',#9384);
#4428=VERTEX_POINT('',#9389);
#4429=VERTEX_POINT('',#9391);
#4430=VERTEX_POINT('',#9396);
#4431=VERTEX_POINT('',#9398);
#4432=VERTEX_POINT('',#9403);
#4433=VERTEX_POINT('',#9405);
#4434=VERTEX_POINT('',#9410);
#4435=VERTEX_POINT('',#9412);
#4436=VERTEX_POINT('',#9417);
#4437=VERTEX_POINT('',#9419);
#4438=VERTEX_POINT('',#9424);
#4439=VERTEX_POINT('',#9426);
#4440=VERTEX_POINT('',#9431);
#4441=VERTEX_POINT('',#9432);
#4442=VERTEX_POINT('',#9434);
#4443=VERTEX_POINT('',#9436);
#4444=VERTEX_POINT('',#9440);
#4445=VERTEX_POINT('',#9442);
#4446=VERTEX_POINT('',#9444);
#4447=VERTEX_POINT('',#9446);
#4448=VERTEX_POINT('',#9448);
#4449=VERTEX_POINT('',#9450);
#4450=VERTEX_POINT('',#9454);
#4451=VERTEX_POINT('',#9456);
#4452=VERTEX_POINT('',#9460);
#4453=VERTEX_POINT('',#9462);
#4454=VERTEX_POINT('',#9464);
#4455=VERTEX_POINT('',#9466);
#4456=EDGE_CURVE('',#4098,#4099,#4974,.T.);
#4457=EDGE_CURVE('',#4100,#4098,#4975,.T.);
#4458=EDGE_CURVE('',#4101,#4100,#4976,.T.);
#4459=EDGE_CURVE('',#4102,#4101,#4977,.T.);
#4460=EDGE_CURVE('',#4103,#4102,#4978,.T.);
#4461=EDGE_CURVE('',#4104,#4103,#4979,.T.);
#4462=EDGE_CURVE('',#4104,#4105,#4980,.T.);
#4463=EDGE_CURVE('',#4106,#4105,#4981,.T.);
#4464=EDGE_CURVE('',#4107,#4106,#4982,.T.);
#4465=EDGE_CURVE('',#4108,#4107,#4983,.T.);
#4466=EDGE_CURVE('',#4108,#4109,#4984,.T.);
#4467=EDGE_CURVE('',#4109,#4110,#4985,.T.);
#4468=EDGE_CURVE('',#4111,#4110,#4986,.T.);
#4469=EDGE_CURVE('',#4099,#4111,#4987,.T.);
#4470=EDGE_CURVE('',#4112,#4113,#4988,.T.);
#4471=EDGE_CURVE('',#4112,#4099,#4989,.T.);
#4472=EDGE_CURVE('',#4111,#4114,#4990,.T.);
#4473=EDGE_CURVE('',#4114,#4115,#4991,.T.);
#4474=EDGE_CURVE('',#4115,#4102,#4992,.T.);
#4475=EDGE_CURVE('',#4113,#4101,#4993,.T.);
#4476=EDGE_CURVE('',#4110,#4116,#4994,.T.);
#4477=EDGE_CURVE('',#4117,#4109,#2172,.T.);
#4478=EDGE_CURVE('',#4116,#4117,#4995,.T.);
#4479=EDGE_CURVE('',#4118,#4115,#4996,.T.);
#4480=EDGE_CURVE('',#4103,#4118,#4997,.T.);
#4481=EDGE_CURVE('',#4114,#4116,#4998,.T.);
#4482=EDGE_CURVE('',#4119,#4117,#4999,.T.);
#4483=EDGE_CURVE('',#4118,#4119,#5000,.T.);
#4484=EDGE_CURVE('',#4105,#4108,#5001,.T.);
#4485=EDGE_CURVE('',#4119,#4104,#2173,.T.);
#4486=EDGE_CURVE('',#4106,#4120,#5002,.T.);
#4487=EDGE_CURVE('',#4120,#4121,#5003,.T.);
#4488=EDGE_CURVE('',#4107,#4121,#5004,.T.);
#4489=EDGE_CURVE('',#4105,#4122,#5005,.T.);
#4490=EDGE_CURVE('',#4122,#4120,#5006,.T.);
#4491=EDGE_CURVE('',#4108,#4123,#5007,.T.);
#4492=EDGE_CURVE('',#4123,#4122,#5008,.T.);
#4493=EDGE_CURVE('',#4121,#4123,#5009,.T.);
#4494=EDGE_CURVE('',#4100,#4124,#5010,.T.);
#4495=EDGE_CURVE('',#4124,#4113,#5011,.T.);
#4496=EDGE_CURVE('',#4098,#4125,#5012,.T.);
#4497=EDGE_CURVE('',#4125,#4124,#5013,.T.);
#4498=EDGE_CURVE('',#4112,#4125,#5014,.T.);
#4499=EDGE_CURVE('',#4126,#4126,#2174,.T.);
#4500=EDGE_CURVE('',#4127,#4127,#2175,.T.);
#4501=EDGE_CURVE('',#4128,#4128,#2176,.T.);
#4502=EDGE_CURVE('',#4129,#4129,#2177,.T.);
#4503=EDGE_CURVE('',#4130,#4130,#2178,.T.);
#4504=EDGE_CURVE('',#4131,#4131,#2179,.T.);
#4505=EDGE_CURVE('',#4132,#4132,#2180,.T.);
#4506=EDGE_CURVE('',#4133,#4133,#2181,.T.);
#4507=EDGE_CURVE('',#4134,#4134,#2182,.T.);
#4508=EDGE_CURVE('',#4135,#4135,#2183,.T.);
#4509=EDGE_CURVE('',#4136,#4136,#2184,.T.);
#4510=EDGE_CURVE('',#4137,#4137,#2185,.T.);
#4511=EDGE_CURVE('',#4138,#4138,#2186,.T.);
#4512=EDGE_CURVE('',#4139,#4139,#2187,.T.);
#4513=EDGE_CURVE('',#4140,#4140,#2188,.T.);
#4514=EDGE_CURVE('',#4141,#4141,#2189,.T.);
#4515=EDGE_CURVE('',#4142,#4142,#2190,.T.);
#4516=EDGE_CURVE('',#4143,#4143,#2191,.T.);
#4517=EDGE_CURVE('',#4144,#4144,#2192,.T.);
#4518=EDGE_CURVE('',#4145,#4145,#2193,.T.);
#4519=EDGE_CURVE('',#4146,#4146,#2194,.T.);
#4520=EDGE_CURVE('',#4147,#4147,#2195,.T.);
#4521=EDGE_CURVE('',#4148,#4148,#2196,.T.);
#4522=EDGE_CURVE('',#4149,#4149,#2197,.T.);
#4523=EDGE_CURVE('',#4150,#4150,#2198,.T.);
#4524=EDGE_CURVE('',#4151,#4151,#2199,.T.);
#4525=EDGE_CURVE('',#4152,#4153,#119,.T.);
#4526=EDGE_CURVE('',#4154,#4152,#120,.T.);
#4527=EDGE_CURVE('',#4155,#4154,#121,.T.);
#4528=EDGE_CURVE('',#4156,#4155,#122,.T.);
#4529=EDGE_CURVE('',#4157,#4156,#123,.T.);
#4530=EDGE_CURVE('',#4158,#4157,#124,.T.);
#4531=EDGE_CURVE('',#4159,#4158,#125,.T.);
#4532=EDGE_CURVE('',#4160,#4159,#126,.T.);
#4533=EDGE_CURVE('',#4161,#4160,#127,.T.);
#4534=EDGE_CURVE('',#4162,#4161,#128,.T.);
#4535=EDGE_CURVE('',#4163,#4162,#129,.T.);
#4536=EDGE_CURVE('',#4164,#4163,#130,.T.);
#4537=EDGE_CURVE('',#4165,#4164,#131,.T.);
#4538=EDGE_CURVE('',#4166,#4165,#132,.T.);
#4539=EDGE_CURVE('',#4153,#4166,#133,.T.);
#4540=EDGE_CURVE('',#4167,#4168,#134,.T.);
#4541=EDGE_CURVE('',#4169,#4167,#135,.T.);
#4542=EDGE_CURVE('',#4170,#4169,#136,.T.);
#4543=EDGE_CURVE('',#4171,#4170,#137,.T.);
#4544=EDGE_CURVE('',#4172,#4171,#138,.T.);
#4545=EDGE_CURVE('',#4173,#4172,#139,.T.);
#4546=EDGE_CURVE('',#4174,#4173,#140,.T.);
#4547=EDGE_CURVE('',#4175,#4174,#141,.T.);
#4548=EDGE_CURVE('',#4176,#4175,#142,.T.);
#4549=EDGE_CURVE('',#4177,#4176,#143,.T.);
#4550=EDGE_CURVE('',#4178,#4177,#144,.T.);
#4551=EDGE_CURVE('',#4179,#4178,#145,.T.);
#4552=EDGE_CURVE('',#4180,#4179,#146,.T.);
#4553=EDGE_CURVE('',#4181,#4180,#147,.T.);
#4554=EDGE_CURVE('',#4182,#4181,#148,.T.);
#4555=EDGE_CURVE('',#4168,#4182,#149,.T.);
#4556=EDGE_CURVE('',#4183,#4184,#150,.T.);
#4557=EDGE_CURVE('',#4185,#4183,#151,.T.);
#4558=EDGE_CURVE('',#4186,#4185,#152,.T.);
#4559=EDGE_CURVE('',#4187,#4186,#153,.T.);
#4560=EDGE_CURVE('',#4188,#4187,#154,.T.);
#4561=EDGE_CURVE('',#4184,#4188,#155,.T.);
#4562=EDGE_CURVE('',#4189,#4190,#156,.T.);
#4563=EDGE_CURVE('',#4191,#4189,#157,.T.);
#4564=EDGE_CURVE('',#4192,#4191,#158,.T.);
#4565=EDGE_CURVE('',#4193,#4192,#159,.T.);
#4566=EDGE_CURVE('',#4194,#4193,#160,.T.);
#4567=EDGE_CURVE('',#4195,#4194,#161,.T.);
#4568=EDGE_CURVE('',#4196,#4195,#162,.T.);
#4569=EDGE_CURVE('',#4197,#4196,#163,.T.);
#4570=EDGE_CURVE('',#4198,#4197,#164,.T.);
#4571=EDGE_CURVE('',#4199,#4198,#165,.T.);
#4572=EDGE_CURVE('',#4200,#4199,#166,.T.);
#4573=EDGE_CURVE('',#4190,#4200,#167,.T.);
#4574=EDGE_CURVE('',#4201,#4202,#168,.T.);
#4575=EDGE_CURVE('',#4202,#4203,#169,.T.);
#4576=EDGE_CURVE('',#4203,#4204,#170,.T.);
#4577=EDGE_CURVE('',#4204,#4205,#171,.T.);
#4578=EDGE_CURVE('',#4205,#4206,#172,.T.);
#4579=EDGE_CURVE('',#4206,#4207,#173,.T.);
#4580=EDGE_CURVE('',#4207,#4201,#174,.T.);
#4581=EDGE_CURVE('',#4208,#4209,#175,.T.);
#4582=EDGE_CURVE('',#4210,#4208,#176,.T.);
#4583=EDGE_CURVE('',#4211,#4210,#177,.T.);
#4584=EDGE_CURVE('',#4212,#4211,#178,.T.);
#4585=EDGE_CURVE('',#4213,#4212,#179,.T.);
#4586=EDGE_CURVE('',#4214,#4213,#180,.T.);
#4587=EDGE_CURVE('',#4215,#4214,#181,.T.);
#4588=EDGE_CURVE('',#4216,#4215,#182,.T.);
#4589=EDGE_CURVE('',#4217,#4216,#183,.T.);
#4590=EDGE_CURVE('',#4218,#4217,#184,.T.);
#4591=EDGE_CURVE('',#4219,#4218,#185,.T.);
#4592=EDGE_CURVE('',#4220,#4219,#186,.T.);
#4593=EDGE_CURVE('',#4221,#4220,#187,.T.);
#4594=EDGE_CURVE('',#4222,#4221,#188,.T.);
#4595=EDGE_CURVE('',#4223,#4222,#189,.T.);
#4596=EDGE_CURVE('',#4209,#4223,#190,.T.);
#4597=EDGE_CURVE('',#4224,#4225,#5015,.T.);
#4598=EDGE_CURVE('',#4226,#4225,#5016,.T.);
#4599=EDGE_CURVE('',#4227,#4226,#5017,.T.);
#4600=EDGE_CURVE('',#4227,#4224,#5018,.T.);
#4601=EDGE_CURVE('',#4228,#4229,#191,.T.);
#4602=EDGE_CURVE('',#4230,#4228,#192,.T.);
#4603=EDGE_CURVE('',#4231,#4230,#193,.T.);
#4604=EDGE_CURVE('',#4232,#4231,#194,.T.);
#4605=EDGE_CURVE('',#4233,#4232,#195,.T.);
#4606=EDGE_CURVE('',#4234,#4233,#196,.T.);
#4607=EDGE_CURVE('',#4235,#4234,#197,.T.);
#4608=EDGE_CURVE('',#4236,#4235,#198,.T.);
#4609=EDGE_CURVE('',#4237,#4236,#199,.T.);
#4610=EDGE_CURVE('',#4238,#4237,#200,.T.);
#4611=EDGE_CURVE('',#4239,#4238,#201,.T.);
#4612=EDGE_CURVE('',#4229,#4239,#202,.T.);
#4613=EDGE_CURVE('',#4240,#4241,#203,.T.);
#4614=EDGE_CURVE('',#4242,#4240,#204,.T.);
#4615=EDGE_CURVE('',#4243,#4242,#205,.T.);
#4616=EDGE_CURVE('',#4244,#4243,#206,.T.);
#4617=EDGE_CURVE('',#4245,#4244,#207,.T.);
#4618=EDGE_CURVE('',#4246,#4245,#208,.T.);
#4619=EDGE_CURVE('',#4247,#4246,#209,.T.);
#4620=EDGE_CURVE('',#4248,#4247,#210,.T.);
#4621=EDGE_CURVE('',#4249,#4248,#211,.T.);
#4622=EDGE_CURVE('',#4250,#4249,#212,.T.);
#4623=EDGE_CURVE('',#4251,#4250,#213,.T.);
#4624=EDGE_CURVE('',#4252,#4251,#214,.T.);
#4625=EDGE_CURVE('',#4253,#4252,#215,.T.);
#4626=EDGE_CURVE('',#4254,#4253,#216,.T.);
#4627=EDGE_CURVE('',#4241,#4254,#217,.T.);
#4628=EDGE_CURVE('',#4255,#4256,#218,.T.);
#4629=EDGE_CURVE('',#4257,#4255,#219,.T.);
#4630=EDGE_CURVE('',#4258,#4257,#220,.T.);
#4631=EDGE_CURVE('',#4259,#4258,#221,.T.);
#4632=EDGE_CURVE('',#4260,#4259,#222,.T.);
#4633=EDGE_CURVE('',#4261,#4260,#223,.T.);
#4634=EDGE_CURVE('',#4262,#4261,#224,.T.);
#4635=EDGE_CURVE('',#4263,#4262,#225,.T.);
#4636=EDGE_CURVE('',#4264,#4263,#226,.T.);
#4637=EDGE_CURVE('',#4265,#4264,#227,.T.);
#4638=EDGE_CURVE('',#4266,#4265,#228,.T.);
#4639=EDGE_CURVE('',#4267,#4266,#229,.T.);
#4640=EDGE_CURVE('',#4268,#4267,#230,.T.);
#4641=EDGE_CURVE('',#4269,#4268,#231,.T.);
#4642=EDGE_CURVE('',#4270,#4269,#232,.T.);
#4643=EDGE_CURVE('',#4256,#4270,#233,.T.);
#4644=EDGE_CURVE('',#4271,#4272,#234,.T.);
#4645=EDGE_CURVE('',#4273,#4271,#235,.T.);
#4646=EDGE_CURVE('',#4274,#4273,#236,.T.);
#4647=EDGE_CURVE('',#4275,#4274,#237,.T.);
#4648=EDGE_CURVE('',#4276,#4275,#238,.T.);
#4649=EDGE_CURVE('',#4277,#4276,#239,.T.);
#4650=EDGE_CURVE('',#4272,#4277,#240,.T.);
#4651=EDGE_CURVE('',#4278,#4279,#5019,.T.);
#4652=EDGE_CURVE('',#4280,#4279,#5020,.T.);
#4653=EDGE_CURVE('',#4281,#4280,#5021,.T.);
#4654=EDGE_CURVE('',#4281,#4278,#5022,.T.);
#4655=EDGE_CURVE('',#4279,#4282,#5023,.T.);
#4656=EDGE_CURVE('',#4283,#4282,#5024,.T.);
#4657=EDGE_CURVE('',#4280,#4283,#5025,.T.);
#4658=EDGE_CURVE('',#4282,#4224,#5026,.T.);
#4659=EDGE_CURVE('',#4283,#4227,#5027,.T.);
#4660=EDGE_CURVE('',#4225,#4284,#5028,.T.);
#4661=EDGE_CURVE('',#4285,#4284,#5029,.T.);
#4662=EDGE_CURVE('',#4226,#4285,#5030,.T.);
#4663=EDGE_CURVE('',#4284,#4278,#5031,.T.);
#4664=EDGE_CURVE('',#4285,#4281,#5032,.T.);
#4665=EDGE_CURVE('',#4286,#4208,#5033,.T.);
#4666=EDGE_CURVE('',#4286,#4287,#241,.T.);
#4667=EDGE_CURVE('',#4287,#4210,#5034,.T.);
#4668=EDGE_CURVE('',#4288,#4209,#5035,.T.);
#4669=EDGE_CURVE('',#4288,#4286,#242,.T.);
#4670=EDGE_CURVE('',#4289,#4223,#5036,.T.);
#4671=EDGE_CURVE('',#4289,#4288,#244,.T.);
#4672=EDGE_CURVE('',#4290,#4222,#5037,.T.);
#4673=EDGE_CURVE('',#4290,#4289,#246,.T.);
#4674=EDGE_CURVE('',#4291,#4221,#5038,.T.);
#4675=EDGE_CURVE('',#4291,#4290,#248,.T.);
#4676=EDGE_CURVE('',#4292,#4220,#5039,.T.);
#4677=EDGE_CURVE('',#4292,#4291,#250,.T.);
#4678=EDGE_CURVE('',#4293,#4219,#5040,.T.);
#4679=EDGE_CURVE('',#4293,#4292,#251,.T.);
#4680=EDGE_CURVE('',#4294,#4218,#5041,.T.);
#4681=EDGE_CURVE('',#4294,#4293,#253,.T.);
#4682=EDGE_CURVE('',#4295,#4217,#5042,.T.);
#4683=EDGE_CURVE('',#4295,#4294,#255,.T.);
#4684=EDGE_CURVE('',#4296,#4216,#5043,.T.);
#4685=EDGE_CURVE('',#4296,#4295,#257,.T.);
#4686=EDGE_CURVE('',#4297,#4215,#5044,.T.);
#4687=EDGE_CURVE('',#4297,#4296,#258,.T.);
#4688=EDGE_CURVE('',#4298,#4214,#5045,.T.);
#4689=EDGE_CURVE('',#4298,#4297,#260,.T.);
#4690=EDGE_CURVE('',#4299,#4213,#5046,.T.);
#4691=EDGE_CURVE('',#4299,#4298,#261,.T.);
#4692=EDGE_CURVE('',#4300,#4212,#5047,.T.);
#4693=EDGE_CURVE('',#4300,#4299,#263,.T.);
#4694=EDGE_CURVE('',#4301,#4211,#5048,.T.);
#4695=EDGE_CURVE('',#4301,#4300,#265,.T.);
#4696=EDGE_CURVE('',#4287,#4301,#267,.T.);
#4697=EDGE_CURVE('',#4302,#4201,#5049,.T.);
#4698=EDGE_CURVE('',#4303,#4302,#269,.T.);
#4699=EDGE_CURVE('',#4303,#4202,#5050,.T.);
#4700=EDGE_CURVE('',#4304,#4303,#271,.T.);
#4701=EDGE_CURVE('',#4304,#4203,#5051,.T.);
#4702=EDGE_CURVE('',#4305,#4304,#273,.T.);
#4703=EDGE_CURVE('',#4305,#4204,#5052,.T.);
#4704=EDGE_CURVE('',#4306,#4305,#275,.T.);
#4705=EDGE_CURVE('',#4306,#4205,#5053,.T.);
#4706=EDGE_CURVE('',#4307,#4306,#276,.T.);
#4707=EDGE_CURVE('',#4307,#4206,#5054,.T.);
#4708=EDGE_CURVE('',#4308,#4307,#278,.T.);
#4709=EDGE_CURVE('',#4308,#4207,#5055,.T.);
#4710=EDGE_CURVE('',#4302,#4308,#280,.T.);
#4711=EDGE_CURVE('',#4309,#4310,#281,.T.);
#4712=EDGE_CURVE('',#4311,#4310,#5056,.T.);
#4713=EDGE_CURVE('',#4311,#4312,#282,.T.);
#4714=EDGE_CURVE('',#4312,#4309,#5057,.T.);
#4715=EDGE_CURVE('',#4310,#4313,#284,.T.);
#4716=EDGE_CURVE('',#4314,#4313,#5058,.T.);
#4717=EDGE_CURVE('',#4314,#4311,#285,.T.);
#4718=EDGE_CURVE('',#4315,#4189,#5059,.T.);
#4719=EDGE_CURVE('',#4315,#4316,#287,.T.);
#4720=EDGE_CURVE('',#4316,#4191,#5060,.T.);
#4721=EDGE_CURVE('',#4317,#4190,#5061,.T.);
#4722=EDGE_CURVE('',#4317,#4315,#288,.T.);
#4723=EDGE_CURVE('',#4318,#4200,#5062,.T.);
#4724=EDGE_CURVE('',#4318,#4317,#290,.T.);
#4725=EDGE_CURVE('',#4319,#4199,#5063,.T.);
#4726=EDGE_CURVE('',#4319,#4318,#291,.T.);
#4727=EDGE_CURVE('',#4320,#4198,#5064,.T.);
#4728=EDGE_CURVE('',#4320,#4319,#293,.T.);
#4729=EDGE_CURVE('',#4321,#4197,#5065,.T.);
#4730=EDGE_CURVE('',#4321,#4320,#295,.T.);
#4731=EDGE_CURVE('',#4322,#4196,#5066,.T.);
#4732=EDGE_CURVE('',#4322,#4321,#297,.T.);
#4733=EDGE_CURVE('',#4323,#4195,#5067,.T.);
#4734=EDGE_CURVE('',#4323,#4322,#299,.T.);
#4735=EDGE_CURVE('',#4324,#4194,#5068,.T.);
#4736=EDGE_CURVE('',#4324,#4323,#301,.T.);
#4737=EDGE_CURVE('',#4325,#4193,#5069,.T.);
#4738=EDGE_CURVE('',#4325,#4324,#302,.T.);
#4739=EDGE_CURVE('',#4326,#4192,#5070,.T.);
#4740=EDGE_CURVE('',#4326,#4325,#304,.T.);
#4741=EDGE_CURVE('',#4316,#4326,#306,.T.);
#4742=EDGE_CURVE('',#4313,#4309,#308,.T.);
#4743=EDGE_CURVE('',#4312,#4314,#309,.T.);
#4744=EDGE_CURVE('',#4327,#4328,#311,.T.);
#4745=EDGE_CURVE('',#4329,#4328,#5071,.T.);
#4746=EDGE_CURVE('',#4329,#4330,#312,.T.);
#4747=EDGE_CURVE('',#4330,#4327,#5072,.T.);
#4748=EDGE_CURVE('',#4328,#4331,#314,.T.);
#4749=EDGE_CURVE('',#4332,#4331,#5073,.T.);
#4750=EDGE_CURVE('',#4332,#4329,#315,.T.);
#4751=EDGE_CURVE('',#4333,#4228,#5074,.T.);
#4752=EDGE_CURVE('',#4333,#4334,#317,.T.);
#4753=EDGE_CURVE('',#4334,#4230,#5075,.T.);
#4754=EDGE_CURVE('',#4335,#4229,#5076,.T.);
#4755=EDGE_CURVE('',#4335,#4333,#318,.T.);
#4756=EDGE_CURVE('',#4336,#4239,#5077,.T.);
#4757=EDGE_CURVE('',#4336,#4335,#320,.T.);
#4758=EDGE_CURVE('',#4337,#4238,#5078,.T.);
#4759=EDGE_CURVE('',#4337,#4336,#321,.T.);
#4760=EDGE_CURVE('',#4338,#4237,#5079,.T.);
#4761=EDGE_CURVE('',#4338,#4337,#323,.T.);
#4762=EDGE_CURVE('',#4339,#4236,#5080,.T.);
#4763=EDGE_CURVE('',#4339,#4338,#325,.T.);
#4764=EDGE_CURVE('',#4340,#4235,#5081,.T.);
#4765=EDGE_CURVE('',#4340,#4339,#327,.T.);
#4766=EDGE_CURVE('',#4341,#4234,#5082,.T.);
#4767=EDGE_CURVE('',#4341,#4340,#329,.T.);
#4768=EDGE_CURVE('',#4342,#4233,#5083,.T.);
#4769=EDGE_CURVE('',#4342,#4341,#331,.T.);
#4770=EDGE_CURVE('',#4343,#4232,#5084,.T.);
#4771=EDGE_CURVE('',#4343,#4342,#332,.T.);
#4772=EDGE_CURVE('',#4344,#4231,#5085,.T.);
#4773=EDGE_CURVE('',#4344,#4343,#334,.T.);
#4774=EDGE_CURVE('',#4334,#4344,#336,.T.);
#4775=EDGE_CURVE('',#4331,#4327,#338,.T.);
#4776=EDGE_CURVE('',#4330,#4332,#339,.T.);
#4777=EDGE_CURVE('',#4345,#4240,#5086,.T.);
#4778=EDGE_CURVE('',#4345,#4346,#341,.T.);
#4779=EDGE_CURVE('',#4346,#4242,#5087,.T.);
#4780=EDGE_CURVE('',#4347,#4241,#5088,.T.);
#4781=EDGE_CURVE('',#4347,#4345,#342,.T.);
#4782=EDGE_CURVE('',#4348,#4254,#5089,.T.);
#4783=EDGE_CURVE('',#4348,#4347,#344,.T.);
#4784=EDGE_CURVE('',#4349,#4253,#5090,.T.);
#4785=EDGE_CURVE('',#4349,#4348,#346,.T.);
#4786=EDGE_CURVE('',#4350,#4252,#5091,.T.);
#4787=EDGE_CURVE('',#4350,#4349,#347,.T.);
#4788=EDGE_CURVE('',#4351,#4251,#5092,.T.);
#4789=EDGE_CURVE('',#4351,#4350,#349,.T.);
#4790=EDGE_CURVE('',#4352,#4250,#5093,.T.);
#4791=EDGE_CURVE('',#4352,#4351,#350,.T.);
#4792=EDGE_CURVE('',#4353,#4249,#5094,.T.);
#4793=EDGE_CURVE('',#4353,#4352,#352,.T.);
#4794=EDGE_CURVE('',#4354,#4248,#5095,.T.);
#4795=EDGE_CURVE('',#4354,#4353,#353,.T.);
#4796=EDGE_CURVE('',#4355,#4247,#5096,.T.);
#4797=EDGE_CURVE('',#4355,#4354,#355,.T.);
#4798=EDGE_CURVE('',#4356,#4246,#5097,.T.);
#4799=EDGE_CURVE('',#4356,#4355,#357,.T.);
#4800=EDGE_CURVE('',#4357,#4245,#5098,.T.);
#4801=EDGE_CURVE('',#4357,#4356,#358,.T.);
#4802=EDGE_CURVE('',#4358,#4244,#5099,.T.);
#4803=EDGE_CURVE('',#4358,#4357,#360,.T.);
#4804=EDGE_CURVE('',#4359,#4243,#5100,.T.);
#4805=EDGE_CURVE('',#4359,#4358,#362,.T.);
#4806=EDGE_CURVE('',#4346,#4359,#364,.T.);
#4807=EDGE_CURVE('',#4360,#4255,#5101,.T.);
#4808=EDGE_CURVE('',#4360,#4361,#366,.T.);
#4809=EDGE_CURVE('',#4361,#4257,#5102,.T.);
#4810=EDGE_CURVE('',#4362,#4256,#5103,.T.);
#4811=EDGE_CURVE('',#4362,#4360,#367,.T.);
#4812=EDGE_CURVE('',#4363,#4270,#5104,.T.);
#4813=EDGE_CURVE('',#4363,#4362,#369,.T.);
#4814=EDGE_CURVE('',#4364,#4269,#5105,.T.);
#4815=EDGE_CURVE('',#4364,#4363,#371,.T.);
#4816=EDGE_CURVE('',#4365,#4268,#5106,.T.);
#4817=EDGE_CURVE('',#4365,#4364,#372,.T.);
#4818=EDGE_CURVE('',#4366,#4267,#5107,.T.);
#4819=EDGE_CURVE('',#4366,#4365,#374,.T.);
#4820=EDGE_CURVE('',#4367,#4266,#5108,.T.);
#4821=EDGE_CURVE('',#4367,#4366,#375,.T.);
#4822=EDGE_CURVE('',#4368,#4265,#5109,.T.);
#4823=EDGE_CURVE('',#4368,#4367,#377,.T.);
#4824=EDGE_CURVE('',#4369,#4264,#5110,.T.);
#4825=EDGE_CURVE('',#4369,#4368,#379,.T.);
#4826=EDGE_CURVE('',#4370,#4263,#5111,.T.);
#4827=EDGE_CURVE('',#4370,#4369,#381,.T.);
#4828=EDGE_CURVE('',#4371,#4262,#5112,.T.);
#4829=EDGE_CURVE('',#4371,#4370,#383,.T.);
#4830=EDGE_CURVE('',#4372,#4261,#5113,.T.);
#4831=EDGE_CURVE('',#4372,#4371,#384,.T.);
#4832=EDGE_CURVE('',#4373,#4260,#5114,.T.);
#4833=EDGE_CURVE('',#4373,#4372,#386,.T.);
#4834=EDGE_CURVE('',#4374,#4259,#5115,.T.);
#4835=EDGE_CURVE('',#4374,#4373,#388,.T.);
#4836=EDGE_CURVE('',#4375,#4258,#5116,.T.);
#4837=EDGE_CURVE('',#4375,#4374,#390,.T.);
#4838=EDGE_CURVE('',#4361,#4375,#391,.T.);
#4839=EDGE_CURVE('',#4376,#4271,#5117,.T.);
#4840=EDGE_CURVE('',#4376,#4377,#393,.T.);
#4841=EDGE_CURVE('',#4377,#4273,#5118,.T.);
#4842=EDGE_CURVE('',#4378,#4272,#5119,.T.);
#4843=EDGE_CURVE('',#4378,#4376,#394,.T.);
#4844=EDGE_CURVE('',#4379,#4277,#5120,.T.);
#4845=EDGE_CURVE('',#4379,#4378,#396,.T.);
#4846=EDGE_CURVE('',#4380,#4276,#5121,.T.);
#4847=EDGE_CURVE('',#4380,#4379,#398,.T.);
#4848=EDGE_CURVE('',#4381,#4275,#5122,.T.);
#4849=EDGE_CURVE('',#4381,#4380,#400,.T.);
#4850=EDGE_CURVE('',#4382,#4274,#5123,.T.);
#4851=EDGE_CURVE('',#4382,#4381,#401,.T.);
#4852=EDGE_CURVE('',#4377,#4382,#403,.T.);
#4853=EDGE_CURVE('',#4383,#4384,#405,.T.);
#4854=EDGE_CURVE('',#4385,#4384,#5124,.T.);
#4855=EDGE_CURVE('',#4385,#4386,#406,.T.);
#4856=EDGE_CURVE('',#4386,#4383,#5125,.T.);
#4857=EDGE_CURVE('',#4384,#4387,#408,.T.);
#4858=EDGE_CURVE('',#4388,#4387,#5126,.T.);
#4859=EDGE_CURVE('',#4388,#4385,#409,.T.);
#4860=EDGE_CURVE('',#4389,#4183,#5127,.T.);
#4861=EDGE_CURVE('',#4389,#4390,#411,.T.);
#4862=EDGE_CURVE('',#4390,#4185,#5128,.T.);
#4863=EDGE_CURVE('',#4391,#4184,#5129,.T.);
#4864=EDGE_CURVE('',#4391,#4389,#412,.T.);
#4865=EDGE_CURVE('',#4392,#4188,#5130,.T.);
#4866=EDGE_CURVE('',#4392,#4391,#414,.T.);
#4867=EDGE_CURVE('',#4393,#4187,#5131,.T.);
#4868=EDGE_CURVE('',#4393,#4392,#416,.T.);
#4869=EDGE_CURVE('',#4394,#4186,#5132,.T.);
#4870=EDGE_CURVE('',#4394,#4393,#418,.T.);
#4871=EDGE_CURVE('',#4390,#4394,#420,.T.);
#4872=EDGE_CURVE('',#4387,#4383,#422,.T.);
#4873=EDGE_CURVE('',#4386,#4388,#423,.T.);
#4874=EDGE_CURVE('',#4395,#4167,#5133,.T.);
#4875=EDGE_CURVE('',#4395,#4396,#425,.T.);
#4876=EDGE_CURVE('',#4396,#4169,#5134,.T.);
#4877=EDGE_CURVE('',#4397,#4168,#5135,.T.);
#4878=EDGE_CURVE('',#4397,#4395,#426,.T.);
#4879=EDGE_CURVE('',#4398,#4182,#5136,.T.);
#4880=EDGE_CURVE('',#4398,#4397,#428,.T.);
#4881=EDGE_CURVE('',#4399,#4181,#5137,.T.);
#4882=EDGE_CURVE('',#4399,#4398,#430,.T.);
#4883=EDGE_CURVE('',#4400,#4180,#5138,.T.);
#4884=EDGE_CURVE('',#4400,#4399,#432,.T.);
#4885=EDGE_CURVE('',#4401,#4179,#5139,.T.);
#4886=EDGE_CURVE('',#4401,#4400,#433,.T.);
#4887=EDGE_CURVE('',#4402,#4178,#5140,.T.);
#4888=EDGE_CURVE('',#4402,#4401,#435,.T.);
#4889=EDGE_CURVE('',#4403,#4177,#5141,.T.);
#4890=EDGE_CURVE('',#4403,#4402,#437,.T.);
#4891=EDGE_CURVE('',#4404,#4176,#5142,.T.);
#4892=EDGE_CURVE('',#4404,#4403,#438,.T.);
#4893=EDGE_CURVE('',#4405,#4175,#5143,.T.);
#4894=EDGE_CURVE('',#4405,#4404,#440,.T.);
#4895=EDGE_CURVE('',#4406,#4174,#5144,.T.);
#4896=EDGE_CURVE('',#4406,#4405,#441,.T.);
#4897=EDGE_CURVE('',#4407,#4173,#5145,.T.);
#4898=EDGE_CURVE('',#4407,#4406,#443,.T.);
#4899=EDGE_CURVE('',#4408,#4172,#5146,.T.);
#4900=EDGE_CURVE('',#4408,#4407,#445,.T.);
#4901=EDGE_CURVE('',#4409,#4171,#5147,.T.);
#4902=EDGE_CURVE('',#4409,#4408,#447,.T.);
#4903=EDGE_CURVE('',#4410,#4170,#5148,.T.);
#4904=EDGE_CURVE('',#4410,#4409,#449,.T.);
#4905=EDGE_CURVE('',#4396,#4410,#450,.T.);
#4906=EDGE_CURVE('',#4411,#4152,#5149,.T.);
#4907=EDGE_CURVE('',#4411,#4412,#452,.T.);
#4908=EDGE_CURVE('',#4412,#4154,#5150,.T.);
#4909=EDGE_CURVE('',#4413,#4153,#5151,.T.);
#4910=EDGE_CURVE('',#4413,#4411,#453,.T.);
#4911=EDGE_CURVE('',#4414,#4166,#5152,.T.);
#4912=EDGE_CURVE('',#4414,#4413,#455,.T.);
#4913=EDGE_CURVE('',#4415,#4165,#5153,.T.);
#4914=EDGE_CURVE('',#4415,#4414,#457,.T.);
#4915=EDGE_CURVE('',#4416,#4164,#5154,.T.);
#4916=EDGE_CURVE('',#4416,#4415,#458,.T.);
#4917=EDGE_CURVE('',#4417,#4163,#5155,.T.);
#4918=EDGE_CURVE('',#4417,#4416,#460,.T.);
#4919=EDGE_CURVE('',#4418,#4162,#5156,.T.);
#4920=EDGE_CURVE('',#4418,#4417,#461,.T.);
#4921=EDGE_CURVE('',#4419,#4161,#5157,.T.);
#4922=EDGE_CURVE('',#4419,#4418,#463,.T.);
#4923=EDGE_CURVE('',#4420,#4160,#5158,.T.);
#4924=EDGE_CURVE('',#4420,#4419,#464,.T.);
#4925=EDGE_CURVE('',#4421,#4159,#5159,.T.);
#4926=EDGE_CURVE('',#4421,#4420,#466,.T.);
#4927=EDGE_CURVE('',#4422,#4158,#5160,.T.);
#4928=EDGE_CURVE('',#4422,#4421,#468,.T.);
#4929=EDGE_CURVE('',#4423,#4157,#5161,.T.);
#4930=EDGE_CURVE('',#4423,#4422,#469,.T.);
#4931=EDGE_CURVE('',#4424,#4156,#5162,.T.);
#4932=EDGE_CURVE('',#4424,#4423,#471,.T.);
#4933=EDGE_CURVE('',#4425,#4155,#5163,.T.);
#4934=EDGE_CURVE('',#4425,#4424,#473,.T.);
#4935=EDGE_CURVE('',#4412,#4425,#475,.T.);
#4936=EDGE_CURVE('',#4426,#4426,#2200,.T.);
#4937=EDGE_CURVE('',#4427,#4427,#2201,.T.);
#4938=EDGE_CURVE('',#4428,#4428,#2202,.T.);
#4939=EDGE_CURVE('',#4429,#4429,#2203,.T.);
#4940=EDGE_CURVE('',#4430,#4430,#2204,.T.);
#4941=EDGE_CURVE('',#4431,#4431,#2205,.T.);
#4942=EDGE_CURVE('',#4432,#4432,#2206,.T.);
#4943=EDGE_CURVE('',#4433,#4433,#2207,.T.);
#4944=EDGE_CURVE('',#4434,#4434,#2208,.T.);
#4945=EDGE_CURVE('',#4435,#4435,#2209,.T.);
#4946=EDGE_CURVE('',#4436,#4436,#2210,.T.);
#4947=EDGE_CURVE('',#4437,#4437,#2211,.T.);
#4948=EDGE_CURVE('',#4438,#4438,#2212,.T.);
#4949=EDGE_CURVE('',#4439,#4439,#2213,.T.);
#4950=EDGE_CURVE('',#4440,#4441,#5164,.T.);
#4951=EDGE_CURVE('',#4441,#4442,#5165,.T.);
#4952=EDGE_CURVE('',#4443,#4442,#5166,.T.);
#4953=EDGE_CURVE('',#4440,#4443,#5167,.T.);
#4954=EDGE_CURVE('',#4442,#4444,#5168,.T.);
#4955=EDGE_CURVE('',#4445,#4444,#5169,.T.);
#4956=EDGE_CURVE('',#4446,#4445,#5170,.T.);
#4957=EDGE_CURVE('',#4446,#4447,#5171,.T.);
#4958=EDGE_CURVE('',#4448,#4447,#5172,.T.);
#4959=EDGE_CURVE('',#4449,#4448,#5173,.T.);
#4960=EDGE_CURVE('',#4443,#4449,#5174,.T.);
#4961=EDGE_CURVE('',#4448,#4450,#5175,.T.);
#4962=EDGE_CURVE('',#4451,#4450,#5176,.T.);
#4963=EDGE_CURVE('',#4449,#4451,#5177,.T.);
#4964=EDGE_CURVE('',#4452,#4450,#5178,.T.);
#4965=EDGE_CURVE('',#4453,#4452,#5179,.T.);
#4966=EDGE_CURVE('',#4454,#4453,#5180,.T.);
#4967=EDGE_CURVE('',#4454,#4455,#5181,.T.);
#4968=EDGE_CURVE('',#4455,#4441,#5182,.T.);
#4969=EDGE_CURVE('',#4451,#4440,#5183,.T.);
#4970=EDGE_CURVE('',#4452,#4447,#5184,.T.);
#4971=EDGE_CURVE('',#4444,#4455,#5185,.T.);
#4972=EDGE_CURVE('',#4445,#4454,#5186,.T.);
#4973=EDGE_CURVE('',#4453,#4446,#5187,.T.);
#4974=LINE('',#6367,#5188);
#4975=LINE('',#6370,#5189);
#4976=LINE('',#6372,#5190);
#4977=LINE('',#6374,#5191);
#4978=LINE('',#6376,#5192);
#4979=LINE('',#6378,#5193);
#4980=LINE('',#6380,#5194);
#4981=LINE('',#6382,#5195);
#4982=LINE('',#6384,#5196);
#4983=LINE('',#6386,#5197);
#4984=LINE('',#6388,#5198);
#4985=LINE('',#6390,#5199);
#4986=LINE('',#6392,#5200);
#4987=LINE('',#6394,#5201);
#4988=LINE('',#6396,#5202);
#4989=LINE('',#6399,#5203);
#4990=LINE('',#6400,#5204);
#4991=LINE('',#6402,#5205);
#4992=LINE('',#6404,#5206);
#4993=LINE('',#6405,#5207);
#4994=LINE('',#6407,#5208);
#4995=LINE('',#6411,#5209);
#4996=LINE('',#6413,#5210);
#4997=LINE('',#6415,#5211);
#4998=LINE('',#6417,#5212);
#4999=LINE('',#6418,#5213);
#5000=LINE('',#6420,#5214);
#5001=LINE('',#6422,#5215);
#5002=LINE('',#6426,#5216);
#5003=LINE('',#6428,#5217);
#5004=LINE('',#6430,#5218);
#5005=LINE('',#6432,#5219);
#5006=LINE('',#6434,#5220);
#5007=LINE('',#6436,#5221);
#5008=LINE('',#6438,#5222);
#5009=LINE('',#6440,#5223);
#5010=LINE('',#6444,#5224);
#5011=LINE('',#6446,#5225);
#5012=LINE('',#6448,#5226);
#5013=LINE('',#6450,#5227);
#5014=LINE('',#6452,#5228);
#5015=LINE('',#7080,#5229);
#5016=LINE('',#7083,#5230);
#5017=LINE('',#7085,#5231);
#5018=LINE('',#7087,#5232);
#5019=LINE('',#7447,#5233);
#5020=LINE('',#7450,#5234);
#5021=LINE('',#7452,#5235);
#5022=LINE('',#7454,#5236);
#5023=LINE('',#7456,#5237);
#5024=LINE('',#7458,#5238);
#5025=LINE('',#7460,#5239);
#5026=LINE('',#7462,#5240);
#5027=LINE('',#7463,#5241);
#5028=LINE('',#7465,#5242);
#5029=LINE('',#7467,#5243);
#5030=LINE('',#7469,#5244);
#5031=LINE('',#7471,#5245);
#5032=LINE('',#7472,#5246);
#5033=LINE('',#7476,#5247);
#5034=LINE('',#7483,#5248);
#5035=LINE('',#7485,#5249);
#5036=LINE('',#7495,#5251);
#5037=LINE('',#7505,#5253);
#5038=LINE('',#7515,#5255);
#5039=LINE('',#7529,#5257);
#5040=LINE('',#7536,#5258);
#5041=LINE('',#7558,#5260);
#5042=LINE('',#7576,#5262);
#5043=LINE('',#7586,#5264);
#5044=LINE('',#7593,#5265);
#5045=LINE('',#7607,#5267);
#5046=LINE('',#7614,#5268);
#5047=LINE('',#7624,#5270);
#5048=LINE('',#7642,#5272);
#5049=LINE('',#7669,#5275);
#5050=LINE('',#7696,#5276);
#5051=LINE('',#7726,#5278);
#5052=LINE('',#7738,#5280);
#5053=LINE('',#7750,#5282);
#5054=LINE('',#7779,#5283);
#5055=LINE('',#7813,#5285);
#5056=LINE('',#7832,#5287);
#5057=LINE('',#7839,#5288);
#5058=LINE('',#7853,#5290);
#5059=LINE('',#7871,#5292);
#5060=LINE('',#7878,#5293);
#5061=LINE('',#7880,#5294);
#5062=LINE('',#7902,#5296);
#5063=LINE('',#7909,#5297);
#5064=LINE('',#7919,#5299);
#5065=LINE('',#7941,#5301);
#5066=LINE('',#7951,#5303);
#5067=LINE('',#7969,#5305);
#5068=LINE('',#7979,#5307);
#5069=LINE('',#7986,#5308);
#5070=LINE('',#8000,#5310);
#5071=LINE('',#8075,#5314);
#5072=LINE('',#8082,#5315);
#5073=LINE('',#8096,#5317);
#5074=LINE('',#8114,#5319);
#5075=LINE('',#8121,#5320);
#5076=LINE('',#8123,#5321);
#5077=LINE('',#8145,#5323);
#5078=LINE('',#8152,#5324);
#5079=LINE('',#8162,#5326);
#5080=LINE('',#8184,#5328);
#5081=LINE('',#8194,#5330);
#5082=LINE('',#8212,#5332);
#5083=LINE('',#8222,#5334);
#5084=LINE('',#8229,#5335);
#5085=LINE('',#8243,#5337);
#5086=LINE('',#8312,#5341);
#5087=LINE('',#8319,#5342);
#5088=LINE('',#8321,#5343);
#5089=LINE('',#8335,#5345);
#5090=LINE('',#8345,#5347);
#5091=LINE('',#8352,#5348);
#5092=LINE('',#8366,#5350);
#5093=LINE('',#8373,#5351);
#5094=LINE('',#8383,#5353);
#5095=LINE('',#8390,#5354);
#5096=LINE('',#8416,#5356);
#5097=LINE('',#8426,#5358);
#5098=LINE('',#8433,#5359);
#5099=LINE('',#8451,#5361);
#5100=LINE('',#8469,#5363);
#5101=LINE('',#8488,#5366);
#5102=LINE('',#8495,#5367);
#5103=LINE('',#8497,#5368);
#5104=LINE('',#8519,#5370);
#5105=LINE('',#8529,#5372);
#5106=LINE('',#8536,#5373);
#5107=LINE('',#8550,#5375);
#5108=LINE('',#8557,#5376);
#5109=LINE('',#8567,#5378);
#5110=LINE('',#8577,#5380);
#5111=LINE('',#8607,#5382);
#5112=LINE('',#8617,#5384);
#5113=LINE('',#8624,#5385);
#5114=LINE('',#8634,#5387);
#5115=LINE('',#8652,#5389);
#5116=LINE('',#8662,#5391);
#5117=LINE('',#8678,#5393);
#5118=LINE('',#8685,#5394);
#5119=LINE('',#8687,#5395);
#5120=LINE('',#8697,#5397);
#5121=LINE('',#8735,#5399);
#5122=LINE('',#8753,#5401);
#5123=LINE('',#8760,#5402);
#5124=LINE('',#8825,#5405);
#5125=LINE('',#8832,#5406);
#5126=LINE('',#8848,#5408);
#5127=LINE('',#8870,#5410);
#5128=LINE('',#8877,#5411);
#5129=LINE('',#8879,#5412);
#5130=LINE('',#8905,#5414);
#5131=LINE('',#8915,#5416);
#5132=LINE('',#8925,#5418);
#5133=LINE('',#8984,#5422);
#5134=LINE('',#8991,#5423);
#5135=LINE('',#8993,#5424);
#5136=LINE('',#9003,#5426);
#5137=LINE('',#9017,#5428);
#5138=LINE('',#9039,#5430);
#5139=LINE('',#9046,#5431);
#5140=LINE('',#9060,#5433);
#5141=LINE('',#9094,#5435);
#5142=LINE('',#9101,#5436);
#5143=LINE('',#9115,#5438);
#5144=LINE('',#9122,#5439);
#5145=LINE('',#9144,#5441);
#5146=LINE('',#9162,#5443);
#5147=LINE('',#9172,#5445);
#5148=LINE('',#9182,#5447);
#5149=LINE('',#9202,#5449);
#5150=LINE('',#9209,#5450);
#5151=LINE('',#9211,#5451);
#5152=LINE('',#9225,#5453);
#5153=LINE('',#9235,#5455);
#5154=LINE('',#9242,#5456);
#5155=LINE('',#9256,#5458);
#5156=LINE('',#9263,#5459);
#5157=LINE('',#9273,#5461);
#5158=LINE('',#9280,#5462);
#5159=LINE('',#9306,#5464);
#5160=LINE('',#9316,#5466);
#5161=LINE('',#9323,#5467);
#5162=LINE('',#9341,#5469);
#5163=LINE('',#9359,#5471);
#5164=LINE('',#9430,#5474);
#5165=LINE('',#9433,#5475);
#5166=LINE('',#9435,#5476);
#5167=LINE('',#9437,#5477);
#5168=LINE('',#9439,#5478);
#5169=LINE('',#9441,#5479);
#5170=LINE('',#9443,#5480);
#5171=LINE('',#9445,#5481);
#5172=LINE('',#9447,#5482);
#5173=LINE('',#9449,#5483);
#5174=LINE('',#9451,#5484);
#5175=LINE('',#9453,#5485);
#5176=LINE('',#9455,#5486);
#5177=LINE('',#9457,#5487);
#5178=LINE('',#9459,#5488);
#5179=LINE('',#9461,#5489);
#5180=LINE('',#9463,#5490);
#5181=LINE('',#9465,#5491);
#5182=LINE('',#9467,#5492);
#5183=LINE('',#9468,#5493);
#5184=LINE('',#9471,#5494);
#5185=LINE('',#9473,#5495);
#5186=LINE('',#9474,#5496);
#5187=LINE('',#9477,#5497);
#5188=VECTOR('',#5686,1.);
#5189=VECTOR('',#5687,1.);
#5190=VECTOR('',#5688,1.);
#5191=VECTOR('',#5689,1.);
#5192=VECTOR('',#5690,1.);
#5193=VECTOR('',#5691,1.);
#5194=VECTOR('',#5692,1.);
#5195=VECTOR('',#5693,1.);
#5196=VECTOR('',#5694,1.);
#5197=VECTOR('',#5695,1.);
#5198=VECTOR('',#5696,1.);
#5199=VECTOR('',#5697,1.);
#5200=VECTOR('',#5698,1.);
#5201=VECTOR('',#5699,1.);
#5202=VECTOR('',#5702,1.);
#5203=VECTOR('',#5703,1.);
#5204=VECTOR('',#5704,1.);
#5205=VECTOR('',#5705,1.);
#5206=VECTOR('',#5706,1.);
#5207=VECTOR('',#5707,1.);
#5208=VECTOR('',#5710,1.);
#5209=VECTOR('',#5713,1.);
#5210=VECTOR('',#5716,1.);
#5211=VECTOR('',#5717,1.);
#5212=VECTOR('',#5720,1.);
#5213=VECTOR('',#5721,1.);
#5214=VECTOR('',#5722,1.);
#5215=VECTOR('',#5725,1.);
#5216=VECTOR('',#5732,1.);
#5217=VECTOR('',#5733,1.);
#5218=VECTOR('',#5734,1.);
#5219=VECTOR('',#5737,1.);
#5220=VECTOR('',#5738,1.);
#5221=VECTOR('',#5741,1.);
#5222=VECTOR('',#5742,1.);
#5223=VECTOR('',#5745,1.);
#5224=VECTOR('',#5752,1.);
#5225=VECTOR('',#5753,1.);
#5226=VECTOR('',#5756,1.);
#5227=VECTOR('',#5757,1.);
#5228=VECTOR('',#5760,1.);
#5229=VECTOR('',#5895,1.);
#5230=VECTOR('',#5896,1.);
#5231=VECTOR('',#5897,1.);
#5232=VECTOR('',#5898,1.);
#5233=VECTOR('',#5901,1.);
#5234=VECTOR('',#5902,1.);
#5235=VECTOR('',#5903,1.);
#5236=VECTOR('',#5904,1.);
#5237=VECTOR('',#5907,1.);
#5238=VECTOR('',#5908,1.);
#5239=VECTOR('',#5909,1.);
#5240=VECTOR('',#5912,1.);
#5241=VECTOR('',#5913,1.);
#5242=VECTOR('',#5916,1.);
#5243=VECTOR('',#5917,1.);
#5244=VECTOR('',#5918,1.);
#5245=VECTOR('',#5921,1.);
#5246=VECTOR('',#5922,1.);
#5247=VECTOR('',#5929,1.);
#5248=VECTOR('',#5930,1.);
#5249=VECTOR('',#5933,1.);
#5250=VECTOR('',#5934,1.);
#5251=VECTOR('',#5935,1.);
#5252=VECTOR('',#5936,1.);
#5253=VECTOR('',#5937,1.);
#5254=VECTOR('',#5938,1.);
#5255=VECTOR('',#5939,1.);
#5256=VECTOR('',#5940,1.);
#5257=VECTOR('',#5941,1.);
#5258=VECTOR('',#5944,1.);
#5259=VECTOR('',#5945,1.);
#5260=VECTOR('',#5946,1.);
#5261=VECTOR('',#5947,1.);
#5262=VECTOR('',#5948,1.);
#5263=VECTOR('',#5949,1.);
#5264=VECTOR('',#5950,1.);
#5265=VECTOR('',#5953,1.);
#5266=VECTOR('',#5954,1.);
#5267=VECTOR('',#5955,1.);
#5268=VECTOR('',#5958,1.);
#5269=VECTOR('',#5959,1.);
#5270=VECTOR('',#5960,1.);
#5271=VECTOR('',#5961,1.);
#5272=VECTOR('',#5962,1.);
#5273=VECTOR('',#5963,1.);
#5274=VECTOR('',#5964,1.);
#5275=VECTOR('',#5967,1.);
#5276=VECTOR('',#5968,1.);
#5277=VECTOR('',#5969,1.);
#5278=VECTOR('',#5970,1.);
#5279=VECTOR('',#5971,1.);
#5280=VECTOR('',#5972,1.);
#5281=VECTOR('',#5973,1.);
#5282=VECTOR('',#5974,1.);
#5283=VECTOR('',#5977,1.);
#5284=VECTOR('',#5978,1.);
#5285=VECTOR('',#5979,1.);
#5286=VECTOR('',#5980,1.);
#5287=VECTOR('',#5985,1.);
#5288=VECTOR('',#5986,1.);
#5289=VECTOR('',#5987,1.);
#5290=VECTOR('',#5988,1.);
#5291=VECTOR('',#5989,1.);
#5292=VECTOR('',#5990,1.);
#5293=VECTOR('',#5991,1.);
#5294=VECTOR('',#5994,1.);
#5295=VECTOR('',#5995,1.);
#5296=VECTOR('',#5996,1.);
#5297=VECTOR('',#5999,1.);
#5298=VECTOR('',#6000,1.);
#5299=VECTOR('',#6001,1.);
#5300=VECTOR('',#6002,1.);
#5301=VECTOR('',#6003,1.);
#5302=VECTOR('',#6004,1.);
#5303=VECTOR('',#6005,1.);
#5304=VECTOR('',#6006,1.);
#5305=VECTOR('',#6007,1.);
#5306=VECTOR('',#6008,1.);
#5307=VECTOR('',#6009,1.);
#5308=VECTOR('',#6012,1.);
#5309=VECTOR('',#6013,1.);
#5310=VECTOR('',#6014,1.);
#5311=VECTOR('',#6015,1.);
#5312=VECTOR('',#6016,1.);
#5313=VECTOR('',#6017,1.);
#5314=VECTOR('',#6020,1.);
#5315=VECTOR('',#6021,1.);
#5316=VECTOR('',#6022,1.);
#5317=VECTOR('',#6023,1.);
#5318=VECTOR('',#6024,1.);
#5319=VECTOR('',#6025,1.);
#5320=VECTOR('',#6026,1.);
#5321=VECTOR('',#6029,1.);
#5322=VECTOR('',#6030,1.);
#5323=VECTOR('',#6031,1.);
#5324=VECTOR('',#6034,1.);
#5325=VECTOR('',#6035,1.);
#5326=VECTOR('',#6036,1.);
#5327=VECTOR('',#6037,1.);
#5328=VECTOR('',#6038,1.);
#5329=VECTOR('',#6039,1.);
#5330=VECTOR('',#6040,1.);
#5331=VECTOR('',#6041,1.);
#5332=VECTOR('',#6042,1.);
#5333=VECTOR('',#6043,1.);
#5334=VECTOR('',#6044,1.);
#5335=VECTOR('',#6047,1.);
#5336=VECTOR('',#6048,1.);
#5337=VECTOR('',#6049,1.);
#5338=VECTOR('',#6050,1.);
#5339=VECTOR('',#6051,1.);
#5340=VECTOR('',#6052,1.);
#5341=VECTOR('',#6055,1.);
#5342=VECTOR('',#6056,1.);
#5343=VECTOR('',#6059,1.);
#5344=VECTOR('',#6060,1.);
#5345=VECTOR('',#6061,1.);
#5346=VECTOR('',#6062,1.);
#5347=VECTOR('',#6063,1.);
#5348=VECTOR('',#6066,1.);
#5349=VECTOR('',#6067,1.);
#5350=VECTOR('',#6068,1.);
#5351=VECTOR('',#6071,1.);
#5352=VECTOR('',#6072,1.);
#5353=VECTOR('',#6073,1.);
#5354=VECTOR('',#6076,1.);
#5355=VECTOR('',#6077,1.);
#5356=VECTOR('',#6078,1.);
#5357=VECTOR('',#6079,1.);
#5358=VECTOR('',#6080,1.);
#5359=VECTOR('',#6083,1.);
#5360=VECTOR('',#6084,1.);
#5361=VECTOR('',#6085,1.);
#5362=VECTOR('',#6086,1.);
#5363=VECTOR('',#6087,1.);
#5364=VECTOR('',#6088,1.);
#5365=VECTOR('',#6089,1.);
#5366=VECTOR('',#6092,1.);
#5367=VECTOR('',#6093,1.);
#5368=VECTOR('',#6096,1.);
#5369=VECTOR('',#6097,1.);
#5370=VECTOR('',#6098,1.);
#5371=VECTOR('',#6099,1.);
#5372=VECTOR('',#6100,1.);
#5373=VECTOR('',#6103,1.);
#5374=VECTOR('',#6104,1.);
#5375=VECTOR('',#6105,1.);
#5376=VECTOR('',#6108,1.);
#5377=VECTOR('',#6109,1.);
#5378=VECTOR('',#6110,1.);
#5379=VECTOR('',#6111,1.);
#5380=VECTOR('',#6112,1.);
#5381=VECTOR('',#6113,1.);
#5382=VECTOR('',#6114,1.);
#5383=VECTOR('',#6115,1.);
#5384=VECTOR('',#6116,1.);
#5385=VECTOR('',#6119,1.);
#5386=VECTOR('',#6120,1.);
#5387=VECTOR('',#6121,1.);
#5388=VECTOR('',#6122,1.);
#5389=VECTOR('',#6123,1.);
#5390=VECTOR('',#6124,1.);
#5391=VECTOR('',#6125,1.);
#5392=VECTOR('',#6128,1.);
#5393=VECTOR('',#6131,1.);
#5394=VECTOR('',#6132,1.);
#5395=VECTOR('',#6135,1.);
#5396=VECTOR('',#6136,1.);
#5397=VECTOR('',#6137,1.);
#5398=VECTOR('',#6138,1.);
#5399=VECTOR('',#6139,1.);
#5400=VECTOR('',#6140,1.);
#5401=VECTOR('',#6141,1.);
#5402=VECTOR('',#6144,1.);
#5403=VECTOR('',#6145,1.);
#5404=VECTOR('',#6146,1.);
#5405=VECTOR('',#6149,1.);
#5406=VECTOR('',#6150,1.);
#5407=VECTOR('',#6151,1.);
#5408=VECTOR('',#6152,1.);
#5409=VECTOR('',#6153,1.);
#5410=VECTOR('',#6154,1.);
#5411=VECTOR('',#6155,1.);
#5412=VECTOR('',#6158,1.);
#5413=VECTOR('',#6159,1.);
#5414=VECTOR('',#6160,1.);
#5415=VECTOR('',#6161,1.);
#5416=VECTOR('',#6162,1.);
#5417=VECTOR('',#6163,1.);
#5418=VECTOR('',#6164,1.);
#5419=VECTOR('',#6165,1.);
#5420=VECTOR('',#6166,1.);
#5421=VECTOR('',#6167,1.);
#5422=VECTOR('',#6170,1.);
#5423=VECTOR('',#6171,1.);
#5424=VECTOR('',#6174,1.);
#5425=VECTOR('',#6175,1.);
#5426=VECTOR('',#6176,1.);
#5427=VECTOR('',#6177,1.);
#5428=VECTOR('',#6178,1.);
#5429=VECTOR('',#6179,1.);
#5430=VECTOR('',#6180,1.);
#5431=VECTOR('',#6183,1.);
#5432=VECTOR('',#6184,1.);
#5433=VECTOR('',#6185,1.);
#5434=VECTOR('',#6186,1.);
#5435=VECTOR('',#6187,1.);
#5436=VECTOR('',#6190,1.);
#5437=VECTOR('',#6191,1.);
#5438=VECTOR('',#6192,1.);
#5439=VECTOR('',#6195,1.);
#5440=VECTOR('',#6196,1.);
#5441=VECTOR('',#6197,1.);
#5442=VECTOR('',#6198,1.);
#5443=VECTOR('',#6199,1.);
#5444=VECTOR('',#6200,1.);
#5445=VECTOR('',#6201,1.);
#5446=VECTOR('',#6202,1.);
#5447=VECTOR('',#6203,1.);
#5448=VECTOR('',#6206,1.);
#5449=VECTOR('',#6209,1.);
#5450=VECTOR('',#6210,1.);
#5451=VECTOR('',#6213,1.);
#5452=VECTOR('',#6214,1.);
#5453=VECTOR('',#6215,1.);
#5454=VECTOR('',#6216,1.);
#5455=VECTOR('',#6217,1.);
#5456=VECTOR('',#6220,1.);
#5457=VECTOR('',#6221,1.);
#5458=VECTOR('',#6222,1.);
#5459=VECTOR('',#6225,1.);
#5460=VECTOR('',#6226,1.);
#5461=VECTOR('',#6227,1.);
#5462=VECTOR('',#6230,1.);
#5463=VECTOR('',#6231,1.);
#5464=VECTOR('',#6232,1.);
#5465=VECTOR('',#6233,1.);
#5466=VECTOR('',#6234,1.);
#5467=VECTOR('',#6237,1.);
#5468=VECTOR('',#6238,1.);
#5469=VECTOR('',#6239,1.);
#5470=VECTOR('',#6240,1.);
#5471=VECTOR('',#6241,1.);
#5472=VECTOR('',#6242,1.);
#5473=VECTOR('',#6243,1.);
#5474=VECTOR('',#6322,1.);
#5475=VECTOR('',#6323,1.);
#5476=VECTOR('',#6324,1.);
#5477=VECTOR('',#6325,1.);
#5478=VECTOR('',#6328,1.);
#5479=VECTOR('',#6329,1.);
#5480=VECTOR('',#6330,1.);
#5481=VECTOR('',#6331,1.);
#5482=VECTOR('',#6332,1.);
#5483=VECTOR('',#6333,1.);
#5484=VECTOR('',#6334,1.);
#5485=VECTOR('',#6337,1.);
#5486=VECTOR('',#6338,1.);
#5487=VECTOR('',#6339,1.);
#5488=VECTOR('',#6342,1.);
#5489=VECTOR('',#6343,1.);
#5490=VECTOR('',#6344,1.);
#5491=VECTOR('',#6345,1.);
#5492=VECTOR('',#6346,1.);
#5493=VECTOR('',#6347,1.);
#5494=VECTOR('',#6352,1.);
#5495=VECTOR('',#6355,1.);
#5496=VECTOR('',#6356,1.);
#5497=VECTOR('',#6361,1.);
#5498=AXIS2_PLACEMENT_3D('',#6366,#5684,#5685);
#5499=AXIS2_PLACEMENT_3D('',#6395,#5700,#5701);
#5500=AXIS2_PLACEMENT_3D('',#6406,#5708,#5709);
#5501=AXIS2_PLACEMENT_3D('',#6409,#5711,#5712);
#5502=AXIS2_PLACEMENT_3D('',#6412,#5714,#5715);
#5503=AXIS2_PLACEMENT_3D('',#6416,#5718,#5719);
#5504=AXIS2_PLACEMENT_3D('',#6421,#5723,#5724);
#5505=AXIS2_PLACEMENT_3D('',#6423,#5726,#5727);
#5506=AXIS2_PLACEMENT_3D('',#6424,#5728,#5729);
#5507=AXIS2_PLACEMENT_3D('',#6425,#5730,#5731);
#5508=AXIS2_PLACEMENT_3D('',#6431,#5735,#5736);
#5509=AXIS2_PLACEMENT_3D('',#6435,#5739,#5740);
#5510=AXIS2_PLACEMENT_3D('',#6439,#5743,#5744);
#5511=AXIS2_PLACEMENT_3D('',#6441,#5746,#5747);
#5512=AXIS2_PLACEMENT_3D('',#6442,#5748,#5749);
#5513=AXIS2_PLACEMENT_3D('',#6443,#5750,#5751);
#5514=AXIS2_PLACEMENT_3D('',#6447,#5754,#5755);
#5515=AXIS2_PLACEMENT_3D('',#6451,#5758,#5759);
#5516=AXIS2_PLACEMENT_3D('',#6453,#5761,#5762);
#5517=AXIS2_PLACEMENT_3D('',#6454,#5763,#5764);
#5518=AXIS2_PLACEMENT_3D('',#6455,#5765,#5766);
#5519=AXIS2_PLACEMENT_3D('',#6457,#5767,#5768);
#5520=AXIS2_PLACEMENT_3D('',#6459,#5769,#5770);
#5521=AXIS2_PLACEMENT_3D('',#6460,#5771,#5772);
#5522=AXIS2_PLACEMENT_3D('',#6461,#5773,#5774);
#5523=AXIS2_PLACEMENT_3D('',#6462,#5775,#5776);
#5524=AXIS2_PLACEMENT_3D('',#6464,#5777,#5778);
#5525=AXIS2_PLACEMENT_3D('',#6466,#5779,#5780);
#5526=AXIS2_PLACEMENT_3D('',#6467,#5781,#5782);
#5527=AXIS2_PLACEMENT_3D('',#6468,#5783,#5784);
#5528=AXIS2_PLACEMENT_3D('',#6469,#5785,#5786);
#5529=AXIS2_PLACEMENT_3D('',#6471,#5787,#5788);
#5530=AXIS2_PLACEMENT_3D('',#6473,#5789,#5790);
#5531=AXIS2_PLACEMENT_3D('',#6474,#5791,#5792);
#5532=AXIS2_PLACEMENT_3D('',#6475,#5793,#5794);
#5533=AXIS2_PLACEMENT_3D('',#6476,#5795,#5796);
#5534=AXIS2_PLACEMENT_3D('',#6478,#5797,#5798);
#5535=AXIS2_PLACEMENT_3D('',#6480,#5799,#5800);
#5536=AXIS2_PLACEMENT_3D('',#6481,#5801,#5802);
#5537=AXIS2_PLACEMENT_3D('',#6482,#5803,#5804);
#5538=AXIS2_PLACEMENT_3D('',#6483,#5805,#5806);
#5539=AXIS2_PLACEMENT_3D('',#6485,#5807,#5808);
#5540=AXIS2_PLACEMENT_3D('',#6487,#5809,#5810);
#5541=AXIS2_PLACEMENT_3D('',#6488,#5811,#5812);
#5542=AXIS2_PLACEMENT_3D('',#6489,#5813,#5814);
#5543=AXIS2_PLACEMENT_3D('',#6490,#5815,#5816);
#5544=AXIS2_PLACEMENT_3D('',#6492,#5817,#5818);
#5545=AXIS2_PLACEMENT_3D('',#6494,#5819,#5820);
#5546=AXIS2_PLACEMENT_3D('',#6495,#5821,#5822);
#5547=AXIS2_PLACEMENT_3D('',#6496,#5823,#5824);
#5548=AXIS2_PLACEMENT_3D('',#6497,#5825,#5826);
#5549=AXIS2_PLACEMENT_3D('',#6499,#5827,#5828);
#5550=AXIS2_PLACEMENT_3D('',#6501,#5829,#5830);
#5551=AXIS2_PLACEMENT_3D('',#6502,#5831,#5832);
#5552=AXIS2_PLACEMENT_3D('',#6503,#5833,#5834);
#5553=AXIS2_PLACEMENT_3D('',#6504,#5835,#5836);
#5554=AXIS2_PLACEMENT_3D('',#6506,#5837,#5838);
#5555=AXIS2_PLACEMENT_3D('',#6508,#5839,#5840);
#5556=AXIS2_PLACEMENT_3D('',#6509,#5841,#5842);
#5557=AXIS2_PLACEMENT_3D('',#6510,#5843,#5844);
#5558=AXIS2_PLACEMENT_3D('',#6511,#5845,#5846);
#5559=AXIS2_PLACEMENT_3D('',#6513,#5847,#5848);
#5560=AXIS2_PLACEMENT_3D('',#6515,#5849,#5850);
#5561=AXIS2_PLACEMENT_3D('',#6516,#5851,#5852);
#5562=AXIS2_PLACEMENT_3D('',#6517,#5853,#5854);
#5563=AXIS2_PLACEMENT_3D('',#6518,#5855,#5856);
#5564=AXIS2_PLACEMENT_3D('',#6520,#5857,#5858);
#5565=AXIS2_PLACEMENT_3D('',#6522,#5859,#5860);
#5566=AXIS2_PLACEMENT_3D('',#6523,#5861,#5862);
#5567=AXIS2_PLACEMENT_3D('',#6524,#5863,#5864);
#5568=AXIS2_PLACEMENT_3D('',#6525,#5865,#5866);
#5569=AXIS2_PLACEMENT_3D('',#6527,#5867,#5868);
#5570=AXIS2_PLACEMENT_3D('',#6529,#5869,#5870);
#5571=AXIS2_PLACEMENT_3D('',#6530,#5871,#5872);
#5572=AXIS2_PLACEMENT_3D('',#6531,#5873,#5874);
#5573=AXIS2_PLACEMENT_3D('',#6532,#5875,#5876);
#5574=AXIS2_PLACEMENT_3D('',#6534,#5877,#5878);
#5575=AXIS2_PLACEMENT_3D('',#6536,#5879,#5880);
#5576=AXIS2_PLACEMENT_3D('',#6537,#5881,#5882);
#5577=AXIS2_PLACEMENT_3D('',#6538,#5883,#5884);
#5578=AXIS2_PLACEMENT_3D('',#6539,#5885,#5886);
#5579=AXIS2_PLACEMENT_3D('',#6541,#5887,#5888);
#5580=AXIS2_PLACEMENT_3D('',#6543,#5889,#5890);
#5581=AXIS2_PLACEMENT_3D('',#6544,#5891,#5892);
#5582=AXIS2_PLACEMENT_3D('',#6545,#5893,#5894);
#5583=AXIS2_PLACEMENT_3D('',#7446,#5899,#5900);
#5584=AXIS2_PLACEMENT_3D('',#7455,#5905,#5906);
#5585=AXIS2_PLACEMENT_3D('',#7461,#5910,#5911);
#5586=AXIS2_PLACEMENT_3D('',#7464,#5914,#5915);
#5587=AXIS2_PLACEMENT_3D('',#7470,#5919,#5920);
#5588=AXIS2_PLACEMENT_3D('',#7473,#5923,#5924);
#5589=AXIS2_PLACEMENT_3D('',#7474,#5925,#5926);
#5590=AXIS2_PLACEMENT_3D('',#7475,#5927,#5928);
#5591=AXIS2_PLACEMENT_3D('',#7484,#5931,#5932);
#5592=AXIS2_PLACEMENT_3D('',#7535,#5942,#5943);
#5593=AXIS2_PLACEMENT_3D('',#7592,#5951,#5952);
#5594=AXIS2_PLACEMENT_3D('',#7613,#5956,#5957);
#5595=AXIS2_PLACEMENT_3D('',#7668,#5965,#5966);
#5596=AXIS2_PLACEMENT_3D('',#7751,#5975,#5976);
#5597=AXIS2_PLACEMENT_3D('',#7824,#5981,#5982);
#5598=AXIS2_PLACEMENT_3D('',#7825,#5983,#5984);
#5599=AXIS2_PLACEMENT_3D('',#7879,#5992,#5993);
#5600=AXIS2_PLACEMENT_3D('',#7908,#5997,#5998);
#5601=AXIS2_PLACEMENT_3D('',#7985,#6010,#6011);
#5602=AXIS2_PLACEMENT_3D('',#8068,#6018,#6019);
#5603=AXIS2_PLACEMENT_3D('',#8122,#6027,#6028);
#5604=AXIS2_PLACEMENT_3D('',#8151,#6032,#6033);
#5605=AXIS2_PLACEMENT_3D('',#8228,#6045,#6046);
#5606=AXIS2_PLACEMENT_3D('',#8311,#6053,#6054);
#5607=AXIS2_PLACEMENT_3D('',#8320,#6057,#6058);
#5608=AXIS2_PLACEMENT_3D('',#8351,#6064,#6065);
#5609=AXIS2_PLACEMENT_3D('',#8372,#6069,#6070);
#5610=AXIS2_PLACEMENT_3D('',#8389,#6074,#6075);
#5611=AXIS2_PLACEMENT_3D('',#8432,#6081,#6082);
#5612=AXIS2_PLACEMENT_3D('',#8487,#6090,#6091);
#5613=AXIS2_PLACEMENT_3D('',#8496,#6094,#6095);
#5614=AXIS2_PLACEMENT_3D('',#8535,#6101,#6102);
#5615=AXIS2_PLACEMENT_3D('',#8556,#6106,#6107);
#5616=AXIS2_PLACEMENT_3D('',#8623,#6117,#6118);
#5617=AXIS2_PLACEMENT_3D('',#8668,#6126,#6127);
#5618=AXIS2_PLACEMENT_3D('',#8677,#6129,#6130);
#5619=AXIS2_PLACEMENT_3D('',#8686,#6133,#6134);
#5620=AXIS2_PLACEMENT_3D('',#8759,#6142,#6143);
#5621=AXIS2_PLACEMENT_3D('',#8818,#6147,#6148);
#5622=AXIS2_PLACEMENT_3D('',#8878,#6156,#6157);
#5623=AXIS2_PLACEMENT_3D('',#8983,#6168,#6169);
#5624=AXIS2_PLACEMENT_3D('',#8992,#6172,#6173);
#5625=AXIS2_PLACEMENT_3D('',#9045,#6181,#6182);
#5626=AXIS2_PLACEMENT_3D('',#9100,#6188,#6189);
#5627=AXIS2_PLACEMENT_3D('',#9121,#6193,#6194);
#5628=AXIS2_PLACEMENT_3D('',#9188,#6204,#6205);
#5629=AXIS2_PLACEMENT_3D('',#9201,#6207,#6208);
#5630=AXIS2_PLACEMENT_3D('',#9210,#6211,#6212);
#5631=AXIS2_PLACEMENT_3D('',#9241,#6218,#6219);
#5632=AXIS2_PLACEMENT_3D('',#9262,#6223,#6224);
#5633=AXIS2_PLACEMENT_3D('',#9279,#6228,#6229);
#5634=AXIS2_PLACEMENT_3D('',#9322,#6235,#6236);
#5635=AXIS2_PLACEMENT_3D('',#9377,#6244,#6245);
#5636=AXIS2_PLACEMENT_3D('',#9378,#6246,#6247);
#5637=AXIS2_PLACEMENT_3D('',#9379,#6248,#6249);
#5638=AXIS2_PLACEMENT_3D('',#9380,#6250,#6251);
#5639=AXIS2_PLACEMENT_3D('',#9381,#6252,#6253);
#5640=AXIS2_PLACEMENT_3D('',#9383,#6254,#6255);
#5641=AXIS2_PLACEMENT_3D('',#9385,#6256,#6257);
#5642=AXIS2_PLACEMENT_3D('',#9386,#6258,#6259);
#5643=AXIS2_PLACEMENT_3D('',#9387,#6260,#6261);
#5644=AXIS2_PLACEMENT_3D('',#9388,#6262,#6263);
#5645=AXIS2_PLACEMENT_3D('',#9390,#6264,#6265);
#5646=AXIS2_PLACEMENT_3D('',#9392,#6266,#6267);
#5647=AXIS2_PLACEMENT_3D('',#9393,#6268,#6269);
#5648=AXIS2_PLACEMENT_3D('',#9394,#6270,#6271);
#5649=AXIS2_PLACEMENT_3D('',#9395,#6272,#6273);
#5650=AXIS2_PLACEMENT_3D('',#9397,#6274,#6275);
#5651=AXIS2_PLACEMENT_3D('',#9399,#6276,#6277);
#5652=AXIS2_PLACEMENT_3D('',#9400,#6278,#6279);
#5653=AXIS2_PLACEMENT_3D('',#9401,#6280,#6281);
#5654=AXIS2_PLACEMENT_3D('',#9402,#6282,#6283);
#5655=AXIS2_PLACEMENT_3D('',#9404,#6284,#6285);
#5656=AXIS2_PLACEMENT_3D('',#9406,#6286,#6287);
#5657=AXIS2_PLACEMENT_3D('',#9407,#6288,#6289);
#5658=AXIS2_PLACEMENT_3D('',#9408,#6290,#6291);
#5659=AXIS2_PLACEMENT_3D('',#9409,#6292,#6293);
#5660=AXIS2_PLACEMENT_3D('',#9411,#6294,#6295);
#5661=AXIS2_PLACEMENT_3D('',#9413,#6296,#6297);
#5662=AXIS2_PLACEMENT_3D('',#9414,#6298,#6299);
#5663=AXIS2_PLACEMENT_3D('',#9415,#6300,#6301);
#5664=AXIS2_PLACEMENT_3D('',#9416,#6302,#6303);
#5665=AXIS2_PLACEMENT_3D('',#9418,#6304,#6305);
#5666=AXIS2_PLACEMENT_3D('',#9420,#6306,#6307);
#5667=AXIS2_PLACEMENT_3D('',#9421,#6308,#6309);
#5668=AXIS2_PLACEMENT_3D('',#9422,#6310,#6311);
#5669=AXIS2_PLACEMENT_3D('',#9423,#6312,#6313);
#5670=AXIS2_PLACEMENT_3D('',#9425,#6314,#6315);
#5671=AXIS2_PLACEMENT_3D('',#9427,#6316,#6317);
#5672=AXIS2_PLACEMENT_3D('',#9428,#6318,#6319);
#5673=AXIS2_PLACEMENT_3D('',#9429,#6320,#6321);
#5674=AXIS2_PLACEMENT_3D('',#9438,#6326,#6327);
#5675=AXIS2_PLACEMENT_3D('',#9452,#6335,#6336);
#5676=AXIS2_PLACEMENT_3D('',#9458,#6340,#6341);
#5677=AXIS2_PLACEMENT_3D('',#9469,#6348,#6349);
#5678=AXIS2_PLACEMENT_3D('',#9470,#6350,#6351);
#5679=AXIS2_PLACEMENT_3D('',#9472,#6353,#6354);
#5680=AXIS2_PLACEMENT_3D('',#9475,#6357,#6358);
#5681=AXIS2_PLACEMENT_3D('',#9476,#6359,#6360);
#5682=AXIS2_PLACEMENT_3D('',#9478,#6362,#6363);
#5683=AXIS2_PLACEMENT_3D('',#9479,#6364,#6365);
#5684=DIRECTION('',(0.,0.,1.));
#5685=DIRECTION('',(1.,0.,0.));
#5686=DIRECTION('',(-1.,1.16573417585641E-15,0.));
#5687=DIRECTION('',(0.,1.,0.));
#5688=DIRECTION('',(1.,-1.19348975147204E-15,0.));
#5689=DIRECTION('',(0.,1.,2.38697950294409E-15));
#5690=DIRECTION('',(-1.,0.,0.));
#5691=DIRECTION('',(0.,-1.,0.));
#5692=DIRECTION('',(-1.,0.,0.));
#5693=DIRECTION('',(0.,1.,0.));
#5694=DIRECTION('',(1.,-2.06786923443144E-15,0.));
#5695=DIRECTION('',(0.,-1.,0.));
#5696=DIRECTION('',(-1.,0.,0.));
#5697=DIRECTION('',(0.,-1.,0.));
#5698=DIRECTION('',(1.,0.,0.));
#5699=DIRECTION('',(0.,1.,2.38697950294409E-15));
#5700=DIRECTION('',(0.,0.,-1.));
#5701=DIRECTION('',(-1.,0.,0.));
#5702=DIRECTION('',(0.,-1.,0.));
#5703=DIRECTION('',(0.,0.,1.));
#5704=DIRECTION('',(0.,4.44089209850062E-15,-1.));
#5705=DIRECTION('',(0.,-1.,-2.38697950294409E-15));
#5706=DIRECTION('',(0.,-1.17145536458252E-15,1.));
#5707=DIRECTION('',(0.,0.,1.));
#5708=DIRECTION('',(-1.,0.,0.));
#5709=DIRECTION('',(0.,0.,1.));
#5710=DIRECTION('',(0.,4.44089209850062E-15,-1.));
#5711=DIRECTION('',(1.,0.,0.));
#5712=DIRECTION('',(0.,0.999999999999996,0.));
#5713=DIRECTION('',(0.,1.,0.));
#5714=DIRECTION('',(1.,0.,0.));
#5715=DIRECTION('',(0.,0.,-1.));
#5716=DIRECTION('',(-1.,0.,0.));
#5717=DIRECTION('',(0.,-1.17145536458252E-15,-1.));
#5718=DIRECTION('',(0.,1.,-1.17145536458252E-15));
#5719=DIRECTION('',(0.,1.17145536458252E-15,1.));
#5720=DIRECTION('',(1.,0.,0.));
#5721=DIRECTION('',(-1.,0.,0.));
#5722=DIRECTION('',(0.,1.,0.));
#5723=DIRECTION('',(0.,0.,1.));
#5724=DIRECTION('',(1.,0.,0.));
#5725=DIRECTION('',(-1.,0.,0.));
#5726=DIRECTION('',(1.,0.,0.));
#5727=DIRECTION('',(0.,0.999999999999996,0.));
#5728=DIRECTION('',(-1.,0.,0.));
#5729=DIRECTION('',(0.,0.,1.));
#5730=DIRECTION('',(1.,0.,0.));
#5731=DIRECTION('',(0.,0.,-1.));
#5732=DIRECTION('',(0.,0.,-1.));
#5733=DIRECTION('',(-1.,2.06786923443144E-15,0.));
#5734=DIRECTION('',(0.,0.,-1.));
#5735=DIRECTION('',(-2.06786923443144E-15,-1.,0.));
#5736=DIRECTION('',(1.,-2.06779038336435E-15,0.));
#5737=DIRECTION('',(0.,0.,-1.));
#5738=DIRECTION('',(0.,-1.,0.));
#5739=DIRECTION('',(1.,0.,0.));
#5740=DIRECTION('',(0.,0.,-1.));
#5741=DIRECTION('',(0.,0.,-1.));
#5742=DIRECTION('',(1.,0.,0.));
#5743=DIRECTION('',(0.,1.,0.));
#5744=DIRECTION('',(0.,0.,1.));
#5745=DIRECTION('',(0.,1.,0.));
#5746=DIRECTION('',(-1.,0.,0.));
#5747=DIRECTION('',(0.,0.,1.));
#5748=DIRECTION('',(0.,0.,1.));
#5749=DIRECTION('',(1.,0.,0.));
#5750=DIRECTION('',(0.,-1.,-4.44089209850062E-15));
#5751=DIRECTION('',(0.,4.44089209850063E-15,-1.));
#5752=DIRECTION('',(0.,0.,-1.));
#5753=DIRECTION('',(-1.,1.19348975147204E-15,0.));
#5754=DIRECTION('',(-1.19348975147204E-15,-1.,0.));
#5755=DIRECTION('',(1.,-1.19348975147204E-15,0.));
#5756=DIRECTION('',(0.,0.,-1.));
#5757=DIRECTION('',(-1.13686837721616E-15,-1.,0.));
#5758=DIRECTION('',(1.,0.,0.));
#5759=DIRECTION('',(0.,0.,-1.));
#5760=DIRECTION('',(1.,-1.16573417585641E-15,0.));
#5761=DIRECTION('',(1.16573417585641E-15,1.,0.));
#5762=DIRECTION('',(-1.,1.16573417585641E-15,0.));
#5763=DIRECTION('',(0.,0.,1.));
#5764=DIRECTION('',(1.,0.,0.));
#5765=DIRECTION('',(-1.,0.,0.));
#5766=DIRECTION('',(0.,-1.,-1.73472347597681E-16));
#5767=DIRECTION('',(-1.,0.,0.));
#5768=DIRECTION('',(0.,-1.,-1.73472347597681E-16));
#5769=DIRECTION('',(1.,0.,0.));
#5770=DIRECTION('',(0.,0.,-1.));
#5771=DIRECTION('',(-1.,0.,0.));
#5772=DIRECTION('',(0.,0.,1.));
#5773=DIRECTION('',(-1.,0.,0.));
#5774=DIRECTION('',(0.,0.,1.));
#5775=DIRECTION('',(-1.,0.,0.));
#5776=DIRECTION('',(0.,-1.,-1.73472347597681E-16));
#5777=DIRECTION('',(-1.,0.,0.));
#5778=DIRECTION('',(0.,-1.,-1.73472347597681E-16));
#5779=DIRECTION('',(1.,0.,0.));
#5780=DIRECTION('',(0.,0.,-1.));
#5781=DIRECTION('',(-1.,0.,0.));
#5782=DIRECTION('',(0.,0.,1.));
#5783=DIRECTION('',(-1.,0.,0.));
#5784=DIRECTION('',(0.,0.,1.));
#5785=DIRECTION('',(-1.,0.,0.));
#5786=DIRECTION('',(0.,-1.,-1.73472347597681E-16));
#5787=DIRECTION('',(-1.,0.,0.));
#5788=DIRECTION('',(0.,-1.,-1.73472347597681E-16));
#5789=DIRECTION('',(1.,0.,0.));
#5790=DIRECTION('',(0.,0.,-1.));
#5791=DIRECTION('',(-1.,0.,0.));
#5792=DIRECTION('',(0.,0.,1.));
#5793=DIRECTION('',(-1.,0.,0.));
#5794=DIRECTION('',(0.,0.,1.));
#5795=DIRECTION('',(-1.,0.,0.));
#5796=DIRECTION('',(0.,-1.,-1.73472347597681E-16));
#5797=DIRECTION('',(-1.,0.,0.));
#5798=DIRECTION('',(0.,-1.,-1.73472347597681E-16));
#5799=DIRECTION('',(1.,0.,0.));
#5800=DIRECTION('',(0.,0.,-1.));
#5801=DIRECTION('',(-1.,0.,0.));
#5802=DIRECTION('',(0.,0.,1.));
#5803=DIRECTION('',(-1.,0.,0.));
#5804=DIRECTION('',(0.,0.,1.));
#5805=DIRECTION('',(-1.,0.,0.));
#5806=DIRECTION('',(0.,-1.,-1.73472347597681E-16));
#5807=DIRECTION('',(-1.,0.,0.));
#5808=DIRECTION('',(0.,-1.,-1.73472347597681E-16));
#5809=DIRECTION('',(1.,0.,0.));
#5810=DIRECTION('',(0.,0.,-1.));
#5811=DIRECTION('',(-1.,0.,0.));
#5812=DIRECTION('',(0.,0.,1.));
#5813=DIRECTION('',(-1.,0.,0.));
#5814=DIRECTION('',(0.,0.,1.));
#5815=DIRECTION('',(-1.,0.,0.));
#5816=DIRECTION('',(0.,-1.,-1.73472347597681E-16));
#5817=DIRECTION('',(-1.,0.,0.));
#5818=DIRECTION('',(0.,-1.,-1.73472347597681E-16));
#5819=DIRECTION('',(1.,0.,0.));
#5820=DIRECTION('',(0.,0.,-1.));
#5821=DIRECTION('',(-1.,0.,0.));
#5822=DIRECTION('',(0.,0.,1.));
#5823=DIRECTION('',(-1.,0.,0.));
#5824=DIRECTION('',(0.,0.,1.));
#5825=DIRECTION('',(-1.,0.,0.));
#5826=DIRECTION('',(0.,-1.,-1.73472347597681E-16));
#5827=DIRECTION('',(-1.,0.,0.));
#5828=DIRECTION('',(0.,-1.,-1.73472347597681E-16));
#5829=DIRECTION('',(1.,0.,0.));
#5830=DIRECTION('',(0.,0.,-1.));
#5831=DIRECTION('',(-1.,0.,0.));
#5832=DIRECTION('',(0.,0.,1.));
#5833=DIRECTION('',(-1.,0.,0.));
#5834=DIRECTION('',(0.,0.,1.));
#5835=DIRECTION('',(-1.,0.,0.));
#5836=DIRECTION('',(0.,-1.,-1.73472347597681E-16));
#5837=DIRECTION('',(-1.,0.,0.));
#5838=DIRECTION('',(0.,-1.,-1.73472347597681E-16));
#5839=DIRECTION('',(1.,0.,0.));
#5840=DIRECTION('',(0.,0.,-1.));
#5841=DIRECTION('',(-1.,0.,0.));
#5842=DIRECTION('',(0.,0.,1.));
#5843=DIRECTION('',(-1.,0.,0.));
#5844=DIRECTION('',(0.,0.,1.));
#5845=DIRECTION('',(-1.,0.,0.));
#5846=DIRECTION('',(0.,-1.,-1.73472347597681E-16));
#5847=DIRECTION('',(-1.,0.,0.));
#5848=DIRECTION('',(0.,-1.,-1.73472347597681E-16));
#5849=DIRECTION('',(1.,0.,0.));
#5850=DIRECTION('',(0.,0.,-1.));
#5851=DIRECTION('',(-1.,0.,0.));
#5852=DIRECTION('',(0.,0.,1.));
#5853=DIRECTION('',(-1.,0.,0.));
#5854=DIRECTION('',(0.,0.,1.));
#5855=DIRECTION('',(-1.,0.,0.));
#5856=DIRECTION('',(0.,-1.,-1.73472347597681E-16));
#5857=DIRECTION('',(-1.,0.,0.));
#5858=DIRECTION('',(0.,-1.,-1.73472347597681E-16));
#5859=DIRECTION('',(1.,0.,0.));
#5860=DIRECTION('',(0.,0.,-1.));
#5861=DIRECTION('',(-1.,0.,0.));
#5862=DIRECTION('',(0.,0.,1.));
#5863=DIRECTION('',(-1.,0.,0.));
#5864=DIRECTION('',(0.,0.,1.));
#5865=DIRECTION('',(-1.,0.,0.));
#5866=DIRECTION('',(0.,-0.999999999999999,-1.73472347597681E-16));
#5867=DIRECTION('',(-1.,0.,0.));
#5868=DIRECTION('',(0.,-0.999999999999999,-1.73472347597681E-16));
#5869=DIRECTION('',(1.,0.,0.));
#5870=DIRECTION('',(0.,0.,-1.));
#5871=DIRECTION('',(-1.,0.,0.));
#5872=DIRECTION('',(0.,0.,1.));
#5873=DIRECTION('',(-1.,0.,0.));
#5874=DIRECTION('',(0.,0.,1.));
#5875=DIRECTION('',(-1.,0.,0.));
#5876=DIRECTION('',(0.,-1.,-1.73472347597681E-16));
#5877=DIRECTION('',(-1.,0.,0.));
#5878=DIRECTION('',(0.,-1.,-1.73472347597681E-16));
#5879=DIRECTION('',(1.,0.,0.));
#5880=DIRECTION('',(0.,0.,-1.));
#5881=DIRECTION('',(-1.,0.,0.));
#5882=DIRECTION('',(0.,0.,1.));
#5883=DIRECTION('',(-1.,0.,0.));
#5884=DIRECTION('',(0.,0.,1.));
#5885=DIRECTION('',(-1.,0.,0.));
#5886=DIRECTION('',(0.,-1.,-1.73472347597681E-16));
#5887=DIRECTION('',(-1.,0.,0.));
#5888=DIRECTION('',(0.,-1.,-1.73472347597681E-16));
#5889=DIRECTION('',(1.,0.,0.));
#5890=DIRECTION('',(0.,0.,-1.));
#5891=DIRECTION('',(-1.,0.,0.));
#5892=DIRECTION('',(0.,0.,1.));
#5893=DIRECTION('',(-1.,0.,0.));
#5894=DIRECTION('',(0.,0.,1.));
#5895=DIRECTION('',(1.,1.2335811384724E-15,0.));
#5896=DIRECTION('',(0.,0.,1.));
#5897=DIRECTION('',(1.,1.2335811384724E-15,0.));
#5898=DIRECTION('',(0.,0.,1.));
#5899=DIRECTION('',(1.2335811384724E-15,-1.,0.));
#5900=DIRECTION('',(1.,1.22124532708767E-15,0.));
#5901=DIRECTION('',(0.,1.,0.));
#5902=DIRECTION('',(0.,0.,1.));
#5903=DIRECTION('',(0.,1.,0.));
#5904=DIRECTION('',(0.,0.,1.));
#5905=DIRECTION('',(1.,0.,0.));
#5906=DIRECTION('',(0.,0.,-1.));
#5907=DIRECTION('',(1.,1.16573417585641E-15,0.));
#5908=DIRECTION('',(0.,0.,1.));
#5909=DIRECTION('',(1.,1.16573417585641E-15,0.));
#5910=DIRECTION('',(1.16573417585641E-15,-1.,0.));
#5911=DIRECTION('',(1.,1.19348975147204E-15,0.));
#5912=DIRECTION('',(0.,1.,0.));
#5913=DIRECTION('',(0.,1.,0.));
#5914=DIRECTION('',(1.,0.,0.));
#5915=DIRECTION('',(0.,0.,-1.));
#5916=DIRECTION('',(0.,-1.,0.));
#5917=DIRECTION('',(0.,0.,1.));
#5918=DIRECTION('',(9.93357443085667E-16,-1.,0.));
#5919=DIRECTION('',(-1.,0.,0.));
#5920=DIRECTION('',(0.,0.,1.));
#5921=DIRECTION('',(-1.,-4.78681421985752E-16,0.));
#5922=DIRECTION('',(-1.,-4.78681421985752E-16,0.));
#5923=DIRECTION('',(-4.78681421985751E-16,1.,0.));
#5924=DIRECTION('',(-1.,-4.78681421985752E-16,0.));
#5925=DIRECTION('',(0.,0.,-1.));
#5926=DIRECTION('',(-1.,0.,0.));
#5927=DIRECTION('',(0.,0.,-1.));
#5928=DIRECTION('',(-1.,0.,0.));
#5929=DIRECTION('',(0.,1.,0.));
#5930=DIRECTION('',(0.,1.,0.));
#5931=DIRECTION('',(0.,0.,-1.));
#5932=DIRECTION('',(-1.,0.,0.));
#5933=DIRECTION('',(0.,1.,0.));
#5934=DIRECTION('',(0.,1.,0.));
#5935=DIRECTION('',(0.,1.,0.));
#5936=DIRECTION('',(0.,1.,0.));
#5937=DIRECTION('',(0.,1.,0.));
#5938=DIRECTION('',(0.,1.,0.));
#5939=DIRECTION('',(0.,1.,0.));
#5940=DIRECTION('',(0.,1.,0.));
#5941=DIRECTION('',(0.,1.,0.));
#5942=DIRECTION('',(2.03552991719243E-14,0.,-1.));
#5943=DIRECTION('',(-1.,0.,-2.03725925018716E-14));
#5944=DIRECTION('',(0.,1.,0.));
#5945=DIRECTION('',(0.,1.,0.));
#5946=DIRECTION('',(0.,1.,0.));
#5947=DIRECTION('',(0.,1.,0.));
#5948=DIRECTION('',(0.,1.,0.));
#5949=DIRECTION('',(0.,1.,0.));
#5950=DIRECTION('',(0.,1.,0.));
#5951=DIRECTION('',(1.,0.,0.));
#5952=DIRECTION('',(0.,0.,-1.));
#5953=DIRECTION('',(0.,1.,0.));
#5954=DIRECTION('',(0.,1.,0.));
#5955=DIRECTION('',(0.,1.,0.));
#5956=DIRECTION('',(-1.,0.,0.));
#5957=DIRECTION('',(0.,0.,1.));
#5958=DIRECTION('',(0.,1.,0.));
#5959=DIRECTION('',(0.,1.,0.));
#5960=DIRECTION('',(0.,1.,0.));
#5961=DIRECTION('',(0.,1.,0.));
#5962=DIRECTION('',(0.,1.,0.));
#5963=DIRECTION('',(0.,1.,0.));
#5964=DIRECTION('',(0.,1.,0.));
#5965=DIRECTION('',(0.,1.,0.));
#5966=DIRECTION('',(0.,0.,1.));
#5967=DIRECTION('',(0.,1.,0.));
#5968=DIRECTION('',(0.,1.,0.));
#5969=DIRECTION('',(0.,1.,0.));
#5970=DIRECTION('',(0.,1.,0.));
#5971=DIRECTION('',(0.,1.,0.));
#5972=DIRECTION('',(0.,1.,0.));
#5973=DIRECTION('',(0.,1.,0.));
#5974=DIRECTION('',(0.,1.,0.));
#5975=DIRECTION('',(0.,0.,-1.));
#5976=DIRECTION('',(-1.,0.,0.));
#5977=DIRECTION('',(0.,1.,0.));
#5978=DIRECTION('',(0.,1.,0.));
#5979=DIRECTION('',(0.,1.,0.));
#5980=DIRECTION('',(0.,1.,0.));
#5981=DIRECTION('',(0.,0.,1.));
#5982=DIRECTION('',(1.,0.,0.));
#5983=DIRECTION('',(0.,-1.,0.));
#5984=DIRECTION('',(0.,0.,-1.));
#5985=DIRECTION('',(0.,1.,0.));
#5986=DIRECTION('',(0.,1.,0.));
#5987=DIRECTION('',(0.,1.,0.));
#5988=DIRECTION('',(0.,1.,0.));
#5989=DIRECTION('',(0.,1.,0.));
#5990=DIRECTION('',(0.,1.,0.));
#5991=DIRECTION('',(0.,1.,0.));
#5992=DIRECTION('',(0.232014184593501,0.,-0.972712402587431));
#5993=DIRECTION('',(-0.972712402587431,0.,-0.232014184593501));
#5994=DIRECTION('',(0.,1.,0.));
#5995=DIRECTION('',(0.,1.,0.));
#5996=DIRECTION('',(0.,1.,0.));
#5997=DIRECTION('',(0.744288720576849,0.,0.667857994203916));
#5998=DIRECTION('',(0.667857994203916,0.,-0.744288720576849));
#5999=DIRECTION('',(0.,1.,0.));
#6000=DIRECTION('',(0.,1.,0.));
#6001=DIRECTION('',(0.,1.,0.));
#6002=DIRECTION('',(0.,1.,0.));
#6003=DIRECTION('',(0.,1.,0.));
#6004=DIRECTION('',(0.,1.,0.));
#6005=DIRECTION('',(0.,1.,0.));
#6006=DIRECTION('',(0.,1.,0.));
#6007=DIRECTION('',(0.,1.,0.));
#6008=DIRECTION('',(0.,1.,0.));
#6009=DIRECTION('',(0.,1.,0.));
#6010=DIRECTION('',(-0.963798975071086,0.,0.266629960154375));
#6011=DIRECTION('',(0.266629960154375,0.,0.963798975071086));
#6012=DIRECTION('',(0.,1.,0.));
#6013=DIRECTION('',(0.,1.,0.));
#6014=DIRECTION('',(0.,1.,0.));
#6015=DIRECTION('',(0.,1.,0.));
#6016=DIRECTION('',(0.,1.,0.));
#6017=DIRECTION('',(0.,1.,0.));
#6018=DIRECTION('',(0.,1.,0.));
#6019=DIRECTION('',(0.,0.,1.));
#6020=DIRECTION('',(0.,1.,0.));
#6021=DIRECTION('',(0.,1.,0.));
#6022=DIRECTION('',(0.,1.,0.));
#6023=DIRECTION('',(0.,1.,0.));
#6024=DIRECTION('',(0.,1.,0.));
#6025=DIRECTION('',(0.,1.,0.));
#6026=DIRECTION('',(0.,1.,0.));
#6027=DIRECTION('',(0.232014184593482,0.,-0.972712402587436));
#6028=DIRECTION('',(-0.972712402587436,0.,-0.232014184593482));
#6029=DIRECTION('',(0.,1.,0.));
#6030=DIRECTION('',(0.,1.,0.));
#6031=DIRECTION('',(0.,1.,0.));
#6032=DIRECTION('',(0.74428872057685,0.,0.667857994203914));
#6033=DIRECTION('',(0.667857994203914,0.,-0.74428872057685));
#6034=DIRECTION('',(0.,1.,0.));
#6035=DIRECTION('',(0.,1.,0.));
#6036=DIRECTION('',(0.,1.,0.));
#6037=DIRECTION('',(0.,1.,0.));
#6038=DIRECTION('',(0.,1.,0.));
#6039=DIRECTION('',(0.,1.,0.));
#6040=DIRECTION('',(0.,1.,0.));
#6041=DIRECTION('',(0.,1.,0.));
#6042=DIRECTION('',(0.,1.,0.));
#6043=DIRECTION('',(0.,1.,0.));
#6044=DIRECTION('',(0.,1.,0.));
#6045=DIRECTION('',(-0.963798975071084,0.,0.266629960154382));
#6046=DIRECTION('',(0.266629960154381,0.,0.963798975071084));
#6047=DIRECTION('',(0.,1.,0.));
#6048=DIRECTION('',(0.,1.,0.));
#6049=DIRECTION('',(0.,1.,0.));
#6050=DIRECTION('',(0.,1.,0.));
#6051=DIRECTION('',(0.,1.,0.));
#6052=DIRECTION('',(0.,1.,0.));
#6053=DIRECTION('',(0.,1.,0.));
#6054=DIRECTION('',(0.,0.,1.));
#6055=DIRECTION('',(0.,1.,0.));
#6056=DIRECTION('',(0.,1.,0.));
#6057=DIRECTION('',(-0.931327415975722,0.,0.364182981826423));
#6058=DIRECTION('',(0.364182981826423,0.,0.931327415975722));
#6059=DIRECTION('',(0.,1.,0.));
#6060=DIRECTION('',(0.,1.,0.));
#6061=DIRECTION('',(0.,1.,0.));
#6062=DIRECTION('',(0.,1.,0.));
#6063=DIRECTION('',(0.,1.,0.));
#6064=DIRECTION('',(0.,0.,1.));
#6065=DIRECTION('',(1.,0.,0.));
#6066=DIRECTION('',(0.,1.,0.));
#6067=DIRECTION('',(0.,1.,0.));
#6068=DIRECTION('',(0.,1.,0.));
#6069=DIRECTION('',(1.,0.,0.));
#6070=DIRECTION('',(0.,0.,-1.));
#6071=DIRECTION('',(0.,1.,0.));
#6072=DIRECTION('',(0.,1.,0.));
#6073=DIRECTION('',(0.,1.,0.));
#6074=DIRECTION('',(0.05444260052495,0.,-0.998516901833955));
#6075=DIRECTION('',(-0.998516901833955,0.,-0.05444260052495));
#6076=DIRECTION('',(0.,1.,0.));
#6077=DIRECTION('',(0.,1.,0.));
#6078=DIRECTION('',(0.,1.,0.));
#6079=DIRECTION('',(0.,1.,0.));
#6080=DIRECTION('',(0.,1.,0.));
#6081=DIRECTION('',(-0.978203192628313,0.,0.207649979368588));
#6082=DIRECTION('',(0.207649979368588,0.,0.978203192628313));
#6083=DIRECTION('',(0.,1.,0.));
#6084=DIRECTION('',(0.,1.,0.));
#6085=DIRECTION('',(0.,1.,0.));
#6086=DIRECTION('',(0.,1.,0.));
#6087=DIRECTION('',(0.,1.,0.));
#6088=DIRECTION('',(0.,1.,0.));
#6089=DIRECTION('',(0.,1.,0.));
#6090=DIRECTION('',(0.,1.,0.));
#6091=DIRECTION('',(0.,0.,1.));
#6092=DIRECTION('',(0.,1.,0.));
#6093=DIRECTION('',(0.,1.,0.));
#6094=DIRECTION('',(1.,0.,0.));
#6095=DIRECTION('',(0.,0.,-1.));
#6096=DIRECTION('',(0.,1.,0.));
#6097=DIRECTION('',(0.,1.,0.));
#6098=DIRECTION('',(0.,1.,0.));
#6099=DIRECTION('',(0.,1.,0.));
#6100=DIRECTION('',(0.,1.,0.));
#6101=DIRECTION('',(1.,0.,0.));
#6102=DIRECTION('',(0.,0.,-1.));
#6103=DIRECTION('',(0.,1.,0.));
#6104=DIRECTION('',(0.,1.,0.));
#6105=DIRECTION('',(0.,1.,0.));
#6106=DIRECTION('',(-1.,0.,0.));
#6107=DIRECTION('',(0.,0.,1.));
#6108=DIRECTION('',(0.,1.,0.));
#6109=DIRECTION('',(0.,1.,0.));
#6110=DIRECTION('',(0.,1.,0.));
#6111=DIRECTION('',(0.,1.,0.));
#6112=DIRECTION('',(0.,1.,0.));
#6113=DIRECTION('',(0.,1.,0.));
#6114=DIRECTION('',(0.,1.,0.));
#6115=DIRECTION('',(0.,1.,0.));
#6116=DIRECTION('',(0.,1.,0.));
#6117=DIRECTION('',(2.73278325899304E-14,0.,-1.));
#6118=DIRECTION('',(-1.,0.,-2.73114864057789E-14));
#6119=DIRECTION('',(0.,1.,0.));
#6120=DIRECTION('',(0.,1.,0.));
#6121=DIRECTION('',(0.,1.,0.));
#6122=DIRECTION('',(0.,1.,0.));
#6123=DIRECTION('',(0.,1.,0.));
#6124=DIRECTION('',(0.,1.,0.));
#6125=DIRECTION('',(0.,1.,0.));
#6126=DIRECTION('',(-0.798171699764982,0.,0.602430027218331));
#6127=DIRECTION('',(0.602430027218331,0.,0.798171699764982));
#6128=DIRECTION('',(0.,1.,0.));
#6129=DIRECTION('',(0.,1.,0.));
#6130=DIRECTION('',(0.,0.,1.));
#6131=DIRECTION('',(0.,1.,0.));
#6132=DIRECTION('',(0.,1.,0.));
#6133=DIRECTION('',(0.,0.,1.));
#6134=DIRECTION('',(1.,0.,0.));
#6135=DIRECTION('',(0.,1.,0.));
#6136=DIRECTION('',(0.,1.,0.));
#6137=DIRECTION('',(0.,1.,0.));
#6138=DIRECTION('',(0.,1.,0.));
#6139=DIRECTION('',(0.,1.,0.));
#6140=DIRECTION('',(0.,1.,0.));
#6141=DIRECTION('',(0.,1.,0.));
#6142=DIRECTION('',(0.0809545756745714,0.,-0.996717791893648));
#6143=DIRECTION('',(-0.996717791893649,0.,-0.0809545756745714));
#6144=DIRECTION('',(0.,1.,0.));
#6145=DIRECTION('',(0.,1.,0.));
#6146=DIRECTION('',(0.,1.,0.));
#6147=DIRECTION('',(0.,1.,0.));
#6148=DIRECTION('',(0.,0.,1.));
#6149=DIRECTION('',(0.,1.,0.));
#6150=DIRECTION('',(0.,1.,0.));
#6151=DIRECTION('',(0.,1.,0.));
#6152=DIRECTION('',(0.,1.,0.));
#6153=DIRECTION('',(0.,1.,0.));
#6154=DIRECTION('',(0.,1.,0.));
#6155=DIRECTION('',(0.,1.,0.));
#6156=DIRECTION('',(-0.959876874639281,0.,0.280421799317967));
#6157=DIRECTION('',(0.280421799317967,0.,0.959876874639281));
#6158=DIRECTION('',(0.,1.,0.));
#6159=DIRECTION('',(0.,1.,0.));
#6160=DIRECTION('',(0.,1.,0.));
#6161=DIRECTION('',(0.,1.,0.));
#6162=DIRECTION('',(0.,1.,0.));
#6163=DIRECTION('',(0.,1.,0.));
#6164=DIRECTION('',(0.,1.,0.));
#6165=DIRECTION('',(0.,1.,0.));
#6166=DIRECTION('',(0.,1.,0.));
#6167=DIRECTION('',(0.,1.,0.));
#6168=DIRECTION('',(0.,1.,0.));
#6169=DIRECTION('',(0.,0.,1.));
#6170=DIRECTION('',(0.,1.,0.));
#6171=DIRECTION('',(0.,1.,0.));
#6172=DIRECTION('',(1.,0.,0.));
#6173=DIRECTION('',(0.,0.,-1.));
#6174=DIRECTION('',(0.,1.,0.));
#6175=DIRECTION('',(0.,1.,0.));
#6176=DIRECTION('',(0.,1.,0.));
#6177=DIRECTION('',(0.,1.,0.));
#6178=DIRECTION('',(0.,1.,0.));
#6179=DIRECTION('',(0.,1.,0.));
#6180=DIRECTION('',(0.,1.,0.));
#6181=DIRECTION('',(0.835014950734009,0.,0.55022725491444));
#6182=DIRECTION('',(0.550227254914441,0.,-0.835014950734009));
#6183=DIRECTION('',(0.,1.,0.));
#6184=DIRECTION('',(0.,1.,0.));
#6185=DIRECTION('',(0.,1.,0.));
#6186=DIRECTION('',(0.,1.,0.));
#6187=DIRECTION('',(0.,1.,0.));
#6188=DIRECTION('',(-1.,0.,0.));
#6189=DIRECTION('',(0.,0.,1.));
#6190=DIRECTION('',(0.,1.,0.));
#6191=DIRECTION('',(0.,1.,0.));
#6192=DIRECTION('',(0.,1.,0.));
#6193=DIRECTION('',(1.,0.,0.));
#6194=DIRECTION('',(0.,0.,-1.));
#6195=DIRECTION('',(0.,1.,0.));
#6196=DIRECTION('',(0.,1.,0.));
#6197=DIRECTION('',(0.,1.,0.));
#6198=DIRECTION('',(0.,1.,0.));
#6199=DIRECTION('',(0.,1.,0.));
#6200=DIRECTION('',(0.,1.,0.));
#6201=DIRECTION('',(0.,1.,0.));
#6202=DIRECTION('',(0.,1.,0.));
#6203=DIRECTION('',(0.,1.,0.));
#6204=DIRECTION('',(-1.,0.,0.));
#6205=DIRECTION('',(0.,0.,1.));
#6206=DIRECTION('',(0.,1.,0.));
#6207=DIRECTION('',(0.,1.,0.));
#6208=DIRECTION('',(0.,0.,1.));
#6209=DIRECTION('',(0.,1.,0.));
#6210=DIRECTION('',(0.,1.,0.));
#6211=DIRECTION('',(-0.931327415975722,0.,0.364182981826423));
#6212=DIRECTION('',(0.364182981826423,0.,0.931327415975722));
#6213=DIRECTION('',(0.,1.,0.));
#6214=DIRECTION('',(0.,1.,0.));
#6215=DIRECTION('',(0.,1.,0.));
#6216=DIRECTION('',(0.,1.,0.));
#6217=DIRECTION('',(0.,1.,0.));
#6218=DIRECTION('',(0.,0.,1.));
#6219=DIRECTION('',(1.,0.,0.));
#6220=DIRECTION('',(0.,1.,0.));
#6221=DIRECTION('',(0.,1.,0.));
#6222=DIRECTION('',(0.,1.,0.));
#6223=DIRECTION('',(1.,0.,0.));
#6224=DIRECTION('',(0.,0.,-1.));
#6225=DIRECTION('',(0.,1.,0.));
#6226=DIRECTION('',(0.,1.,0.));
#6227=DIRECTION('',(0.,1.,0.));
#6228=DIRECTION('',(0.0544426005249494,0.,-0.998516901833955));
#6229=DIRECTION('',(-0.998516901833955,0.,-0.0544426005249494));
#6230=DIRECTION('',(0.,1.,0.));
#6231=DIRECTION('',(0.,1.,0.));
#6232=DIRECTION('',(0.,1.,0.));
#6233=DIRECTION('',(0.,1.,0.));
#6234=DIRECTION('',(0.,1.,0.));
#6235=DIRECTION('',(-0.978203192628313,0.,0.207649979368588));
#6236=DIRECTION('',(0.207649979368588,0.,0.978203192628313));
#6237=DIRECTION('',(0.,1.,0.));
#6238=DIRECTION('',(0.,1.,0.));
#6239=DIRECTION('',(0.,1.,0.));
#6240=DIRECTION('',(0.,1.,0.));
#6241=DIRECTION('',(0.,1.,0.));
#6242=DIRECTION('',(0.,1.,0.));
#6243=DIRECTION('',(0.,1.,0.));
#6244=DIRECTION('',(0.,1.,0.));
#6245=DIRECTION('',(0.,0.,1.));
#6246=DIRECTION('',(1.2335811384724E-15,-1.,0.));
#6247=DIRECTION('',(1.,1.22124532708767E-15,0.));
#6248=DIRECTION('',(1.2335811384724E-15,-1.,0.));
#6249=DIRECTION('',(1.,1.22124532708767E-15,0.));
#6250=DIRECTION('',(1.2335811384724E-15,-1.,0.));
#6251=DIRECTION('',(1.,1.22124532708767E-15,0.));
#6252=DIRECTION('',(0.,1.,0.));
#6253=DIRECTION('',(-1.,0.,-1.73472347597681E-16));
#6254=DIRECTION('',(0.,1.,0.));
#6255=DIRECTION('',(-1.,0.,-1.73472347597681E-16));
#6256=DIRECTION('',(0.,-1.,0.));
#6257=DIRECTION('',(0.,0.,-1.));
#6258=DIRECTION('',(0.,1.,0.));
#6259=DIRECTION('',(0.,0.,1.));
#6260=DIRECTION('',(0.,1.,0.));
#6261=DIRECTION('',(0.,0.,1.));
#6262=DIRECTION('',(0.,1.,0.));
#6263=DIRECTION('',(-1.,0.,-1.73472347597681E-16));
#6264=DIRECTION('',(0.,1.,0.));
#6265=DIRECTION('',(-1.,0.,-1.73472347597681E-16));
#6266=DIRECTION('',(0.,-1.,0.));
#6267=DIRECTION('',(0.,0.,-1.));
#6268=DIRECTION('',(0.,1.,0.));
#6269=DIRECTION('',(0.,0.,1.));
#6270=DIRECTION('',(0.,1.,0.));
#6271=DIRECTION('',(0.,0.,1.));
#6272=DIRECTION('',(0.,1.,0.));
#6273=DIRECTION('',(-0.999999999999999,0.,-1.73472347597681E-16));
#6274=DIRECTION('',(0.,1.,0.));
#6275=DIRECTION('',(-0.999999999999999,0.,-1.73472347597681E-16));
#6276=DIRECTION('',(0.,-1.,0.));
#6277=DIRECTION('',(0.,0.,-1.));
#6278=DIRECTION('',(0.,1.,0.));
#6279=DIRECTION('',(0.,0.,1.));
#6280=DIRECTION('',(0.,1.,0.));
#6281=DIRECTION('',(0.,0.,1.));
#6282=DIRECTION('',(0.,1.,0.));
#6283=DIRECTION('',(-1.,0.,-1.73472347597681E-16));
#6284=DIRECTION('',(0.,1.,0.));
#6285=DIRECTION('',(-1.,0.,-1.73472347597681E-16));
#6286=DIRECTION('',(0.,-1.,0.));
#6287=DIRECTION('',(0.,0.,-1.));
#6288=DIRECTION('',(0.,1.,0.));
#6289=DIRECTION('',(0.,0.,1.));
#6290=DIRECTION('',(0.,1.,0.));
#6291=DIRECTION('',(0.,0.,1.));
#6292=DIRECTION('',(0.,1.,0.));
#6293=DIRECTION('',(-1.,0.,-1.73472347597681E-16));
#6294=DIRECTION('',(0.,1.,0.));
#6295=DIRECTION('',(-1.,0.,-1.73472347597681E-16));
#6296=DIRECTION('',(0.,-1.,0.));
#6297=DIRECTION('',(0.,0.,-1.));
#6298=DIRECTION('',(0.,1.,0.));
#6299=DIRECTION('',(0.,0.,1.));
#6300=DIRECTION('',(0.,1.,0.));
#6301=DIRECTION('',(0.,0.,1.));
#6302=DIRECTION('',(0.,1.,0.));
#6303=DIRECTION('',(-1.,0.,-1.73472347597681E-16));
#6304=DIRECTION('',(0.,1.,0.));
#6305=DIRECTION('',(-1.,0.,-1.73472347597681E-16));
#6306=DIRECTION('',(0.,-1.,0.));
#6307=DIRECTION('',(0.,0.,-1.));
#6308=DIRECTION('',(0.,1.,0.));
#6309=DIRECTION('',(0.,0.,1.));
#6310=DIRECTION('',(0.,1.,0.));
#6311=DIRECTION('',(0.,0.,1.));
#6312=DIRECTION('',(0.,1.,0.));
#6313=DIRECTION('',(-1.,0.,-1.73472347597681E-16));
#6314=DIRECTION('',(0.,1.,0.));
#6315=DIRECTION('',(-1.,0.,-1.73472347597681E-16));
#6316=DIRECTION('',(0.,-1.,0.));
#6317=DIRECTION('',(0.,0.,-1.));
#6318=DIRECTION('',(0.,1.,0.));
#6319=DIRECTION('',(0.,0.,1.));
#6320=DIRECTION('',(0.,1.,0.));
#6321=DIRECTION('',(0.,0.,1.));
#6322=DIRECTION('',(0.,1.,0.));
#6323=DIRECTION('',(-1.15648231731787E-15,0.,-1.));
#6324=DIRECTION('',(0.,1.,0.));
#6325=DIRECTION('',(-3.75856753128308E-15,0.,-1.));
#6326=DIRECTION('',(1.,0.,-3.75856753128308E-15));
#6327=DIRECTION('',(-3.75827841070375E-15,0.,-1.));
#6328=DIRECTION('',(1.,0.,-1.00929365875014E-15));
#6329=DIRECTION('',(0.,1.,0.));
#6330=DIRECTION('',(1.,0.,0.));
#6331=DIRECTION('',(0.,1.,0.));
#6332=DIRECTION('',(1.,0.,-1.00929365875014E-15));
#6333=DIRECTION('',(0.,1.,0.));
#6334=DIRECTION('',(1.,0.,0.));
#6335=DIRECTION('',(0.,0.,1.));
#6336=DIRECTION('',(1.,0.,0.));
#6337=DIRECTION('',(4.62592926927149E-15,0.,1.));
#6338=DIRECTION('',(0.,1.,0.));
#6339=DIRECTION('',(4.62592926927149E-15,0.,1.));
#6340=DIRECTION('',(-1.,0.,4.62592926927149E-15));
#6341=DIRECTION('',(4.62477278695417E-15,0.,1.));
#6342=DIRECTION('',(-1.,0.,0.));
#6343=DIRECTION('',(0.,1.,0.));
#6344=DIRECTION('',(-1.,0.,0.));
#6345=DIRECTION('',(0.,1.,0.));
#6346=DIRECTION('',(-1.,0.,0.));
#6347=DIRECTION('',(-1.,0.,0.));
#6348=DIRECTION('',(0.,0.,-1.));
#6349=DIRECTION('',(-1.,0.,0.));
#6350=DIRECTION('',(0.,-1.,0.));
#6351=DIRECTION('',(0.,0.,-1.));
#6352=DIRECTION('',(0.,0.,-1.));
#6353=DIRECTION('',(0.,-1.,0.));
#6354=DIRECTION('',(0.,0.,-1.));
#6355=DIRECTION('',(0.,0.,1.));
#6356=DIRECTION('',(0.,0.,1.));
#6357=DIRECTION('',(-1.,0.,0.));
#6358=DIRECTION('',(0.,0.,1.));
#6359=DIRECTION('',(0.,-1.,0.));
#6360=DIRECTION('',(0.,0.,-1.));
#6361=DIRECTION('',(0.,0.,-1.));
#6362=DIRECTION('',(1.,0.,0.));
#6363=DIRECTION('',(0.,0.,-1.));
#6364=DIRECTION('',(0.,-1.,0.));
#6365=DIRECTION('',(0.,0.,-1.));
#6366=CARTESIAN_POINT('',(0.,0.,0.));
#6367=CARTESIAN_POINT('',(0.,244.999999999999,50.));
#6368=CARTESIAN_POINT('',(0.,244.999999999999,50.));
#6369=CARTESIAN_POINT('',(-500.,245.,50.));
#6370=CARTESIAN_POINT('',(0.,54.9999999999993,50.));
#6371=CARTESIAN_POINT('',(0.,4.99999999999935,50.));
#6372=CARTESIAN_POINT('',(-500.,4.99999999999994,50.));
#6373=CARTESIAN_POINT('',(-500.,4.99999999999994,50.));
#6374=CARTESIAN_POINT('',(-500.,-5.6843418860808E-14,50.));
#6375=CARTESIAN_POINT('',(-500.,-5.85727682291262E-14,50.));
#6376=CARTESIAN_POINT('',(450.,5.85727682291262E-14,50.));
#6377=CARTESIAN_POINT('',(450.,5.85727682291262E-14,50.));
#6378=CARTESIAN_POINT('',(450.,1000.,50.));
#6379=CARTESIAN_POINT('',(450.,1000.,50.));
#6380=CARTESIAN_POINT('',(450.,1000.,50.));
#6381=CARTESIAN_POINT('',(445.,1000.,50.));
#6382=CARTESIAN_POINT('',(445.,5.,50.));
#6383=CARTESIAN_POINT('',(445.,5.,50.));
#6384=CARTESIAN_POINT('',(5.,5.00000000000091,50.));
#6385=CARTESIAN_POINT('',(4.99999999999995,5.00000000000092,50.));
#6386=CARTESIAN_POINT('',(5.,1000.,50.));
#6387=CARTESIAN_POINT('',(5.,1000.,50.));
#6388=CARTESIAN_POINT('',(450.,1000.,50.));
#6389=CARTESIAN_POINT('',(0.,1000.,50.));
#6390=CARTESIAN_POINT('',(0.,1000.,50.));
#6391=CARTESIAN_POINT('',(0.,250.,50.));
#6392=CARTESIAN_POINT('',(-500.,250.,50.0000000000006));
#6393=CARTESIAN_POINT('',(-500.,250.,50.0000000000006));
#6394=CARTESIAN_POINT('',(-500.,-5.6843418860808E-14,50.));
#6395=CARTESIAN_POINT('',(450.,1000.,50.));
#6396=CARTESIAN_POINT('',(-500.,245.,10.));
#6397=CARTESIAN_POINT('',(-500.,245.,10.));
#6398=CARTESIAN_POINT('',(-500.,4.99999999999994,10.));
#6399=CARTESIAN_POINT('',(-500.,245.,10.));
#6400=CARTESIAN_POINT('',(-500.,250.,50.0000000000006));
#6401=CARTESIAN_POINT('',(-500.,250.,4.78783679369599E-13));
#6402=CARTESIAN_POINT('',(-500.,250.,5.9575161281056E-13));
#6403=CARTESIAN_POINT('',(-500.,0.,0.));
#6404=CARTESIAN_POINT('',(-500.,0.,0.));
#6405=CARTESIAN_POINT('',(-500.,4.99999999999994,10.));
#6406=CARTESIAN_POINT('',(-500.,0.,0.));
#6407=CARTESIAN_POINT('',(0.,250.,50.0000000000006));
#6408=CARTESIAN_POINT('',(0.,250.,4.78783679369599E-13));
#6409=CARTESIAN_POINT('',(0.,1000.,25.));
#6410=CARTESIAN_POINT('',(0.,1000.,0.));
#6411=CARTESIAN_POINT('',(0.,0.,0.));
#6412=CARTESIAN_POINT('',(0.,1000.,25.));
#6413=CARTESIAN_POINT('',(450.,0.,0.));
#6414=CARTESIAN_POINT('',(450.,0.,0.));
#6415=CARTESIAN_POINT('',(450.,5.85727682291262E-14,50.));
#6416=CARTESIAN_POINT('',(450.,5.85727682291262E-14,50.));
#6417=CARTESIAN_POINT('',(-500.,250.,4.78783679369599E-13));
#6418=CARTESIAN_POINT('',(450.,1000.,0.));
#6419=CARTESIAN_POINT('',(450.,1000.,0.));
#6420=CARTESIAN_POINT('',(450.,0.,0.));
#6421=CARTESIAN_POINT('',(450.,0.,0.));
#6422=CARTESIAN_POINT('',(10.,1000.,50.));
#6423=CARTESIAN_POINT('',(450.,1000.,25.));
#6424=CARTESIAN_POINT('',(450.,1000.,25.));
#6425=CARTESIAN_POINT('',(450.,1000.,25.));
#6426=CARTESIAN_POINT('',(445.,5.,10.));
#6427=CARTESIAN_POINT('',(445.,5.,10.));
#6428=CARTESIAN_POINT('',(5.,5.00000000000091,10.));
#6429=CARTESIAN_POINT('',(5.,5.,10.));
#6430=CARTESIAN_POINT('',(5.,5.,10.));
#6431=CARTESIAN_POINT('',(5.,5.00000000000091,10.));
#6432=CARTESIAN_POINT('',(445.,1000.,10.));
#6433=CARTESIAN_POINT('',(445.,1000.,10.));
#6434=CARTESIAN_POINT('',(445.,5.,10.));
#6435=CARTESIAN_POINT('',(445.,5.,10.));
#6436=CARTESIAN_POINT('',(5.,1000.,10.));
#6437=CARTESIAN_POINT('',(5.,1000.,10.));
#6438=CARTESIAN_POINT('',(445.,1000.,10.));
#6439=CARTESIAN_POINT('',(10.,1000.,10.));
#6440=CARTESIAN_POINT('',(5.,195.,10.));
#6441=CARTESIAN_POINT('',(5.,1000.,10.));
#6442=CARTESIAN_POINT('',(0.,0.,10.));
#6443=CARTESIAN_POINT('',(-500.,250.,50.0000000000006));
#6444=CARTESIAN_POINT('',(0.,4.99999999999935,10.));
#6445=CARTESIAN_POINT('',(0.,4.99999999999935,10.));
#6446=CARTESIAN_POINT('',(-500.,4.99999999999994,10.));
#6447=CARTESIAN_POINT('',(-500.,4.99999999999994,10.));
#6448=CARTESIAN_POINT('',(0.,244.999999999999,10.));
#6449=CARTESIAN_POINT('',(0.,244.999999999999,10.));
#6450=CARTESIAN_POINT('',(0.,4.99999999999935,10.));
#6451=CARTESIAN_POINT('',(0.,54.9999999999993,10.));
#6452=CARTESIAN_POINT('',(0.,244.999999999999,10.));
#6453=CARTESIAN_POINT('',(0.,244.999999999999,10.));
#6454=CARTESIAN_POINT('',(0.,0.,10.));
#6455=CARTESIAN_POINT('',(5.00000000000006,975.,30.));
#6456=CARTESIAN_POINT('',(5.00000000000006,955.,30.));
#6457=CARTESIAN_POINT('',(445.,975.,30.));
#6458=CARTESIAN_POINT('',(445.,955.,30.));
#6459=CARTESIAN_POINT('',(5.00000000000006,975.,30.));
#6460=CARTESIAN_POINT('',(5.00000000000006,975.,30.));
#6461=CARTESIAN_POINT('',(445.,975.,30.));
#6462=CARTESIAN_POINT('',(5.00000000000006,897.,30.));
#6463=CARTESIAN_POINT('',(5.00000000000006,877.,30.));
#6464=CARTESIAN_POINT('',(445.,897.,30.));
#6465=CARTESIAN_POINT('',(445.,877.,30.));
#6466=CARTESIAN_POINT('',(5.00000000000006,897.,30.));
#6467=CARTESIAN_POINT('',(5.00000000000006,897.,30.));
#6468=CARTESIAN_POINT('',(445.,897.,30.));
#6469=CARTESIAN_POINT('',(5.00000000000006,819.,30.));
#6470=CARTESIAN_POINT('',(5.00000000000006,799.,30.));
#6471=CARTESIAN_POINT('',(445.,819.,30.));
#6472=CARTESIAN_POINT('',(445.,799.,30.));
#6473=CARTESIAN_POINT('',(5.00000000000006,819.,30.));
#6474=CARTESIAN_POINT('',(5.00000000000006,819.,30.));
#6475=CARTESIAN_POINT('',(445.,819.,30.));
#6476=CARTESIAN_POINT('',(5.00000000000006,741.,30.));
#6477=CARTESIAN_POINT('',(5.00000000000006,721.,30.));
#6478=CARTESIAN_POINT('',(445.,741.,30.));
#6479=CARTESIAN_POINT('',(445.,721.,30.));
#6480=CARTESIAN_POINT('',(5.00000000000006,741.,30.));
#6481=CARTESIAN_POINT('',(5.00000000000006,741.,30.));
#6482=CARTESIAN_POINT('',(445.,741.,30.));
#6483=CARTESIAN_POINT('',(5.00000000000006,663.,30.));
#6484=CARTESIAN_POINT('',(5.00000000000006,643.,30.));
#6485=CARTESIAN_POINT('',(445.,663.,30.));
#6486=CARTESIAN_POINT('',(445.,643.,30.));
#6487=CARTESIAN_POINT('',(5.00000000000006,663.,30.));
#6488=CARTESIAN_POINT('',(5.00000000000006,663.,30.));
#6489=CARTESIAN_POINT('',(445.,663.,30.));
#6490=CARTESIAN_POINT('',(5.00000000000006,585.,30.));
#6491=CARTESIAN_POINT('',(5.00000000000006,565.,30.));
#6492=CARTESIAN_POINT('',(445.,585.,30.));
#6493=CARTESIAN_POINT('',(445.,565.,30.));
#6494=CARTESIAN_POINT('',(5.00000000000006,585.,30.));
#6495=CARTESIAN_POINT('',(5.00000000000006,585.,30.));
#6496=CARTESIAN_POINT('',(445.,585.,30.));
#6497=CARTESIAN_POINT('',(5.00000000000006,507.,30.));
#6498=CARTESIAN_POINT('',(5.00000000000006,487.,30.));
#6499=CARTESIAN_POINT('',(445.,507.,30.));
#6500=CARTESIAN_POINT('',(445.,487.,30.));
#6501=CARTESIAN_POINT('',(5.00000000000006,507.,30.));
#6502=CARTESIAN_POINT('',(5.00000000000006,507.,30.));
#6503=CARTESIAN_POINT('',(445.,507.,30.));
#6504=CARTESIAN_POINT('',(5.00000000000006,429.,30.));
#6505=CARTESIAN_POINT('',(5.00000000000006,409.,30.));
#6506=CARTESIAN_POINT('',(445.,429.,30.));
#6507=CARTESIAN_POINT('',(445.,409.,30.));
#6508=CARTESIAN_POINT('',(5.00000000000006,429.,30.));
#6509=CARTESIAN_POINT('',(5.00000000000006,429.,30.));
#6510=CARTESIAN_POINT('',(445.,429.,30.));
#6511=CARTESIAN_POINT('',(5.00000000000006,351.,30.));
#6512=CARTESIAN_POINT('',(5.00000000000006,331.,30.));
#6513=CARTESIAN_POINT('',(445.,351.,30.));
#6514=CARTESIAN_POINT('',(445.,331.,30.));
#6515=CARTESIAN_POINT('',(5.00000000000006,351.,30.));
#6516=CARTESIAN_POINT('',(5.00000000000006,351.,30.));
#6517=CARTESIAN_POINT('',(445.,351.,30.));
#6518=CARTESIAN_POINT('',(5.00000000000006,273.,30.));
#6519=CARTESIAN_POINT('',(5.00000000000006,253.,30.));
#6520=CARTESIAN_POINT('',(445.,273.,30.));
#6521=CARTESIAN_POINT('',(445.,253.,30.));
#6522=CARTESIAN_POINT('',(5.00000000000006,273.,30.));
#6523=CARTESIAN_POINT('',(5.00000000000006,273.,30.));
#6524=CARTESIAN_POINT('',(445.,273.,30.));
#6525=CARTESIAN_POINT('',(5.00000000000006,195.,30.));
#6526=CARTESIAN_POINT('',(5.00000000000006,175.,30.));
#6527=CARTESIAN_POINT('',(445.,195.,30.));
#6528=CARTESIAN_POINT('',(445.,175.,30.));
#6529=CARTESIAN_POINT('',(5.00000000000006,195.,30.));
#6530=CARTESIAN_POINT('',(5.00000000000006,195.,30.));
#6531=CARTESIAN_POINT('',(445.,195.,30.));
#6532=CARTESIAN_POINT('',(5.00000000000006,117.,30.));
#6533=CARTESIAN_POINT('',(5.00000000000006,97.,30.));
#6534=CARTESIAN_POINT('',(445.,117.,30.));
#6535=CARTESIAN_POINT('',(445.,97.,30.));
#6536=CARTESIAN_POINT('',(5.00000000000006,117.,30.));
#6537=CARTESIAN_POINT('',(5.00000000000006,117.,30.));
#6538=CARTESIAN_POINT('',(445.,117.,30.));
#6539=CARTESIAN_POINT('',(5.00000000000006,38.9999999999999,30.));
#6540=CARTESIAN_POINT('',(5.00000000000006,18.9999999999999,30.));
#6541=CARTESIAN_POINT('',(445.,38.9999999999999,30.));
#6542=CARTESIAN_POINT('',(445.,18.9999999999999,30.));
#6543=CARTESIAN_POINT('',(5.00000000000006,38.9999999999999,30.));
#6544=CARTESIAN_POINT('',(5.00000000000006,38.9999999999999,30.));
#6545=CARTESIAN_POINT('',(445.,38.9999999999999,30.));
#6546=CARTESIAN_POINT('',(197.547856729528,1000.,-70.3978415949266));
#6547=CARTESIAN_POINT('',(200.185185867522,1000.,-70.503577783137));
#6548=CARTESIAN_POINT('',(201.868587444965,1000.,-70.5564458772423));
#6549=CARTESIAN_POINT('',(202.979632486078,1000.,-70.5564458772423));
#6550=CARTESIAN_POINT('',(204.045786818458,1000.,-70.503577783137));
#6551=CARTESIAN_POINT('',(205.774079104633,1000.,-70.3978415949266));
#6552=CARTESIAN_POINT('',(197.547856729528,1000.,-70.3978415949266));
#6553=CARTESIAN_POINT('',(205.774079104633,1000.,-70.3978415949266));
#6554=CARTESIAN_POINT('',(197.155063028124,1000.,-71.4023353829256));
#6555=CARTESIAN_POINT('',(197.285994261926,1000.,-71.0675041202593));
#6556=CARTESIAN_POINT('',(197.416925495727,1000.,-70.732672857593));
#6557=CARTESIAN_POINT('',(197.547856729528,1000.,-70.3978415949266));
#6558=CARTESIAN_POINT('',(197.155063028124,1000.,-71.4023353829256));
#6559=CARTESIAN_POINT('',(198.860909959934,1000.,-79.5704559221801));
#6560=CARTESIAN_POINT('',(198.367112163884,1000.,-76.7420128875515));
#6561=CARTESIAN_POINT('',(197.794755627553,1000.,-74.0193060411333));
#6562=CARTESIAN_POINT('',(197.155063028124,1000.,-71.4023353829256));
#6563=CARTESIAN_POINT('',(198.860909959934,999.999999999999,-79.5704559221801));
#6564=CARTESIAN_POINT('',(205.774079104633,1000.,-78.4337918989182));
#6565=CARTESIAN_POINT('',(203.305090124383,1000.,-78.6716983223916));
#6566=CARTESIAN_POINT('',(201.004441301878,1000.,-79.0417749811281));
#6567=CARTESIAN_POINT('',(198.860909959934,1000.,-79.5704559221801));
#6568=CARTESIAN_POINT('',(205.774079104633,1000.,-78.4337918989182));
#6569=CARTESIAN_POINT('',(206.043423357024,1000.,-106.057371068889));
#6570=CARTESIAN_POINT('',(206.01349621787,1000.,-102.867662724542));
#6571=CARTESIAN_POINT('',(205.983569078715,1000.,-99.6779543801941));
#6572=CARTESIAN_POINT('',(205.923466807182,1000.,-93.2721059616575));
#6573=CARTESIAN_POINT('',(205.893787661252,1000.,-90.0559612530463));
#6574=CARTESIAN_POINT('',(205.837786656254,1000.,-84.0377713685378));
#6575=CARTESIAN_POINT('',(205.804006243788,1000.,-81.2358008864942));
#6576=CARTESIAN_POINT('',(205.774079104633,1000.,-78.4337918989182));
#6577=CARTESIAN_POINT('',(206.043423357024,1000.,-106.057371068889));
#6578=CARTESIAN_POINT('',(198.860909959934,1000.,-123.688880452976));
#6579=CARTESIAN_POINT('',(200.600424923291,1000.,-125.486395652553));
#6580=CARTESIAN_POINT('',(201.857364767782,1000.,-126.358719205289));
#6581=CARTESIAN_POINT('',(203.652993117055,1000.,-126.358719205289));
#6582=CARTESIAN_POINT('',(204.472248551411,1000.,-125.222055182027));
#6583=CARTESIAN_POINT('',(205.729188395902,1000.,-120.675399088979));
#6584=CARTESIAN_POINT('',(206.043423357024,1000.,-115.044947066774));
#6585=CARTESIAN_POINT('',(206.043423357024,1000.,-106.057371068889));
#6586=CARTESIAN_POINT('',(198.860909959934,1000.,-123.688880452976));
#6587=CARTESIAN_POINT('',(197.78353295037,1000.,-128.764217487076));
#6588=CARTESIAN_POINT('',(198.142658620224,1000.,-127.072438475709));
#6589=CARTESIAN_POINT('',(198.501784290079,1000.,-125.380659464342));
#6590=CARTESIAN_POINT('',(198.860909959934,1000.,-123.688880452976));
#6591=CARTESIAN_POINT('',(197.78353295037,1000.,-128.764217487076));
#6592=CARTESIAN_POINT('',(203.798887920433,1000.,-136.456525179383));
#6593=CARTESIAN_POINT('',(202.811292328333,1000.,-135.6106356737));
#6594=CARTESIAN_POINT('',(200.802433112585,1000.,-133.046533109598));
#6595=CARTESIAN_POINT('',(197.78353295037,1000.,-128.764217487076));
#6596=CARTESIAN_POINT('',(203.798887920433,1000.,-136.456525179383));
#6597=CARTESIAN_POINT('',(213.383054234676,1000.,-78.4337918989182));
#6598=CARTESIAN_POINT('',(213.461612974957,1000.,-87.430179245821));
#6599=CARTESIAN_POINT('',(213.540171715238,1000.,-96.4265665927238));
#6600=CARTESIAN_POINT('',(213.666126860751,1000.,-110.850693982352));
#6601=CARTESIAN_POINT('',(213.701030088193,1000.,-116.278535929229));
#6602=CARTESIAN_POINT('',(213.783261738617,1000.,-127.125150844802));
#6603=CARTESIAN_POINT('',(213.181046045383,1000.,-131.222583862968));
#6604=CARTESIAN_POINT('',(210.970736751669,1000.,-136.747523040288));
#6605=CARTESIAN_POINT('',(209.488785252191,1000.,-138.14830419075));
#6606=CARTESIAN_POINT('',(206.413771704062,1000.,-138.14830419075));
#6607=CARTESIAN_POINT('',(205.134386505205,1000.,-137.566755155593));
#6608=CARTESIAN_POINT('',(203.798887920433,1000.,-136.456525179383));
#6609=CARTESIAN_POINT('',(213.383054234676,1000.,-78.4337918989182));
#6610=CARTESIAN_POINT('',(215.807152506194,1000.,-78.3016216636552));
#6611=CARTESIAN_POINT('',(214.999119749022,1000.,-78.3456784087428));
#6612=CARTESIAN_POINT('',(214.191086991849,1000.,-78.3897351538305));
#6613=CARTESIAN_POINT('',(213.383054234676,1000.,-78.4337918989182));
#6614=CARTESIAN_POINT('',(215.807152506194,1000.,-78.3016216636552));
#6615=CARTESIAN_POINT('',(217.658894241382,1000.,-78.4337918989182));
#6616=CARTESIAN_POINT('',(216.637630617733,1000.,-78.3544897577604));
#6617=CARTESIAN_POINT('',(216.020383372671,1000.,-78.3016216636552));
#6618=CARTESIAN_POINT('',(215.807152506194,1000.,-78.3016216636552));
#6619=CARTESIAN_POINT('',(217.658894241382,1000.,-78.4337918989182));
#6620=CARTESIAN_POINT('',(217.658894241382,1000.,-73.2262846295552));
#6621=CARTESIAN_POINT('',(217.658894241382,1000.,-74.9621203860095));
#6622=CARTESIAN_POINT('',(217.658894241382,1000.,-76.6979561424639));
#6623=CARTESIAN_POINT('',(217.658894241382,1000.,-78.4337918989182));
#6624=CARTESIAN_POINT('',(217.658894241382,1000.,-73.2262846295552));
#6625=CARTESIAN_POINT('',(207.513594067991,1000.,-49.3299060940014));
#6626=CARTESIAN_POINT('',(209.152104936703,1000.,-56.4142307040993));
#6627=CARTESIAN_POINT('',(210.768170451048,1000.,-61.7803422557778));
#6628=CARTESIAN_POINT('',(213.977856125373,1000.,-69.0232711481912));
#6629=CARTESIAN_POINT('',(215.739816443097,1000.,-71.6138077593464));
#6630=CARTESIAN_POINT('',(217.658894241382,1000.,-73.2262846295552));
#6631=CARTESIAN_POINT('',(207.513594067991,1000.,-49.3299060940014));
#6632=CARTESIAN_POINT('',(204.876264929997,1000.,-49.3299060940014));
#6633=CARTESIAN_POINT('',(205.755374642662,1000.,-49.3299060940014));
#6634=CARTESIAN_POINT('',(206.634484355327,1000.,-49.3299060940014));
#6635=CARTESIAN_POINT('',(207.513594067991,1000.,-49.3299060940014));
#6636=CARTESIAN_POINT('',(204.876264929997,1000.,-49.3299060940014));
#6637=CARTESIAN_POINT('',(205.774079104633,1000.,-70.3978415949266));
#6638=CARTESIAN_POINT('',(205.695520364353,1000.,-64.1594064905122));
#6639=CARTESIAN_POINT('',(205.403730757596,1000.,-57.1279499745196));
#6640=CARTESIAN_POINT('',(204.876264929997,1000.,-49.3299060940014));
#6641=CARTESIAN_POINT('',(223.550799762433,1000.,-353.709132114536));
#6642=CARTESIAN_POINT('',(221.777616767527,1000.,-355.163004702429));
#6643=CARTESIAN_POINT('',(220.621681017682,1000.,-356.484707055059));
#6644=CARTESIAN_POINT('',(220.082992512901,1000.,-357.621371078321));
#6645=CARTESIAN_POINT('',(223.550799762433,1000.,-353.709132114536));
#6646=CARTESIAN_POINT('',(220.082992512901,1000.,-357.621371078321));
#6647=CARTESIAN_POINT('',(223.550799762433,1000.,-348.792399362751));
#6648=CARTESIAN_POINT('',(223.550799762433,1000.,-350.431310280013));
#6649=CARTESIAN_POINT('',(223.550799762433,1000.,-352.070221197274));
#6650=CARTESIAN_POINT('',(223.550799762433,1000.,-353.709132114536));
#6651=CARTESIAN_POINT('',(223.550799762433,1000.,-348.792399362751));
#6652=CARTESIAN_POINT('',(207.008573594759,1000.,-348.792399362751));
#6653=CARTESIAN_POINT('',(210.375376749645,1000.,-349.294646256751));
#6654=CARTESIAN_POINT('',(213.09126462792,1000.,-349.558986727277));
#6655=CARTESIAN_POINT('',(217.120205736601,1000.,-349.558986727277));
#6656=CARTESIAN_POINT('',(219.925875032339,1000.,-349.294646256751));
#6657=CARTESIAN_POINT('',(223.550799762433,1000.,-348.792399362751));
#6658=CARTESIAN_POINT('',(207.008573594759,1000.,-348.792399362751));
#6659=CARTESIAN_POINT('',(207.008573594759,1000.,-353.709132114536));
#6660=CARTESIAN_POINT('',(207.008573594759,1000.,-352.070221197274));
#6661=CARTESIAN_POINT('',(207.008573594759,1000.,-350.431310280013));
#6662=CARTESIAN_POINT('',(207.008573594759,1000.,-348.792399362751));
#6663=CARTESIAN_POINT('',(207.008573594759,1000.,-353.709132114536));
#6664=CARTESIAN_POINT('',(207.726824934468,1000.,-353.999906632114));
#6665=CARTESIAN_POINT('',(207.558484776724,1000.,-353.947038538009));
#6666=CARTESIAN_POINT('',(207.322808555881,1000.,-353.867736396851));
#6667=CARTESIAN_POINT('',(207.008573594759,1000.,-353.709132114536));
#6668=CARTESIAN_POINT('',(207.726824934468,1000.,-353.999906632114));
#6669=CARTESIAN_POINT('',(209.971360371059,1000.,-355.506647314113));
#6670=CARTESIAN_POINT('',(209.690793441485,1000.,-354.977966373061));
#6671=CARTESIAN_POINT('',(208.938874070227,1000.,-354.475719479061));
#6672=CARTESIAN_POINT('',(207.726824934468,1000.,-353.999906632114));
#6673=CARTESIAN_POINT('',(209.971360371059,1000.,-355.506647314113));
#6674=CARTESIAN_POINT('',(205.269058631401,1000.,-388.602074223973));
#6675=CARTESIAN_POINT('',(206.765415589128,1000.,-379.817159253491));
#6676=CARTESIAN_POINT('',(208.261772546855,1000.,-371.032244283009));
#6677=CARTESIAN_POINT('',(210.168020368121,1000.,-359.840913941668));
#6678=CARTESIAN_POINT('',(210.386599426828,1000.,-358.308656301689));
#6679=CARTESIAN_POINT('',(210.386599426828,1000.,-356.749047525585));
#6680=CARTESIAN_POINT('',(210.251927300633,1000.,-356.061762302217));
#6681=CARTESIAN_POINT('',(209.971360371059,1000.,-355.506647314113));
#6682=CARTESIAN_POINT('',(205.269058631401,1000.,-388.602074223973));
#6683=CARTESIAN_POINT('',(203.563211699592,1000.,-353.709132114536));
#6684=CARTESIAN_POINT('',(202.463389335662,1000.,-354.475719479061));
#6685=CARTESIAN_POINT('',(201.790028704685,1000.,-355.136570655376));
#6686=CARTESIAN_POINT('',(201.273785554269,1000.,-356.299668725691));
#6687=CARTESIAN_POINT('',(201.139113428074,1000.,-357.013387996111));
#6688=CARTESIAN_POINT('',(201.139113428074,1000.,-359.128111760319));
#6689=CARTESIAN_POINT('',(201.329898940184,1000.,-361.110665289265));
#6690=CARTESIAN_POINT('',(202.881442760826,1000.,-372.074247781326));
#6691=CARTESIAN_POINT('',(204.083195742402,1000.,-380.337028845525));
#6692=CARTESIAN_POINT('',(205.269058631401,1000.,-388.602074223973));
#6693=CARTESIAN_POINT('',(203.563211699592,1000.,-353.709132114536));
#6694=CARTESIAN_POINT('',(203.563211699592,1000.,-348.792399362751));
#6695=CARTESIAN_POINT('',(203.563211699592,1000.,-350.431310280013));
#6696=CARTESIAN_POINT('',(203.563211699592,1000.,-352.070221197274));
#6697=CARTESIAN_POINT('',(203.563211699592,1000.,-353.709132114536));
#6698=CARTESIAN_POINT('',(203.563211699592,1000.,-348.792399362751));
#6699=CARTESIAN_POINT('',(193.058785856347,1000.,-348.792399362751));
#6700=CARTESIAN_POINT('',(194.753410110973,1000.,-349.294646256751));
#6701=CARTESIAN_POINT('',(196.391920979684,1000.,-349.558986727277));
#6702=CARTESIAN_POINT('',(199.422043819082,1000.,-349.558986727277));
#6703=CARTESIAN_POINT('',(201.285008231452,1000.,-349.294646256751));
#6704=CARTESIAN_POINT('',(203.563211699592,1000.,-348.792399362751));
#6705=CARTESIAN_POINT('',(193.058785856347,1000.,-348.792399362751));
#6706=CARTESIAN_POINT('',(193.058785856347,1000.,-353.709132114536));
#6707=CARTESIAN_POINT('',(193.058785856347,1000.,-352.070221197274));
#6708=CARTESIAN_POINT('',(193.058785856347,1000.,-350.431310280013));
#6709=CARTESIAN_POINT('',(193.058785856347,1000.,-348.792399362751));
#6710=CARTESIAN_POINT('',(193.058785856347,1000.,-353.709132114536));
#6711=CARTESIAN_POINT('',(220.116660544449,1000.,-444.985896587176));
#6712=CARTESIAN_POINT('',(218.960724794605,1000.,-445.514577528228));
#6713=CARTESIAN_POINT('',(218.051687942786,1000.,-445.778917998754));
#6714=CARTESIAN_POINT('',(215.75103912028,1000.,-445.778917998754));
#6715=CARTESIAN_POINT('',(214.146196283118,1000.,-444.51008374023));
#6716=CARTESIAN_POINT('',(211.000728746571,1000.,-439.429710817765));
#6717=CARTESIAN_POINT('',(209.533675960923,1000.,-434.861656566029));
#6718=CARTESIAN_POINT('',(207.210452090887,1000.,-423.600779276654));
#6719=CARTESIAN_POINT('',(205.134386505205,1000.,-410.91240993637));
#6720=CARTESIAN_POINT('',(199.363145582649,1000.,-373.825875045235));
#6721=CARTESIAN_POINT('',(197.839646336285,1000.,-364.335619029682));
#6722=CARTESIAN_POINT('',(196.869251710471,1000.,-359.232703867325));
#6723=CARTESIAN_POINT('',(196.403143656867,1000.,-357.515634890111));
#6724=CARTESIAN_POINT('',(195.527774836597,1000.,-355.823855878744));
#6725=CARTESIAN_POINT('',(194.551401921679,1000.,-354.845796137798));
#6726=CARTESIAN_POINT('',(193.058785856347,1000.,-353.709132114536));
#6727=CARTESIAN_POINT('',(220.116660544449,1000.,-444.985896587176));
#6728=CARTESIAN_POINT('',(222.596872201882,1000.,-429.416242873193));
#6729=CARTESIAN_POINT('',(221.923511570905,1000.,-432.667630660663));
#6730=CARTESIAN_POINT('',(221.440936452038,1000.,-435.125997036555));
#6731=CARTESIAN_POINT('',(220.87980259289,1000.,-438.562423153394));
#6732=CARTESIAN_POINT('',(220.531899600219,1000.,-441.285129999812));
#6733=CARTESIAN_POINT('',(220.116660544449,1000.,-444.985896587176));
#6734=CARTESIAN_POINT('',(222.596872201882,1000.,-429.416242873193));
#6735=CARTESIAN_POINT('',(220.924693301622,1000.,-426.878574356143));
#6736=CARTESIAN_POINT('',(221.482086268375,1000.,-427.724463861826));
#6737=CARTESIAN_POINT('',(222.039479235129,1000.,-428.570353367509));
#6738=CARTESIAN_POINT('',(222.596872201882,1000.,-429.416242873193));
#6739=CARTESIAN_POINT('',(220.924693301622,1000.,-426.878574356143));
#6740=CARTESIAN_POINT('',(209.163327613886,1000.,-413.423644406367));
#6741=CARTESIAN_POINT('',(210.397822104011,1000.,-421.591764945622));
#6742=CARTESIAN_POINT('',(211.553757853855,1000.,-426.799272214985));
#6743=CARTESIAN_POINT('',(213.675915229669,1000.,-431.324283027259));
#6744=CARTESIAN_POINT('',(214.87567030001,1000.,-432.456158284242));
#6745=CARTESIAN_POINT('',(216.92942022449,1000.,-432.456158284242));
#6746=CARTESIAN_POINT('',(217.647671564199,1000.,-432.059647578453));
#6747=CARTESIAN_POINT('',(219.044570979675,1000.,-430.573716502379));
#6748=CARTESIAN_POINT('',(219.903429677973,1000.,-429.099034308562));
#6749=CARTESIAN_POINT('',(220.924693301622,1000.,-426.878574356143));
#6750=CARTESIAN_POINT('',(209.163327613886,1000.,-413.423644406367));
#6751=CARTESIAN_POINT('',(220.082992512901,1000.,-357.621371078321));
#6752=CARTESIAN_POINT('',(219.544304008119,1000.,-358.784469148636));
#6753=CARTESIAN_POINT('',(218.747493928129,1000.,-362.220895265474));
#6754=CARTESIAN_POINT('',(214.903493825382,1000.,-383.122636114345));
#6755=CARTESIAN_POINT('',(212.006405833568,1000.,-398.268124096208));
#6756=CARTESIAN_POINT('',(209.163327613886,1000.,-413.423644406367));
#6757=CARTESIAN_POINT('',(171.511245665074,1000.,-118.058428430771));
#6758=CARTESIAN_POINT('',(173.183424565334,1000.,-120.781135277189));
#6759=CARTESIAN_POINT('',(174.597481890386,1000.,-122.631518570872));
#6760=CARTESIAN_POINT('',(176.906490853738,1000.,-124.604369901457));
#6761=CARTESIAN_POINT('',(178.098957171468,1000.,-125.089884946764));
#6762=CARTESIAN_POINT('',(181.925890090856,1000.,-125.089884946764));
#6763=CARTESIAN_POINT('',(183.856190566324,1000.,-122.578650476766));
#6764=CARTESIAN_POINT('',(186.436714002195,1000.,-112.536406781987));
#6765=CARTESIAN_POINT('',(187.077098917832,1000.,-106.718222245204));
#6766=CARTESIAN_POINT('',(187.077098917832,1000.,-99.3695571645804));
#6767=CARTESIAN_POINT('',(187.065876240649,1000.,-98.4972336118444));
#6768=CARTESIAN_POINT('',(187.043430886283,1000.,-97.4663057767929));
#6769=CARTESIAN_POINT('',(171.511245665074,1000.,-118.058428430771));
#6770=CARTESIAN_POINT('',(187.043430886283,1000.,-97.4663057767929));
#6771=CARTESIAN_POINT('',(169.951293536643,1000.,-123.398105935397));
#6772=CARTESIAN_POINT('',(170.471277579454,1000.,-121.618213433855));
#6773=CARTESIAN_POINT('',(170.991261622264,1000.,-119.838320932313));
#6774=CARTESIAN_POINT('',(171.511245665074,1000.,-118.058428430771));
#6775=CARTESIAN_POINT('',(169.951293536643,1000.,-123.398105935397));
#6776=CARTESIAN_POINT('',(169.951293536643,1000.,-92.1794963662721));
#6777=CARTESIAN_POINT('',(170.130856371571,1000.,-84.6193589092275));
#6778=CARTESIAN_POINT('',(170.815439679731,1000.,-79.0417749811281));
#6779=CARTESIAN_POINT('',(173.789506449116,1000.,-70.0351439462167));
#6780=CARTESIAN_POINT('',(176.572673074586,1000.,-67.305058089772));
#6781=CARTESIAN_POINT('',(184.585664583216,1000.,-67.305058089772));
#6782=CARTESIAN_POINT('',(188.09836254148,1000.,-70.7943523007157));
#6783=CARTESIAN_POINT('',(193.775456270311,1000.,-84.8004968847163));
#6784=CARTESIAN_POINT('',(195.179871843925,1000.,-93.924143471744));
#6785=CARTESIAN_POINT('',(195.179871843925,1000.,-115.970138713616));
#6786=CARTESIAN_POINT('',(193.9453773538,1000.,-124.614072099817));
#6787=CARTESIAN_POINT('',(189.502617758301,1000.,-136.267760592114));
#6788=CARTESIAN_POINT('',(186.684305216428,1000.,-138.835589414118));
#6789=CARTESIAN_POINT('',(181.196416073964,1000.,-138.835589414118));
#6790=CARTESIAN_POINT('',(179.73746804018,1000.,-138.227606331908));
#6791=CARTESIAN_POINT('',(175.967040099918,1000.,-134.182832049717));
#6792=CARTESIAN_POINT('',(173.093643147871,1000.,-129.662975086864));
#6793=CARTESIAN_POINT('',(169.951293536643,1000.,-123.398105935397));
#6794=CARTESIAN_POINT('',(169.951293536643,1000.,-92.1794963662721));
#6795=CARTESIAN_POINT('',(172.734517478016,1000.,-97.4663057767929));
#6796=CARTESIAN_POINT('',(171.881594012112,1000.,-95.5101862949002));
#6797=CARTESIAN_POINT('',(170.950111805926,1000.,-93.7391051423757));
#6798=CARTESIAN_POINT('',(169.951293536643,1000.,-92.1794963662721));
#6799=CARTESIAN_POINT('',(172.734517478016,1000.,-97.4663057767929));
#6800=CARTESIAN_POINT('',(179.142666149483,1000.,-97.1755312592142));
#6801=CARTESIAN_POINT('',(176.96546677599,1000.,-97.2019653062668));
#6802=CARTESIAN_POINT('',(174.833158111229,1000.,-97.2812674474247));
#6803=CARTESIAN_POINT('',(172.734517478016,1000.,-97.4663057767929));
#6804=CARTESIAN_POINT('',(179.142666149483,1000.,-97.1755312592142));
#6805=CARTESIAN_POINT('',(187.043430886283,1000.,-97.4663057767929));
#6806=CARTESIAN_POINT('',(184.608109937582,1000.,-97.2812674474247));
#6807=CARTESIAN_POINT('',(181.970780799587,1000.,-97.2019653062668));
#6808=CARTESIAN_POINT('',(179.142666149483,1000.,-97.1755312592142));
#6809=CARTESIAN_POINT('',(242.292670657967,1000.,-92.6024411191138));
#6810=CARTESIAN_POINT('',(241.159180262488,1000.,-86.3111379205941));
#6811=CARTESIAN_POINT('',(240.059357898559,1000.,-82.0816903921775));
#6812=CARTESIAN_POINT('',(237.971939942529,1000.,-77.6936385814453));
#6813=CARTESIAN_POINT('',(236.737445452404,1000.,-76.6098426522885));
#6814=CARTESIAN_POINT('',(233.920553479483,1000.,-76.6098426522885));
#6815=CARTESIAN_POINT('',(232.876844501468,1000.,-77.5614683461823));
#6816=CARTESIAN_POINT('',(231.441698046065,1000.,-81.4171955251602));
#6817=CARTESIAN_POINT('',(231.081216152195,1000.,-85.1744738973321));
#6818=CARTESIAN_POINT('',(231.036325443464,1000.,-90.7784918724841));
#6819=CARTESIAN_POINT('',(242.292670657967,1000.,-92.6024411191138));
#6820=CARTESIAN_POINT('',(231.036325443464,1000.,-90.7784918724841));
#6821=CARTESIAN_POINT('',(244.952445150327,1000.,-91.9680239898513));
#6822=CARTESIAN_POINT('',(244.065853652873,1000.,-92.1794963662721));
#6823=CARTESIAN_POINT('',(243.17926215542,1000.,-92.390968742693));
#6824=CARTESIAN_POINT('',(242.292670657967,1000.,-92.6024411191138));
#6825=CARTESIAN_POINT('',(244.952445150327,1000.,-91.9680239898513));
#6826=CARTESIAN_POINT('',(243.852622786397,1000.,-74.2043443705016));
#6827=CARTESIAN_POINT('',(244.009740266959,1000.,-79.3854175928119));
#6828=CARTESIAN_POINT('',(244.380088613996,1000.,-85.3066441325952));
#6829=CARTESIAN_POINT('',(244.952445150327,1000.,-91.9680239898513));
#6830=CARTESIAN_POINT('',(243.852622786397,999.999999999999,-74.2043443705016));
#6831=CARTESIAN_POINT('',(223.000888580468,1000.,-124.349731629291));
#6832=CARTESIAN_POINT('',(223.337568895957,1000.,-123.160199511924));
#6833=CARTESIAN_POINT('',(223.494686376518,1000.,-120.27888838319));
#6834=CARTESIAN_POINT('',(223.494686376518,1000.,-107.740251178776));
#6835=CARTESIAN_POINT('',(223.419868528632,1000.,-99.7484451723343));
#6836=CARTESIAN_POINT('',(223.35276376106,1000.,-85.4124498214479));
#6837=CARTESIAN_POINT('',(223.640581179897,1000.,-80.7335539924947));
#6838=CARTESIAN_POINT('',(224.677504067917,1000.,-74.7337887112605));
#6839=CARTESIAN_POINT('',(225.615772364097,1000.,-72.3539610768193));
#6840=CARTESIAN_POINT('',(228.354105596737,1000.,-68.8646668658756));
#6841=CARTESIAN_POINT('',(230.183401977559,1000.,-68.0187773601923));
#6842=CARTESIAN_POINT('',(236.423210491282,1000.,-68.0187773601923));
#6843=CARTESIAN_POINT('',(240.21647537912,1000.,-70.0806330302954));
#6844=CARTESIAN_POINT('',(243.852622786397,1000.,-74.2043443705016));
#6845=CARTESIAN_POINT('',(223.000888580468,1000.,-124.349731629291));
#6846=CARTESIAN_POINT('',(218.859720699958,1000.,-123.688880452976));
#6847=CARTESIAN_POINT('',(220.116660544449,1000.,-125.327791370237));
#6848=CARTESIAN_POINT('',(221.070588105,1000.,-126.147246828868));
#6849=CARTESIAN_POINT('',(222.237746532027,1000.,-126.147246828868));
#6850=CARTESIAN_POINT('',(222.675430942163,1000.,-125.565697793711));
#6851=CARTESIAN_POINT('',(223.000888580468,1000.,-124.349731629291));
#6852=CARTESIAN_POINT('',(218.859720699958,1000.,-123.688880452976));
#6853=CARTESIAN_POINT('',(217.72623030448,1000.,-127.786157746129));
#6854=CARTESIAN_POINT('',(218.104060436306,1000.,-126.420398648412));
#6855=CARTESIAN_POINT('',(218.481890568132,1000.,-125.054639550694));
#6856=CARTESIAN_POINT('',(218.859720699958,1000.,-123.688880452976));
#6857=CARTESIAN_POINT('',(217.72623030448,1000.,-127.786157746129));
#6858=CARTESIAN_POINT('',(223.741585274543,1000.,-136.667997555804));
#6859=CARTESIAN_POINT('',(222.439754721321,1000.,-135.240559014964));
#6860=CARTESIAN_POINT('',(220.442118182755,1000.,-132.279945745072));
#6861=CARTESIAN_POINT('',(217.72623030448,1000.,-127.786157746129));
#6862=CARTESIAN_POINT('',(223.741585274543,1000.,-136.667997555804));
#6863=CARTESIAN_POINT('',(231.036325443464,1000.,-129.477936757496));
#6864=CARTESIAN_POINT('',(230.744535836707,1000.,-132.332813839177));
#6865=CARTESIAN_POINT('',(230.183401977559,1000.,-134.500405697491));
#6866=CARTESIAN_POINT('',(228.544891108848,1000.,-137.408150873277));
#6867=CARTESIAN_POINT('',(227.568518193931,1000.,-138.14830419075));
#6868=CARTESIAN_POINT('',(225.570881655365,1000.,-138.14830419075));
#6869=CARTESIAN_POINT('',(224.673067480728,1000.,-137.646057296751));
#6870=CARTESIAN_POINT('',(223.741585274543,1000.,-136.667997555804));
#6871=CARTESIAN_POINT('',(231.036325443464,1000.,-129.477936757496));
#6872=CARTESIAN_POINT('',(236.064084821427,1000.,-136.773733744015));
#6873=CARTESIAN_POINT('',(235.110157260876,1000.,-135.795674003068));
#6874=CARTESIAN_POINT('',(233.437978360616,1000.,-133.363741674229));
#6875=CARTESIAN_POINT('',(231.036325443464,1000.,-129.477936757496));
#6876=CARTESIAN_POINT('',(236.064084821427,1000.,-136.773733744015));
#6877=CARTESIAN_POINT('',(245.221789402718,1000.,-109.52023123278));
#6878=CARTESIAN_POINT('',(246.108380900171,1000.,-112.824487114356));
#6879=CARTESIAN_POINT('',(246.546065310306,1000.,-116.393083466457));
#6880=CARTESIAN_POINT('',(246.546065310306,1000.,-125.697868028974));
#6881=CARTESIAN_POINT('',(245.883927356512,1000.,-130.059485792653));
#6882=CARTESIAN_POINT('',(243.271139503745,1000.,-136.585055879103));
#6883=CARTESIAN_POINT('',(241.596864672623,1000.,-138.201172284855));
#6884=CARTESIAN_POINT('',(238.185170809005,1000.,-138.201172284855));
#6885=CARTESIAN_POINT('',(237.029235059161,1000.,-137.725359437908));
#6886=CARTESIAN_POINT('',(236.064084821427,1000.,-136.773733744015));
#6887=CARTESIAN_POINT('',(245.221789402718,1000.,-109.52023123278));
#6888=CARTESIAN_POINT('',(241.899876956563,1000.,-102.885285422577));
#6889=CARTESIAN_POINT('',(243.515942470909,1000.,-105.026443233838));
#6890=CARTESIAN_POINT('',(244.626987512021,1000.,-107.220469139204));
#6891=CARTESIAN_POINT('',(245.221789402718,1000.,-109.52023123278));
#6892=CARTESIAN_POINT('',(241.899876956563,1000.,-102.885285422577));
#6893=CARTESIAN_POINT('',(231.036325443464,1000.,-90.7784918724841));
#6894=CARTESIAN_POINT('',(234.657509281163,1000.,-94.814089722515));
#6895=CARTESIAN_POINT('',(238.278693118863,1000.,-98.8496875725458));
#6896=CARTESIAN_POINT('',(241.899876956563,1000.,-102.885285422577));
#6897=CARTESIAN_POINT('',(276.914629767381,1000.,-65.7454493136684));
#6898=CARTESIAN_POINT('',(277.576767721175,1000.,-56.7314392687305));
#6899=CARTESIAN_POINT('',(278.585200125983,1000.,-50.6822118673721));
#6900=CARTESIAN_POINT('',(281.246583160001,1000.,-44.5189095304276));
#6901=CARTESIAN_POINT('',(283.064656863639,1000.,-42.9857348013766));
#6902=CARTESIAN_POINT('',(287.407832933443,1000.,-42.9857348013766));
#6903=CARTESIAN_POINT('',(289.012675770605,1000.,-44.2545690599015));
#6904=CARTESIAN_POINT('',(291.302101915928,1000.,-49.2770379998962));
#6905=CARTESIAN_POINT('',(291.874458452259,1000.,-52.4755576932613));
#6906=CARTESIAN_POINT('',(291.874458452259,1000.,-59.8506568209377));
#6907=CARTESIAN_POINT('',(291.338403071669,1000.,-62.9931195927322));
#6908=CARTESIAN_POINT('',(289.237129314264,1000.,-68.6796285365074));
#6909=CARTESIAN_POINT('',(286.723249625283,1000.,-72.2482248886089));
#6910=CARTESIAN_POINT('',(278.777594179751,1000.,-80.7071199454421));
#6911=CARTESIAN_POINT('',(275.999867879323,1000.,-85.1461320228567));
#6912=CARTESIAN_POINT('',(272.852020627151,1000.,-94.6114286951117));
#6913=CARTESIAN_POINT('',(272.066433224344,1000.,-100.47978714079));
#6914=CARTESIAN_POINT('',(272.066433224344,1000.,-115.943704666563));
#6915=CARTESIAN_POINT('',(273.414865387696,1000.,-123.349267721801));
#6916=CARTESIAN_POINT('',(278.822484888483,1000.,-136.086448520647));
#6917=CARTESIAN_POINT('',(283.188106312652,1000.,-139.258534166959));
#6918=CARTESIAN_POINT('',(291.369437979026,1000.,-139.258534166959));
#6919=CARTESIAN_POINT('',(293.40074254914,1000.,-138.888457508223));
#6920=CARTESIAN_POINT('',(295.319820347425,1000.,-138.14830419075));
#6921=CARTESIAN_POINT('',(276.914629767381,1000.,-65.7454493136684));
#6922=CARTESIAN_POINT('',(295.319820347425,1000.,-138.14830419075));
#6923=CARTESIAN_POINT('',(295.319820347425,1000.,-138.14830419075));
#6924=CARTESIAN_POINT('',(296.77876838121,1000.,-137.619623249698));
#6925=CARTESIAN_POINT('',(298.585619407665,1000.,-136.535827320541));
#6926=CARTESIAN_POINT('',(300.740373426792,1000.,-134.89691640328));
#6927=CARTESIAN_POINT('',(300.740373426792,1000.,-134.89691640328));
#6928=CARTESIAN_POINT('',(300.740373426792,1000.,-134.89691640328));
#6929=CARTESIAN_POINT('',(300.392470434121,1000.,-126.623059675815));
#6930=CARTESIAN_POINT('',(300.224130276377,1000.,-118.481373183613));
#6931=CARTESIAN_POINT('',(300.224130276377,1000.,-108.868191405483));
#6932=CARTESIAN_POINT('',(300.224130276377,1000.,-107.290959931344));
#6933=CARTESIAN_POINT('',(300.224130276377,1000.,-105.713728457205));
#6934=CARTESIAN_POINT('',(300.224130276377,1000.,-105.713728457205));
#6935=CARTESIAN_POINT('',(300.224130276377,1000.,-105.713728457205));
#6936=CARTESIAN_POINT('',(299.247757361459,1000.,-105.713728457205));
#6937=CARTESIAN_POINT('',(298.271384446542,1000.,-105.713728457205));
#6938=CARTESIAN_POINT('',(297.295011531625,1000.,-105.713728457205));
#6939=CARTESIAN_POINT('',(297.295011531625,1000.,-105.713728457205));
#6940=CARTESIAN_POINT('',(297.295011531625,1000.,-105.713728457205));
#6941=CARTESIAN_POINT('',(296.531869483185,1000.,-115.071381113827));
#6942=CARTESIAN_POINT('',(295.577375945556,1000.,-121.301701147086));
#6943=CARTESIAN_POINT('',(292.985503493371,1000.,-128.737783440023));
#6944=CARTESIAN_POINT('',(290.909308214525,1000.,-130.878941251284));
#6945=CARTESIAN_POINT('',(286.139670411769,1000.,-130.878941251284));
#6946=CARTESIAN_POINT('',(284.435569868415,1000.,-129.402711681184));
#6947=CARTESIAN_POINT('',(281.897498436612,1000.,-123.477408076555));
#6948=CARTESIAN_POINT('',(281.257805837184,1000.,-119.697339348033));
#6949=CARTESIAN_POINT('',(281.257805837184,1000.,-112.190069985093));
#6950=CARTESIAN_POINT('',(281.511231029474,1000.,-109.598425701311));
#6951=CARTESIAN_POINT('',(282.582081744772,1000.,-105.079311327943));
#6952=CARTESIAN_POINT('',(283.378960815809,1000.,-103.050304843713));
#6953=CARTESIAN_POINT('',(285.455087103609,1000.,-99.3695571645804));
#6954=CARTESIAN_POINT('',(287.384902704254,1000.,-96.9839503612143));
#6955=CARTESIAN_POINT('',(294.343447432508,1000.,-89.2453171434331));
#6956=CARTESIAN_POINT('',(297.147746544408,1000.,-84.7172269980269));
#6957=CARTESIAN_POINT('',(300.044567441449,1000.,-76.0282936171312));
#6958=CARTESIAN_POINT('',(300.762818781158,1000.,-70.9265225359787));
#6959=CARTESIAN_POINT('',(300.762818781158,1000.,-56.4142307040993));
#6960=CARTESIAN_POINT('',(299.414014665884,1000.,-49.2198112861791));
#6961=CARTESIAN_POINT('',(293.984321762654,1000.,-37.8575296731714));
#6962=CARTESIAN_POINT('',(290.067607425803,1000.,-35.0290866385428));
#6963=CARTESIAN_POINT('',(281.572040798306,1000.,-35.0290866385428));
#6964=CARTESIAN_POINT('',(277.891002682298,1000.,-36.5358273205412));
#6965=CARTESIAN_POINT('',(273.918174959532,1000.,-39.6021767786433));
#6966=CARTESIAN_POINT('',(273.918174959532,1000.,-39.6021767786433));
#6967=CARTESIAN_POINT('',(273.918174959532,1000.,-39.6021767786433));
#6968=CARTESIAN_POINT('',(274.041624408544,1000.,-46.9772759063197));
#6969=CARTESIAN_POINT('',(274.097737794459,1000.,-52.1054810345248));
#6970=CARTESIAN_POINT('',(274.097737794459,1000.,-58.3174820918867));
#6971=CARTESIAN_POINT('',(274.041624408544,1000.,-61.9125124910408));
#6972=CARTESIAN_POINT('',(273.918174959532,1000.,-65.7454493136684));
#6973=CARTESIAN_POINT('',(273.918174959532,1000.,-65.7454493136684));
#6974=CARTESIAN_POINT('',(273.918174959532,1000.,-65.7454493136684));
#6975=CARTESIAN_POINT('',(274.916993228815,1000.,-65.7454493136684));
#6976=CARTESIAN_POINT('',(275.915811498098,1000.,-65.7454493136684));
#6977=CARTESIAN_POINT('',(276.914629767381,1000.,-65.7454493136684));
#6978=CARTESIAN_POINT('',(275.927034175281,1000.,-345.884654186965));
#6979=CARTESIAN_POINT('',(276.510613388795,1000.,-335.17886513066));
#6980=CARTESIAN_POINT('',(276.802402995552,1000.,-325.292531532987));
#6981=CARTESIAN_POINT('',(276.824848349918,1000.,-316.225653393944));
#6982=CARTESIAN_POINT('',(275.927034175281,1000.,-345.884654186965));
#6983=CARTESIAN_POINT('',(276.824848349918,1000.,-316.225653393944));
#6984=CARTESIAN_POINT('',(278.710258116654,1000.,-345.884654186965));
#6985=CARTESIAN_POINT('',(277.782516802863,1000.,-345.884654186965));
#6986=CARTESIAN_POINT('',(276.854775489072,1000.,-345.884654186965));
#6987=CARTESIAN_POINT('',(275.927034175281,1000.,-345.884654186965));
#6988=CARTESIAN_POINT('',(278.710258116654,1000.,-345.884654186965));
#6989=CARTESIAN_POINT('',(282.537191036041,1000.,-326.270591273933));
#6990=CARTESIAN_POINT('',(281.987279854077,1000.,-326.799272214985));
#6991=CARTESIAN_POINT('',(281.549595443941,1000.,-327.724463861826));
#6992=CARTESIAN_POINT('',(280.92171577857,1000.,-330.365385890122));
#6993=CARTESIAN_POINT('',(280.090647410157,1000.,-335.971886542239));
#6994=CARTESIAN_POINT('',(278.710258116654,1000.,-345.884654186965));
#6995=CARTESIAN_POINT('',(282.537191036041,999.999999999999,-326.270591273933));
#6996=CARTESIAN_POINT('',(290.77463608833,1000.,-325.451135815302));
#6997=CARTESIAN_POINT('',(289.805744958202,1000.,-325.451135815302));
#6998=CARTESIAN_POINT('',(288.836853828073,1000.,-325.451135815302));
#6999=CARTESIAN_POINT('',(284.871507890096,1000.,-325.451135815302));
#7000=CARTESIAN_POINT('',(283.098324895189,1000.,-325.715476285828));
#7001=CARTESIAN_POINT('',(282.537191036041,1000.,-326.270591273933));
#7002=CARTESIAN_POINT('',(290.77463608833,1000.,-325.451135815302));
#7003=CARTESIAN_POINT('',(289.528918921022,1000.,-408.242571184057));
#7004=CARTESIAN_POINT('',(290.000271362706,1000.,-407.687456195953));
#7005=CARTESIAN_POINT('',(290.292060969463,1000.,-406.973736925532));
#7006=CARTESIAN_POINT('',(290.647947399275,1000.,-404.382752226821));
#7007=CARTESIAN_POINT('',(290.77463608833,1000.,-399.466467562593));
#7008=CARTESIAN_POINT('',(290.77463608833,1000.,-369.331653922624));
#7009=CARTESIAN_POINT('',(290.77463608833,1000.,-347.391394868963));
#7010=CARTESIAN_POINT('',(290.77463608833,1000.,-325.451135815302));
#7011=CARTESIAN_POINT('',(289.528918921022,1000.,-408.242571184057));
#7012=CARTESIAN_POINT('',(284.097143164472,1000.,-411.01814612458));
#7013=CARTESIAN_POINT('',(287.250715452882,1000.,-409.69644377195));
#7014=CARTESIAN_POINT('',(289.057566479338,1000.,-408.771252125109));
#7015=CARTESIAN_POINT('',(289.528918921022,1000.,-408.242571184057));
#7016=CARTESIAN_POINT('',(284.097143164472,1000.,-411.01814612458));
#7017=CARTESIAN_POINT('',(284.097143164472,1000.,-416.225653393944));
#7018=CARTESIAN_POINT('',(284.097143164472,1000.,-414.489817637489));
#7019=CARTESIAN_POINT('',(284.097143164472,1000.,-412.753981881035));
#7020=CARTESIAN_POINT('',(284.097143164472,1000.,-411.01814612458));
#7021=CARTESIAN_POINT('',(284.097143164472,1000.,-416.225653393944));
#7022=CARTESIAN_POINT('',(306.632278947844,1000.,-416.225653393944));
#7023=CARTESIAN_POINT('',(301.784082404808,1000.,-415.723406499944));
#7024=CARTESIAN_POINT('',(298.18160302908,1000.,-415.459066029418));
#7025=CARTESIAN_POINT('',(294.096548534484,1000.,-415.459066029418));
#7026=CARTESIAN_POINT('',(290.179834197633,1000.,-415.723406499944));
#7027=CARTESIAN_POINT('',(284.097143164472,1000.,-416.225653393944));
#7028=CARTESIAN_POINT('',(306.632278947844,1000.,-416.225653393944));
#7029=CARTESIAN_POINT('',(306.632278947844,1000.,-411.018146124581));
#7030=CARTESIAN_POINT('',(306.632278947844,1000.,-412.753981881035));
#7031=CARTESIAN_POINT('',(306.632278947844,1000.,-414.489817637489));
#7032=CARTESIAN_POINT('',(306.632278947844,1000.,-416.225653393944));
#7033=CARTESIAN_POINT('',(306.632278947844,1000.,-411.018146124581));
#7034=CARTESIAN_POINT('',(300.942381616086,1000.,-407.925362619426));
#7035=CARTESIAN_POINT('',(301.548406183966,1000.,-408.665515936899));
#7036=CARTESIAN_POINT('',(303.445038627885,1000.,-409.69644377195));
#7037=CARTESIAN_POINT('',(306.632278947844,1000.,-411.018146124581));
#7038=CARTESIAN_POINT('',(300.942381616086,1000.,-407.925362619426));
#7039=CARTESIAN_POINT('',(299.898672638072,1000.,-325.451135815302));
#7040=CARTESIAN_POINT('',(299.898672638072,1000.,-347.162299794507));
#7041=CARTESIAN_POINT('',(299.898672638072,1000.,-368.873463773713));
#7042=CARTESIAN_POINT('',(299.898672638072,1000.,-399.228561139119));
#7043=CARTESIAN_POINT('',(299.977231378352,1000.,-404.145293890904));
#7044=CARTESIAN_POINT('',(300.272215559088,1000.,-406.550404621206));
#7045=CARTESIAN_POINT('',(300.549587914683,1000.,-407.396681678374));
#7046=CARTESIAN_POINT('',(300.942381616086,1000.,-407.925362619426));
#7047=CARTESIAN_POINT('',(299.898672638072,1000.,-325.451135815302));
#7048=CARTESIAN_POINT('',(311.929382578199,1000.,-345.884654186965));
#7049=CARTESIAN_POINT('',(310.953009663282,1000.,-337.954440071184));
#7050=CARTESIAN_POINT('',(310.189867614841,1000.,-332.667630660663));
#7051=CARTESIAN_POINT('',(309.300669196182,1000.,-328.30423462951));
#7052=CARTESIAN_POINT('',(308.843146352886,1000.,-327.090046732564));
#7053=CARTESIAN_POINT('',(307.743323988957,1000.,-325.768344379933));
#7054=CARTESIAN_POINT('',(306.621056270661,1000.,-325.451135815302));
#7055=CARTESIAN_POINT('',(303.250512223381,1000.,-325.451135815302));
#7056=CARTESIAN_POINT('',(301.574592430726,1000.,-325.451135815302));
#7057=CARTESIAN_POINT('',(299.898672638072,1000.,-325.451135815302));
#7058=CARTESIAN_POINT('',(311.929382578199,1000.,-345.884654186965));
#7059=CARTESIAN_POINT('',(314.656493133657,1000.,-345.884654186965));
#7060=CARTESIAN_POINT('',(313.747456281837,1000.,-345.884654186965));
#7061=CARTESIAN_POINT('',(312.838419430018,1000.,-345.884654186965));
#7062=CARTESIAN_POINT('',(311.929382578199,1000.,-345.884654186965));
#7063=CARTESIAN_POINT('',(314.656493133657,1000.,-345.884654186965));
#7064=CARTESIAN_POINT('',(313.75867895902,1000.,-316.225653393944));
#7065=CARTESIAN_POINT('',(313.859683053667,1000.,-323.838658945093));
#7066=CARTESIAN_POINT('',(313.949464471131,1000.,-328.940430026246));
#7067=CARTESIAN_POINT('',(314.106581951692,1000.,-334.227239436767));
#7068=CARTESIAN_POINT('',(314.308590140985,1000.,-338.985367906235));
#7069=CARTESIAN_POINT('',(314.656493133657,1000.,-345.884654186965));
#7070=CARTESIAN_POINT('',(313.75867895902,1000.,-316.225653393944));
#7071=CARTESIAN_POINT('',(290.595073253403,1000.,-316.860070523206));
#7072=CARTESIAN_POINT('',(298.136712320348,1000.,-316.939372664364));
#7073=CARTESIAN_POINT('',(305.85791422222,1000.,-316.727900287943));
#7074=CARTESIAN_POINT('',(313.75867895902,1000.,-316.225653393944));
#7075=CARTESIAN_POINT('',(290.595073253403,1000.,-316.860070523206));
#7076=CARTESIAN_POINT('',(276.824848349918,1000.,-316.225653393944));
#7077=CARTESIAN_POINT('',(279.619294968473,1000.,-316.48999386447));
#7078=CARTESIAN_POINT('',(284.209369936302,1000.,-316.70146624089));
#7079=CARTESIAN_POINT('',(290.595073253403,1000.,-316.860070523206));
#7080=CARTESIAN_POINT('',(0.,999.999999999999,0.));
#7081=CARTESIAN_POINT('',(0.,999.999999999999,0.));
#7082=CARTESIAN_POINT('',(450.,1000.,0.));
#7083=CARTESIAN_POINT('',(450.,1000.,-730.));
#7084=CARTESIAN_POINT('',(450.,1000.,-730.));
#7085=CARTESIAN_POINT('',(0.,999.999999999999,-730.));
#7086=CARTESIAN_POINT('',(0.,999.999999999999,-730.));
#7087=CARTESIAN_POINT('',(0.,999.999999999999,-730.));
#7088=CARTESIAN_POINT('',(246.658292082136,1000.,-371.684284110306));
#7089=CARTESIAN_POINT('',(245.524801686658,1000.,-365.392980911787));
#7090=CARTESIAN_POINT('',(244.424979322728,1000.,-361.16353338337));
#7091=CARTESIAN_POINT('',(242.337561366699,1000.,-356.775481572638));
#7092=CARTESIAN_POINT('',(241.103066876574,1000.,-355.691685643481));
#7093=CARTESIAN_POINT('',(238.286174903652,1000.,-355.691685643481));
#7094=CARTESIAN_POINT('',(237.242465925638,1000.,-356.643311337375));
#7095=CARTESIAN_POINT('',(235.807319470235,1000.,-360.499038516353));
#7096=CARTESIAN_POINT('',(235.446837576365,1000.,-364.256316888525));
#7097=CARTESIAN_POINT('',(235.401946867633,1000.,-369.860334863677));
#7098=CARTESIAN_POINT('',(246.658292082136,1000.,-371.684284110306));
#7099=CARTESIAN_POINT('',(235.401946867633,1000.,-369.860334863677));
#7100=CARTESIAN_POINT('',(249.318066574497,1000.,-371.049866981044));
#7101=CARTESIAN_POINT('',(248.431475077043,1000.,-371.261339357465));
#7102=CARTESIAN_POINT('',(247.54488357959,1000.,-371.472811733885));
#7103=CARTESIAN_POINT('',(246.658292082136,1000.,-371.684284110306));
#7104=CARTESIAN_POINT('',(249.318066574497,1000.,-371.049866981044));
#7105=CARTESIAN_POINT('',(248.218244210567,1000.,-353.286187361694));
#7106=CARTESIAN_POINT('',(248.375361691128,1000.,-358.467260584004));
#7107=CARTESIAN_POINT('',(248.745710038166,1000.,-364.388487123788));
#7108=CARTESIAN_POINT('',(249.318066574497,1000.,-371.049866981044));
#7109=CARTESIAN_POINT('',(248.218244210567,999.999999999999,-353.286187361694));
#7110=CARTESIAN_POINT('',(227.366510004638,1000.,-403.431574620483));
#7111=CARTESIAN_POINT('',(227.703190320127,1000.,-402.242042503116));
#7112=CARTESIAN_POINT('',(227.860307800688,1000.,-399.360731374382));
#7113=CARTESIAN_POINT('',(227.860307800688,1000.,-386.822094169968));
#7114=CARTESIAN_POINT('',(227.785489952802,1000.,-378.830288163527));
#7115=CARTESIAN_POINT('',(227.718385185229,1000.,-364.49429281264));
#7116=CARTESIAN_POINT('',(228.006202604066,1000.,-359.815396983687));
#7117=CARTESIAN_POINT('',(229.043125492087,1000.,-353.815631702453));
#7118=CARTESIAN_POINT('',(229.981393788266,1000.,-351.435804068012));
#7119=CARTESIAN_POINT('',(232.719727020907,1000.,-347.946509857068));
#7120=CARTESIAN_POINT('',(234.549023401729,1000.,-347.100620351385));
#7121=CARTESIAN_POINT('',(240.788831915451,1000.,-347.100620351385));
#7122=CARTESIAN_POINT('',(244.58209680329,1000.,-349.162476021488));
#7123=CARTESIAN_POINT('',(248.218244210567,1000.,-353.286187361694));
#7124=CARTESIAN_POINT('',(227.366510004638,1000.,-403.431574620483));
#7125=CARTESIAN_POINT('',(223.225342124128,1000.,-402.770723444168));
#7126=CARTESIAN_POINT('',(224.482281968619,1000.,-404.40963436143));
#7127=CARTESIAN_POINT('',(225.43620952917,1000.,-405.22908982006));
#7128=CARTESIAN_POINT('',(226.603367956197,1000.,-405.22908982006));
#7129=CARTESIAN_POINT('',(227.041052366332,1000.,-404.647540784903));
#7130=CARTESIAN_POINT('',(227.366510004638,1000.,-403.431574620483));
#7131=CARTESIAN_POINT('',(223.225342124128,1000.,-402.770723444168));
#7132=CARTESIAN_POINT('',(222.091851728649,1000.,-406.868000737322));
#7133=CARTESIAN_POINT('',(222.469681860476,1000.,-405.502241639604));
#7134=CARTESIAN_POINT('',(222.847511992302,1000.,-404.136482541886));
#7135=CARTESIAN_POINT('',(223.225342124128,1000.,-402.770723444168));
#7136=CARTESIAN_POINT('',(222.091851728649,1000.,-406.868000737322));
#7137=CARTESIAN_POINT('',(228.107206698713,1000.,-415.749840546997));
#7138=CARTESIAN_POINT('',(226.80537614549,1000.,-414.322402006156));
#7139=CARTESIAN_POINT('',(224.807739606924,1000.,-411.361788736264));
#7140=CARTESIAN_POINT('',(222.091851728649,1000.,-406.868000737322));
#7141=CARTESIAN_POINT('',(228.107206698713,1000.,-415.749840546997));
#7142=CARTESIAN_POINT('',(235.401946867633,1000.,-408.559779748688));
#7143=CARTESIAN_POINT('',(235.110157260876,1000.,-411.41465683037));
#7144=CARTESIAN_POINT('',(234.549023401729,1000.,-413.582248688683));
#7145=CARTESIAN_POINT('',(232.910512533017,1000.,-416.48999386447));
#7146=CARTESIAN_POINT('',(231.9341396181,1000.,-417.230147181942));
#7147=CARTESIAN_POINT('',(229.936503079534,1000.,-417.230147181942));
#7148=CARTESIAN_POINT('',(229.038688904898,1000.,-416.727900287943));
#7149=CARTESIAN_POINT('',(228.107206698713,1000.,-415.749840546997));
#7150=CARTESIAN_POINT('',(235.401946867633,1000.,-408.559779748688));
#7151=CARTESIAN_POINT('',(240.429706245597,1000.,-415.855576735207));
#7152=CARTESIAN_POINT('',(239.475778685046,1000.,-414.877516994261));
#7153=CARTESIAN_POINT('',(237.803599784785,1000.,-412.445584665421));
#7154=CARTESIAN_POINT('',(235.401946867633,1000.,-408.559779748688));
#7155=CARTESIAN_POINT('',(240.429706245597,1000.,-415.855576735207));
#7156=CARTESIAN_POINT('',(249.587410826887,1000.,-388.602074223973));
#7157=CARTESIAN_POINT('',(250.474002324341,1000.,-391.906330105548));
#7158=CARTESIAN_POINT('',(250.911686734476,1000.,-395.47492645765));
#7159=CARTESIAN_POINT('',(250.911686734476,1000.,-404.779711020166));
#7160=CARTESIAN_POINT('',(250.249548780682,1000.,-409.141328783846));
#7161=CARTESIAN_POINT('',(247.636760927915,1000.,-415.666898870296));
#7162=CARTESIAN_POINT('',(245.962486096793,1000.,-417.283015276048));
#7163=CARTESIAN_POINT('',(242.550792233175,1000.,-417.283015276048));
#7164=CARTESIAN_POINT('',(241.394856483331,1000.,-416.807202429101));
#7165=CARTESIAN_POINT('',(240.429706245597,1000.,-415.855576735207));
#7166=CARTESIAN_POINT('',(249.587410826887,1000.,-388.602074223973));
#7167=CARTESIAN_POINT('',(246.265498380733,1000.,-381.967128413769));
#7168=CARTESIAN_POINT('',(247.881563895078,1000.,-384.10828622503));
#7169=CARTESIAN_POINT('',(248.992608936191,1000.,-386.302312130396));
#7170=CARTESIAN_POINT('',(249.587410826887,1000.,-388.602074223973));
#7171=CARTESIAN_POINT('',(246.265498380733,1000.,-381.967128413769));
#7172=CARTESIAN_POINT('',(235.401946867633,1000.,-369.860334863677));
#7173=CARTESIAN_POINT('',(239.023130705333,1000.,-373.895932713707));
#7174=CARTESIAN_POINT('',(242.644314543033,1000.,-377.931530563738));
#7175=CARTESIAN_POINT('',(246.265498380733,1000.,-381.967128413769));
#7176=CARTESIAN_POINT('',(249.29562122013,1000.,-70.3978415949266));
#7177=CARTESIAN_POINT('',(251.932950358124,1000.,-70.503577783137));
#7178=CARTESIAN_POINT('',(253.616351935567,1000.,-70.5564458772423));
#7179=CARTESIAN_POINT('',(254.72739697668,1000.,-70.5564458772423));
#7180=CARTESIAN_POINT('',(255.793551309061,1000.,-70.503577783137));
#7181=CARTESIAN_POINT('',(257.521843595236,1000.,-70.3978415949266));
#7182=CARTESIAN_POINT('',(249.29562122013,1000.,-70.3978415949266));
#7183=CARTESIAN_POINT('',(257.521843595236,1000.,-70.3978415949266));
#7184=CARTESIAN_POINT('',(248.902827518727,1000.,-71.4023353829256));
#7185=CARTESIAN_POINT('',(249.033758752528,1000.,-71.0675041202593));
#7186=CARTESIAN_POINT('',(249.164689986329,1000.,-70.732672857593));
#7187=CARTESIAN_POINT('',(249.29562122013,1000.,-70.3978415949266));
#7188=CARTESIAN_POINT('',(248.902827518727,1000.,-71.4023353829256));
#7189=CARTESIAN_POINT('',(250.608674450536,1000.,-79.5704559221801));
#7190=CARTESIAN_POINT('',(250.114876654486,1000.,-76.7420128875515));
#7191=CARTESIAN_POINT('',(249.542520118155,1000.,-74.0193060411333));
#7192=CARTESIAN_POINT('',(248.902827518727,1000.,-71.4023353829256));
#7193=CARTESIAN_POINT('',(250.608674450536,999.999999999999,-79.5704559221801));
#7194=CARTESIAN_POINT('',(257.521843595236,1000.,-78.4337918989182));
#7195=CARTESIAN_POINT('',(255.052854614986,1000.,-78.6716983223916));
#7196=CARTESIAN_POINT('',(252.75220579248,1000.,-79.0417749811281));
#7197=CARTESIAN_POINT('',(250.608674450536,1000.,-79.5704559221801));
#7198=CARTESIAN_POINT('',(257.521843595236,1000.,-78.4337918989182));
#7199=CARTESIAN_POINT('',(257.791187847626,1000.,-106.057371068889));
#7200=CARTESIAN_POINT('',(257.761260708472,1000.,-102.867662724542));
#7201=CARTESIAN_POINT('',(257.731333569317,1000.,-99.6779543801941));
#7202=CARTESIAN_POINT('',(257.671231297784,1000.,-93.2721059616575));
#7203=CARTESIAN_POINT('',(257.641552151854,1000.,-90.0559612530463));
#7204=CARTESIAN_POINT('',(257.585551146857,1000.,-84.0377713685378));
#7205=CARTESIAN_POINT('',(257.55177073439,1000.,-81.2358008864942));
#7206=CARTESIAN_POINT('',(257.521843595236,1000.,-78.4337918989182));
#7207=CARTESIAN_POINT('',(257.791187847626,1000.,-106.057371068889));
#7208=CARTESIAN_POINT('',(250.608674450536,1000.,-123.688880452976));
#7209=CARTESIAN_POINT('',(252.348189413894,1000.,-125.486395652553));
#7210=CARTESIAN_POINT('',(253.605129258385,1000.,-126.358719205289));
#7211=CARTESIAN_POINT('',(255.400757607657,1000.,-126.358719205289));
#7212=CARTESIAN_POINT('',(256.220013042013,1000.,-125.222055182027));
#7213=CARTESIAN_POINT('',(257.476952886504,1000.,-120.675399088979));
#7214=CARTESIAN_POINT('',(257.791187847626,1000.,-115.044947066774));
#7215=CARTESIAN_POINT('',(257.791187847626,1000.,-106.057371068889));
#7216=CARTESIAN_POINT('',(250.608674450536,1000.,-123.688880452976));
#7217=CARTESIAN_POINT('',(249.531297440972,1000.,-128.764217487076));
#7218=CARTESIAN_POINT('',(249.890423110827,1000.,-127.072438475709));
#7219=CARTESIAN_POINT('',(250.249548780681,1000.,-125.380659464342));
#7220=CARTESIAN_POINT('',(250.608674450536,1000.,-123.688880452976));
#7221=CARTESIAN_POINT('',(249.531297440972,1000.,-128.764217487076));
#7222=CARTESIAN_POINT('',(255.546652411036,1000.,-136.456525179383));
#7223=CARTESIAN_POINT('',(254.559056818936,1000.,-135.6106356737));
#7224=CARTESIAN_POINT('',(252.550197603187,1000.,-133.046533109598));
#7225=CARTESIAN_POINT('',(249.531297440972,1000.,-128.764217487076));
#7226=CARTESIAN_POINT('',(255.546652411036,1000.,-136.456525179383));
#7227=CARTESIAN_POINT('',(265.130818725279,1000.,-78.4337918989182));
#7228=CARTESIAN_POINT('',(265.209377465559,1000.,-87.430179245821));
#7229=CARTESIAN_POINT('',(265.28793620584,1000.,-96.4265665927238));
#7230=CARTESIAN_POINT('',(265.413891351354,1000.,-110.850693982352));
#7231=CARTESIAN_POINT('',(265.448794578796,1000.,-116.278535929229));
#7232=CARTESIAN_POINT('',(265.53102622922,1000.,-127.125150844802));
#7233=CARTESIAN_POINT('',(264.928810535985,1000.,-131.222583862968));
#7234=CARTESIAN_POINT('',(262.718501242272,1000.,-136.747523040288));
#7235=CARTESIAN_POINT('',(261.236549742793,1000.,-138.14830419075));
#7236=CARTESIAN_POINT('',(258.161536194664,1000.,-138.14830419075));
#7237=CARTESIAN_POINT('',(256.882150995807,1000.,-137.566755155593));
#7238=CARTESIAN_POINT('',(255.546652411036,1000.,-136.456525179383));
#7239=CARTESIAN_POINT('',(265.130818725279,1000.,-78.4337918989182));
#7240=CARTESIAN_POINT('',(267.554916996797,1000.,-78.3016216636552));
#7241=CARTESIAN_POINT('',(266.746884239624,1000.,-78.3456784087428));
#7242=CARTESIAN_POINT('',(265.938851482451,1000.,-78.3897351538305));
#7243=CARTESIAN_POINT('',(265.130818725279,1000.,-78.4337918989182));
#7244=CARTESIAN_POINT('',(267.554916996797,1000.,-78.3016216636552));
#7245=CARTESIAN_POINT('',(269.406658731984,1000.,-78.4337918989182));
#7246=CARTESIAN_POINT('',(268.385395108335,1000.,-78.3544897577604));
#7247=CARTESIAN_POINT('',(267.768147863273,1000.,-78.3016216636552));
#7248=CARTESIAN_POINT('',(267.554916996797,1000.,-78.3016216636552));
#7249=CARTESIAN_POINT('',(269.406658731984,1000.,-78.4337918989182));
#7250=CARTESIAN_POINT('',(269.406658731984,1000.,-73.2262846295552));
#7251=CARTESIAN_POINT('',(269.406658731984,1000.,-74.9621203860095));
#7252=CARTESIAN_POINT('',(269.406658731984,1000.,-76.6979561424639));
#7253=CARTESIAN_POINT('',(269.406658731984,1000.,-78.4337918989182));
#7254=CARTESIAN_POINT('',(269.406658731984,1000.,-73.2262846295552));
#7255=CARTESIAN_POINT('',(259.261358558593,1000.,-49.3299060940014));
#7256=CARTESIAN_POINT('',(260.899869427305,1000.,-56.4142307040993));
#7257=CARTESIAN_POINT('',(262.51593494165,1000.,-61.7803422557778));
#7258=CARTESIAN_POINT('',(265.725620615975,1000.,-69.0232711481912));
#7259=CARTESIAN_POINT('',(267.487580933699,1000.,-71.6138077593464));
#7260=CARTESIAN_POINT('',(269.406658731984,1000.,-73.2262846295552));
#7261=CARTESIAN_POINT('',(259.261358558593,1000.,-49.3299060940014));
#7262=CARTESIAN_POINT('',(256.624029420599,1000.,-49.3299060940014));
#7263=CARTESIAN_POINT('',(257.503139133264,1000.,-49.3299060940014));
#7264=CARTESIAN_POINT('',(258.382248845929,1000.,-49.3299060940014));
#7265=CARTESIAN_POINT('',(259.261358558593,1000.,-49.3299060940014));
#7266=CARTESIAN_POINT('',(256.624029420599,1000.,-49.3299060940014));
#7267=CARTESIAN_POINT('',(257.521843595236,1000.,-70.3978415949266));
#7268=CARTESIAN_POINT('',(257.443284854955,1000.,-64.1594064905122));
#7269=CARTESIAN_POINT('',(257.151495248198,1000.,-57.1279499745196));
#7270=CARTESIAN_POINT('',(256.624029420599,1000.,-49.3299060940014));
#7271=CARTESIAN_POINT('',(276.218823782038,1000.,-361.480741948001));
#7272=CARTESIAN_POINT('',(275.029220000645,1000.,-361.084231242212));
#7273=CARTESIAN_POINT('',(274.131405826009,1000.,-360.899192912844));
#7274=CARTESIAN_POINT('',(272.751016532505,1000.,-360.899192912844));
#7275=CARTESIAN_POINT('',(272.212328027723,1000.,-361.533610042106));
#7276=CARTESIAN_POINT('',(271.606922509695,1000.,-364.015872258826));
#7277=CARTESIAN_POINT('',(271.460408656465,1000.,-369.225917734414));
#7278=CARTESIAN_POINT('',(271.460408656465,1000.,-395.68639883407));
#7279=CARTESIAN_POINT('',(271.696084877307,1000.,-405.334826008271));
#7280=CARTESIAN_POINT('',(272.156214641809,1000.,-407.343813584269));
#7281=CARTESIAN_POINT('',(276.218823782038,1000.,-361.480741948001));
#7282=CARTESIAN_POINT('',(272.156214641809,1000.,-407.343813584269));
#7283=CARTESIAN_POINT('',(276.218823782038,1000.,-356.537575149164));
#7284=CARTESIAN_POINT('',(276.218823782038,1000.,-358.185297415443));
#7285=CARTESIAN_POINT('',(276.218823782038,1000.,-359.833019681722));
#7286=CARTESIAN_POINT('',(276.218823782038,1000.,-361.480741948001));
#7287=CARTESIAN_POINT('',(276.218823782038,1000.,-356.537575149164));
#7288=CARTESIAN_POINT('',(264.367676676838,1000.,-346.942016069069));
#7289=CARTESIAN_POINT('',(267.319240775955,1000.,-350.801386938749));
#7290=CARTESIAN_POINT('',(271.269623144355,1000.,-353.999906632114));
#7291=CARTESIAN_POINT('',(276.218823782038,1000.,-356.537575149164));
#7292=CARTESIAN_POINT('',(264.367676676838,999.999999999999,-346.942016069069));
#7293=CARTESIAN_POINT('',(262.93117399742,1000.,-348.845267456857));
#7294=CARTESIAN_POINT('',(263.410008223893,1000.,-348.210850327594));
#7295=CARTESIAN_POINT('',(263.888842450366,1000.,-347.576433198332));
#7296=CARTESIAN_POINT('',(264.367676676838,1000.,-346.942016069069));
#7297=CARTESIAN_POINT('',(262.93117399742,1000.,-348.845267456857));
#7298=CARTESIAN_POINT('',(263.5371985653,1000.,-365.12864044126));
#7299=CARTESIAN_POINT('',(263.469862502202,1000.,-359.207413901477));
#7300=CARTESIAN_POINT('',(263.279076990092,1000.,-353.788434255693));
#7301=CARTESIAN_POINT('',(262.93117399742,1000.,-348.845267456857));
#7302=CARTESIAN_POINT('',(263.5371985653,1000.,-365.12864044126));
#7303=CARTESIAN_POINT('',(252.639979020651,1000.,-350.325574091802));
#7304=CARTESIAN_POINT('',(253.717356030215,1000.,-349.215344115593));
#7305=CARTESIAN_POINT('',(254.704951622315,1000.,-348.633795080436));
#7306=CARTESIAN_POINT('',(256.915819027357,1000.,-348.633795080436));
#7307=CARTESIAN_POINT('',(258.060532100018,1000.,-349.506118633172));
#7308=CARTESIAN_POINT('',(259.993474006357,1000.,-353.000187608232));
#7309=CARTESIAN_POINT('',(261.494671318002,1000.,-357.621371078321));
#7310=CARTESIAN_POINT('',(263.5371985653,1000.,-365.12864044126));
#7311=CARTESIAN_POINT('',(252.639979020651,1000.,-350.325574091802));
#7312=CARTESIAN_POINT('',(254.076481700069,1000.,-368.591500605152));
#7313=CARTESIAN_POINT('',(253.739801384581,1000.,-362.300197406632));
#7314=CARTESIAN_POINT('',(253.257226265714,1000.,-356.19393253748));
#7315=CARTESIAN_POINT('',(252.639979020651,1000.,-350.325574091802));
#7316=CARTESIAN_POINT('',(254.076481700069,1000.,-368.591500605152));
#7317=CARTESIAN_POINT('',(256.107786270184,1000.,-368.591500605152));
#7318=CARTESIAN_POINT('',(255.430684746812,1000.,-368.591500605152));
#7319=CARTESIAN_POINT('',(254.753583223441,1000.,-368.591500605152));
#7320=CARTESIAN_POINT('',(254.076481700069,1000.,-368.591500605152));
#7321=CARTESIAN_POINT('',(256.107786270184,1000.,-368.591500605152));
#7322=CARTESIAN_POINT('',(256.893373672991,1000.,-364.441355217893));
#7323=CARTESIAN_POINT('',(256.466911940038,1000.,-365.313678770629));
#7324=CARTESIAN_POINT('',(256.208790364831,1000.,-366.714683264417));
#7325=CARTESIAN_POINT('',(256.107786270184,1000.,-368.591500605152));
#7326=CARTESIAN_POINT('',(256.893373672991,1000.,-364.441355217893));
#7327=CARTESIAN_POINT('',(262.908728643054,1000.,-408.057532854689));
#7328=CARTESIAN_POINT('',(263.267854312909,1000.,-407.370247631321));
#7329=CARTESIAN_POINT('',(263.481085179385,1000.,-406.286451702164));
#7330=CARTESIAN_POINT('',(263.636838174789,1000.,-403.351549848017));
#7331=CARTESIAN_POINT('',(263.683093368678,1000.,-397.853990692384));
#7332=CARTESIAN_POINT('',(263.683093368678,1000.,-382.918754107663));
#7333=CARTESIAN_POINT('',(263.559643919666,1000.,-379.112251332088));
#7334=CARTESIAN_POINT('',(262.866612254,1000.,-372.582746344823));
#7335=CARTESIAN_POINT('',(262.044582499967,1000.,-368.935143216835));
#7336=CARTESIAN_POINT('',(260.097283067588,1000.,-364.04266783739));
#7337=CARTESIAN_POINT('',(259.261358558594,1000.,-363.09321881821));
#7338=CARTESIAN_POINT('',(257.813633201993,1000.,-363.09321881821));
#7339=CARTESIAN_POINT('',(257.30861272876,1000.,-363.542597618104));
#7340=CARTESIAN_POINT('',(256.893373672991,1000.,-364.441355217893));
#7341=CARTESIAN_POINT('',(262.908728643054,1000.,-408.057532854689));
#7342=CARTESIAN_POINT('',(259.5868161969,1000.,-410.595201371739));
#7343=CARTESIAN_POINT('',(261.438557932087,1000.,-409.617141630793));
#7344=CARTESIAN_POINT('',(262.5496029732,1000.,-408.771252125109));
#7345=CARTESIAN_POINT('',(262.908728643054,1000.,-408.057532854689));
#7346=CARTESIAN_POINT('',(259.5868161969,1000.,-410.595201371739));
#7347=CARTESIAN_POINT('',(258.419657769873,1000.,-411.308920642159));
#7348=CARTESIAN_POINT('',(258.935900920288,1000.,-410.965278030475));
#7349=CARTESIAN_POINT('',(259.328694621692,1000.,-410.727371607002));
#7350=CARTESIAN_POINT('',(259.5868161969,1000.,-410.595201371739));
#7351=CARTESIAN_POINT('',(258.419657769873,1000.,-411.308920642159));
#7352=CARTESIAN_POINT('',(258.419657769873,1000.,-416.225653393944));
#7353=CARTESIAN_POINT('',(258.419657769873,1000.,-414.586742476682));
#7354=CARTESIAN_POINT('',(258.419657769873,1000.,-412.947831559421));
#7355=CARTESIAN_POINT('',(258.419657769873,1000.,-411.308920642159));
#7356=CARTESIAN_POINT('',(258.419657769873,1000.,-416.225653393944));
#7357=CARTESIAN_POINT('',(276.218823782038,1000.,-416.225653393944));
#7358=CARTESIAN_POINT('',(272.986692753347,1000.,-415.723406499944));
#7359=CARTESIAN_POINT('',(270.113687394511,1000.,-415.459066029418));
#7360=CARTESIAN_POINT('',(265.265490851475,1000.,-415.459066029418));
#7361=CARTESIAN_POINT('',(262.212922657711,1000.,-415.723406499944));
#7362=CARTESIAN_POINT('',(258.419657769873,1000.,-416.225653393944));
#7363=CARTESIAN_POINT('',(276.218823782038,1000.,-416.225653393944));
#7364=CARTESIAN_POINT('',(276.218823782038,1000.,-411.308920642159));
#7365=CARTESIAN_POINT('',(276.218823782038,1000.,-412.947831559421));
#7366=CARTESIAN_POINT('',(276.218823782038,1000.,-414.586742476682));
#7367=CARTESIAN_POINT('',(276.218823782038,1000.,-416.225653393944));
#7368=CARTESIAN_POINT('',(276.218823782038,1000.,-411.308920642159));
#7369=CARTESIAN_POINT('',(272.156214641809,1000.,-407.343813584269));
#7370=CARTESIAN_POINT('',(272.470449602931,1000.,-408.824120219214));
#7371=CARTESIAN_POINT('',(273.828393542069,1000.,-410.119388524792));
#7372=CARTESIAN_POINT('',(276.218823782038,1000.,-411.308920642159));
#7373=CARTESIAN_POINT('',(190.331675300889,1000.,-392.910823893547));
#7374=CARTESIAN_POINT('',(190.354120655255,1000.,-399.149258997961));
#7375=CARTESIAN_POINT('',(190.48879278145,1000.,-406.418621937428));
#7376=CARTESIAN_POINT('',(190.746914356658,1000.,-414.692478664892));
#7377=CARTESIAN_POINT('',(190.331675300889,1000.,-392.910823893547));
#7378=CARTESIAN_POINT('',(190.746914356658,1000.,-414.692478664892));
#7379=CARTESIAN_POINT('',(187.63823277698,1000.,-392.910823893547));
#7380=CARTESIAN_POINT('',(188.536046951616,1000.,-392.910823893547));
#7381=CARTESIAN_POINT('',(189.433861126252,1000.,-392.910823893547));
#7382=CARTESIAN_POINT('',(190.331675300889,1000.,-392.910823893547));
#7383=CARTESIAN_POINT('',(187.63823277698,1000.,-392.910823893547));
#7384=CARTESIAN_POINT('',(170.84910771128,1000.,-350.616348609381));
#7385=CARTESIAN_POINT('',(173.643554329835,1000.,-347.787905574752));
#7386=CARTESIAN_POINT('',(176.370664885293,1000.,-346.386901080964));
#7387=CARTESIAN_POINT('',(182.711477493663,1000.,-346.386901080964));
#7388=CARTESIAN_POINT('',(185.539592143767,1000.,-348.395888656962));
#7389=CARTESIAN_POINT('',(189.489974512167,1000.,-356.431838960954));
#7390=CARTESIAN_POINT('',(190.477570104267,1000.,-361.322137665685));
#7391=CARTESIAN_POINT('',(190.477570104267,1000.,-371.049866981044));
#7392=CARTESIAN_POINT('',(189.9949949854,1000.,-374.618463333145));
#7393=CARTESIAN_POINT('',(188.043200736674,1000.,-381.012385416162));
#7394=CARTESIAN_POINT('',(186.145616711647,1000.,-384.557665024924));
#7395=CARTESIAN_POINT('',(180.434632737491,1000.,-392.364943393224));
#7396=CARTESIAN_POINT('',(178.63764567625,1000.,-395.263454081229));
#7397=CARTESIAN_POINT('',(177.246033705564,1000.,-399.017088762699));
#7398=CARTESIAN_POINT('',(176.898130712892,1000.,-400.973208244591));
#7399=CARTESIAN_POINT('',(176.898130712892,1000.,-405.202655773008));
#7400=CARTESIAN_POINT('',(177.246033705564,1000.,-407.05303906669));
#7401=CARTESIAN_POINT('',(178.66207197595,1000.,-410.123684157327));
#7402=CARTESIAN_POINT('',(179.62524126835,1000.,-410.885975889318));
#7403=CARTESIAN_POINT('',(182.442133241272,1000.,-410.885975889318));
#7404=CARTESIAN_POINT('',(183.844967889141,1000.,-409.511405442582));
#7405=CARTESIAN_POINT('',(186.248426002533,1000.,-404.008990886273));
#7406=CARTESIAN_POINT('',(187.121989626564,1000.,-399.387165421435));
#7407=CARTESIAN_POINT('',(187.63823277698,1000.,-392.910823893547));
#7408=CARTESIAN_POINT('',(170.84910771128,999.999999999999,-350.616348609381));
#7409=CARTESIAN_POINT('',(171.713253854367,1000.,-368.300726087573));
#7410=CARTESIAN_POINT('',(171.399018893245,1000.,-359.101677713267));
#7411=CARTESIAN_POINT('',(171.107229286488,1000.,-353.206885220536));
#7412=CARTESIAN_POINT('',(170.84910771128,1000.,-350.616348609381));
#7413=CARTESIAN_POINT('',(171.713253854367,1000.,-368.300726087573));
#7414=CARTESIAN_POINT('',(174.316914960813,1000.,-368.089253711152));
#7415=CARTESIAN_POINT('',(173.449027925331,1000.,-368.159744503292));
#7416=CARTESIAN_POINT('',(172.581140889849,1000.,-368.230235295433));
#7417=CARTESIAN_POINT('',(171.713253854367,1000.,-368.300726087573));
#7418=CARTESIAN_POINT('',(174.316914960813,1000.,-368.089253711152));
#7419=CARTESIAN_POINT('',(182.531914658735,1000.,-354.819362090745));
#7420=CARTESIAN_POINT('',(181.925890090856,1000.,-353.471225691062));
#7421=CARTESIAN_POINT('',(181.072966624951,1000.,-352.810374514747));
#7422=CARTESIAN_POINT('',(178.63764567625,1000.,-352.810374514747));
#7423=CARTESIAN_POINT('',(177.470487249223,1000.,-353.947038538009));
#7424=CARTESIAN_POINT('',(175.450405356291,1000.,-358.546562725162));
#7425=CARTESIAN_POINT('',(174.743376693765,1000.,-362.511669783053));
#7426=CARTESIAN_POINT('',(174.316914960813,1000.,-368.089253711152));
#7427=CARTESIAN_POINT('',(182.531914658735,1000.,-354.819362090745));
#7428=CARTESIAN_POINT('',(190.746914356658,1000.,-414.692478664892));
#7429=CARTESIAN_POINT('',(187.63823277698,1000.,-416.860070523206));
#7430=CARTESIAN_POINT('',(184.787672772509,1000.,-417.91743240531));
#7431=CARTESIAN_POINT('',(177.706163470065,1000.,-417.91743240531));
#7432=CARTESIAN_POINT('',(174.541368504472,1000.,-415.564802217628));
#7433=CARTESIAN_POINT('',(170.870685299678,1000.,-406.075314899814));
#7434=CARTESIAN_POINT('',(169.951293536644,1000.,-400.841038009328));
#7435=CARTESIAN_POINT('',(169.951293536644,1000.,-390.981138458707));
#7436=CARTESIAN_POINT('',(170.445091332693,1000.,-387.333239965448));
#7437=CARTESIAN_POINT('',(172.397837162528,1000.,-381.147672955138));
#7438=CARTESIAN_POINT('',(174.485255118557,1000.,-377.446906367774));
#7439=CARTESIAN_POINT('',(180.25203017945,1000.,-369.779767710051));
#7440=CARTESIAN_POINT('',(181.90344473649,1000.,-367.058325876101));
#7441=CARTESIAN_POINT('',(183.185124388979,1000.,-363.490551806256));
#7442=CARTESIAN_POINT('',(183.452174187738,1000.,-361.824384559685));
#7443=CARTESIAN_POINT('',(183.452174187738,1000.,-357.885711548847));
#7444=CARTESIAN_POINT('',(183.149161903798,1000.,-356.141064443375));
#7445=CARTESIAN_POINT('',(182.531914658735,1000.,-354.819362090745));
#7446=CARTESIAN_POINT('',(0.,999.999999999999,-730.));
#7447=CARTESIAN_POINT('',(-500.,-9.09494701772928E-13,0.));
#7448=CARTESIAN_POINT('',(-500.,-9.09494701772928E-13,0.));
#7449=CARTESIAN_POINT('',(-500.,249.999999999999,0.));
#7450=CARTESIAN_POINT('',(-500.,249.999999999999,-730.));
#7451=CARTESIAN_POINT('',(-500.,249.999999999999,-730.));
#7452=CARTESIAN_POINT('',(-500.,-9.09494701772928E-13,-730.));
#7453=CARTESIAN_POINT('',(-500.,-9.09494701772928E-13,-730.));
#7454=CARTESIAN_POINT('',(-500.,-9.09494701772928E-13,-730.));
#7455=CARTESIAN_POINT('',(-500.,-9.09494701772928E-13,-730.));
#7456=CARTESIAN_POINT('',(-500.,249.999999999999,0.));
#7457=CARTESIAN_POINT('',(0.,250.,0.));
#7458=CARTESIAN_POINT('',(0.,250.,-730.));
#7459=CARTESIAN_POINT('',(0.,250.,-730.));
#7460=CARTESIAN_POINT('',(-500.,249.999999999999,-730.));
#7461=CARTESIAN_POINT('',(-500.,249.999999999999,-730.));
#7462=CARTESIAN_POINT('',(0.,250.,0.));
#7463=CARTESIAN_POINT('',(0.,250.,-730.));
#7464=CARTESIAN_POINT('',(0.,250.,-730.));
#7465=CARTESIAN_POINT('',(450.,50.0000000000009,0.));
#7466=CARTESIAN_POINT('',(450.,0.,0.));
#7467=CARTESIAN_POINT('',(450.,0.,-730.));
#7468=CARTESIAN_POINT('',(450.,0.,-730.));
#7469=CARTESIAN_POINT('',(449.999999999999,1000.,-730.));
#7470=CARTESIAN_POINT('',(450.,50.0000000000009,-730.));
#7471=CARTESIAN_POINT('',(450.,0.,0.));
#7472=CARTESIAN_POINT('',(450.,0.,-730.));
#7473=CARTESIAN_POINT('',(450.,0.,-730.));
#7474=CARTESIAN_POINT('',(0.,0.,-730.));
#7475=CARTESIAN_POINT('',(0.,0.,0.));
#7476=CARTESIAN_POINT('',(275.927034175281,995.,-345.884654186965));
#7477=CARTESIAN_POINT('',(275.927034175281,995.,-345.884654186965));
#7478=CARTESIAN_POINT('',(275.927034175281,995.,-345.884654186965));
#7479=CARTESIAN_POINT('',(276.854775489072,995.,-345.884654186965));
#7480=CARTESIAN_POINT('',(277.782516802863,995.,-345.884654186965));
#7481=CARTESIAN_POINT('',(278.710258116654,995.,-345.884654186965));
#7482=CARTESIAN_POINT('',(278.710258116654,995.,-345.884654186965));
#7483=CARTESIAN_POINT('',(278.710258116654,995.,-345.884654186965));
#7484=CARTESIAN_POINT('',(278.710258116654,995.,-345.884654186965));
#7485=CARTESIAN_POINT('',(276.824848349918,995.,-316.225653393944));
#7486=CARTESIAN_POINT('',(276.824848349918,995.,-316.225653393944));
#7487=CARTESIAN_POINT('',(276.824848349918,995.,-316.225653393944));
#7488=CARTESIAN_POINT('',(276.802402995552,995.,-325.292531532987));
#7489=CARTESIAN_POINT('',(276.510613388795,995.,-335.17886513066));
#7490=CARTESIAN_POINT('',(275.927034175281,995.,-345.884654186965));
#7491=CARTESIAN_POINT('',(275.927034175281,995.,-345.884654186965));
#7492=CARTESIAN_POINT('',(276.510613388795,995.,-335.17886513066));
#7493=CARTESIAN_POINT('',(276.802402995552,995.,-325.292531532987));
#7494=CARTESIAN_POINT('',(276.824848349918,995.,-316.225653393944));
#7495=CARTESIAN_POINT('',(290.595073253403,995.,-316.860070523206));
#7496=CARTESIAN_POINT('',(290.595073253403,995.,-316.860070523206));
#7497=CARTESIAN_POINT('',(290.595073253403,995.,-316.860070523206));
#7498=CARTESIAN_POINT('',(284.209369936302,995.,-316.70146624089));
#7499=CARTESIAN_POINT('',(279.619294968473,995.,-316.48999386447));
#7500=CARTESIAN_POINT('',(276.824848349918,995.,-316.225653393944));
#7501=CARTESIAN_POINT('',(276.824848349918,995.,-316.225653393944));
#7502=CARTESIAN_POINT('',(279.619294968473,995.,-316.48999386447));
#7503=CARTESIAN_POINT('',(284.209369936302,995.,-316.70146624089));
#7504=CARTESIAN_POINT('',(290.595073253403,995.,-316.860070523206));
#7505=CARTESIAN_POINT('',(313.75867895902,995.,-316.225653393944));
#7506=CARTESIAN_POINT('',(313.75867895902,995.,-316.225653393944));
#7507=CARTESIAN_POINT('',(313.75867895902,995.,-316.225653393944));
#7508=CARTESIAN_POINT('',(305.85791422222,995.,-316.727900287943));
#7509=CARTESIAN_POINT('',(298.136712320348,995.,-316.939372664364));
#7510=CARTESIAN_POINT('',(290.595073253403,995.,-316.860070523206));
#7511=CARTESIAN_POINT('',(290.595073253403,995.,-316.860070523206));
#7512=CARTESIAN_POINT('',(298.136712320348,995.,-316.939372664364));
#7513=CARTESIAN_POINT('',(305.85791422222,995.,-316.727900287943));
#7514=CARTESIAN_POINT('',(313.75867895902,995.,-316.225653393944));
#7515=CARTESIAN_POINT('',(314.656493133657,995.,-345.884654186965));
#7516=CARTESIAN_POINT('',(314.656493133657,995.,-345.884654186965));
#7517=CARTESIAN_POINT('',(314.656493133657,995.,-345.884654186965));
#7518=CARTESIAN_POINT('',(314.308590140985,995.,-338.985367906235));
#7519=CARTESIAN_POINT('',(314.106581951692,995.,-334.227239436767));
#7520=CARTESIAN_POINT('',(313.949464471131,995.,-328.940430026246));
#7521=CARTESIAN_POINT('',(313.859683053667,995.,-323.838658945093));
#7522=CARTESIAN_POINT('',(313.75867895902,995.,-316.225653393944));
#7523=CARTESIAN_POINT('',(313.75867895902,995.,-316.225653393944));
#7524=CARTESIAN_POINT('',(313.859683053667,995.,-323.838658945093));
#7525=CARTESIAN_POINT('',(313.949464471131,995.,-328.940430026246));
#7526=CARTESIAN_POINT('',(314.106581951692,995.,-334.227239436767));
#7527=CARTESIAN_POINT('',(314.308590140985,995.,-338.985367906235));
#7528=CARTESIAN_POINT('',(314.656493133657,995.,-345.884654186965));
#7529=CARTESIAN_POINT('',(311.929382578199,995.,-345.884654186965));
#7530=CARTESIAN_POINT('',(311.929382578199,995.,-345.884654186965));
#7531=CARTESIAN_POINT('',(311.929382578199,995.,-345.884654186965));
#7532=CARTESIAN_POINT('',(312.838419430018,995.,-345.884654186965));
#7533=CARTESIAN_POINT('',(313.747456281837,995.,-345.884654186965));
#7534=CARTESIAN_POINT('',(314.656493133657,995.,-345.884654186965));
#7535=CARTESIAN_POINT('',(314.656493133657,995.,-345.884654186965));
#7536=CARTESIAN_POINT('',(299.898672638072,995.,-325.451135815302));
#7537=CARTESIAN_POINT('',(299.898672638072,995.,-325.451135815302));
#7538=CARTESIAN_POINT('',(299.898672638072,995.,-325.451135815302));
#7539=CARTESIAN_POINT('',(301.574592430726,995.,-325.451135815302));
#7540=CARTESIAN_POINT('',(303.250512223381,995.,-325.451135815302));
#7541=CARTESIAN_POINT('',(306.621056270661,995.,-325.451135815302));
#7542=CARTESIAN_POINT('',(307.743323988957,995.,-325.768344379933));
#7543=CARTESIAN_POINT('',(308.843146352886,995.,-327.090046732564));
#7544=CARTESIAN_POINT('',(309.300669196182,995.,-328.30423462951));
#7545=CARTESIAN_POINT('',(310.189867614841,995.,-332.667630660663));
#7546=CARTESIAN_POINT('',(310.953009663282,995.,-337.954440071184));
#7547=CARTESIAN_POINT('',(311.929382578199,995.,-345.884654186965));
#7548=CARTESIAN_POINT('',(311.929382578199,995.,-345.884654186965));
#7549=CARTESIAN_POINT('',(310.953009663282,995.,-337.954440071184));
#7550=CARTESIAN_POINT('',(310.189867614841,995.,-332.667630660663));
#7551=CARTESIAN_POINT('',(309.300669196182,995.,-328.30423462951));
#7552=CARTESIAN_POINT('',(308.843146352886,995.,-327.090046732564));
#7553=CARTESIAN_POINT('',(307.743323988957,995.,-325.768344379933));
#7554=CARTESIAN_POINT('',(306.621056270661,995.,-325.451135815302));
#7555=CARTESIAN_POINT('',(303.250512223381,995.,-325.451135815302));
#7556=CARTESIAN_POINT('',(301.574592430726,995.,-325.451135815302));
#7557=CARTESIAN_POINT('',(299.898672638072,995.,-325.451135815302));
#7558=CARTESIAN_POINT('',(300.942381616086,995.,-407.925362619426));
#7559=CARTESIAN_POINT('',(300.942381616086,995.,-407.925362619426));
#7560=CARTESIAN_POINT('',(300.942381616086,995.,-407.925362619426));
#7561=CARTESIAN_POINT('',(300.549587914683,995.,-407.396681678374));
#7562=CARTESIAN_POINT('',(300.272215559088,995.,-406.550404621206));
#7563=CARTESIAN_POINT('',(299.977231378352,995.,-404.145293890904));
#7564=CARTESIAN_POINT('',(299.898672638072,995.,-399.228561139119));
#7565=CARTESIAN_POINT('',(299.898672638072,995.,-368.873463773713));
#7566=CARTESIAN_POINT('',(299.898672638072,995.,-347.162299794507));
#7567=CARTESIAN_POINT('',(299.898672638072,995.,-325.451135815302));
#7568=CARTESIAN_POINT('',(299.898672638072,995.,-325.451135815302));
#7569=CARTESIAN_POINT('',(299.898672638072,995.,-347.162299794507));
#7570=CARTESIAN_POINT('',(299.898672638072,995.,-368.873463773713));
#7571=CARTESIAN_POINT('',(299.898672638072,995.,-399.228561139119));
#7572=CARTESIAN_POINT('',(299.977231378352,995.,-404.145293890904));
#7573=CARTESIAN_POINT('',(300.272215559088,995.,-406.550404621206));
#7574=CARTESIAN_POINT('',(300.549587914683,995.,-407.396681678374));
#7575=CARTESIAN_POINT('',(300.942381616086,995.,-407.925362619426));
#7576=CARTESIAN_POINT('',(306.632278947844,995.,-411.018146124581));
#7577=CARTESIAN_POINT('',(306.632278947844,995.,-411.018146124581));
#7578=CARTESIAN_POINT('',(306.632278947844,995.,-411.018146124581));
#7579=CARTESIAN_POINT('',(303.445038627885,995.,-409.69644377195));
#7580=CARTESIAN_POINT('',(301.548406183966,995.,-408.665515936899));
#7581=CARTESIAN_POINT('',(300.942381616086,995.,-407.925362619426));
#7582=CARTESIAN_POINT('',(300.942381616086,995.,-407.925362619426));
#7583=CARTESIAN_POINT('',(301.548406183966,995.,-408.665515936899));
#7584=CARTESIAN_POINT('',(303.445038627885,995.,-409.69644377195));
#7585=CARTESIAN_POINT('',(306.632278947844,995.,-411.018146124581));
#7586=CARTESIAN_POINT('',(306.632278947844,995.,-416.225653393944));
#7587=CARTESIAN_POINT('',(306.632278947844,995.,-416.225653393944));
#7588=CARTESIAN_POINT('',(306.632278947844,995.,-416.225653393944));
#7589=CARTESIAN_POINT('',(306.632278947844,995.,-414.489817637489));
#7590=CARTESIAN_POINT('',(306.632278947844,995.,-412.753981881035));
#7591=CARTESIAN_POINT('',(306.632278947844,995.,-411.018146124581));
#7592=CARTESIAN_POINT('',(306.632278947844,995.,-411.018146124581));
#7593=CARTESIAN_POINT('',(284.097143164472,995.,-416.225653393944));
#7594=CARTESIAN_POINT('',(284.097143164472,995.,-416.225653393944));
#7595=CARTESIAN_POINT('',(284.097143164472,995.,-416.225653393944));
#7596=CARTESIAN_POINT('',(290.179834197633,995.,-415.723406499944));
#7597=CARTESIAN_POINT('',(294.096548534484,995.,-415.459066029418));
#7598=CARTESIAN_POINT('',(298.18160302908,995.,-415.459066029418));
#7599=CARTESIAN_POINT('',(301.784082404808,995.,-415.723406499944));
#7600=CARTESIAN_POINT('',(306.632278947844,995.,-416.225653393944));
#7601=CARTESIAN_POINT('',(306.632278947844,995.,-416.225653393944));
#7602=CARTESIAN_POINT('',(301.784082404808,995.,-415.723406499944));
#7603=CARTESIAN_POINT('',(298.18160302908,995.,-415.459066029418));
#7604=CARTESIAN_POINT('',(294.096548534484,995.,-415.459066029418));
#7605=CARTESIAN_POINT('',(290.179834197633,995.,-415.723406499944));
#7606=CARTESIAN_POINT('',(284.097143164472,995.,-416.225653393944));
#7607=CARTESIAN_POINT('',(284.097143164472,995.,-411.01814612458));
#7608=CARTESIAN_POINT('',(284.097143164472,995.,-411.01814612458));
#7609=CARTESIAN_POINT('',(284.097143164472,995.,-411.01814612458));
#7610=CARTESIAN_POINT('',(284.097143164472,995.,-412.753981881035));
#7611=CARTESIAN_POINT('',(284.097143164472,995.,-414.489817637489));
#7612=CARTESIAN_POINT('',(284.097143164472,995.,-416.225653393944));
#7613=CARTESIAN_POINT('',(284.097143164472,995.,-416.225653393944));
#7614=CARTESIAN_POINT('',(289.528918921022,995.,-408.242571184057));
#7615=CARTESIAN_POINT('',(289.528918921022,995.,-408.242571184057));
#7616=CARTESIAN_POINT('',(289.528918921022,995.,-408.242571184057));
#7617=CARTESIAN_POINT('',(289.057566479338,995.,-408.771252125109));
#7618=CARTESIAN_POINT('',(287.250715452882,995.,-409.69644377195));
#7619=CARTESIAN_POINT('',(284.097143164472,995.,-411.01814612458));
#7620=CARTESIAN_POINT('',(284.097143164472,995.,-411.01814612458));
#7621=CARTESIAN_POINT('',(287.250715452882,995.,-409.69644377195));
#7622=CARTESIAN_POINT('',(289.057566479338,995.,-408.771252125109));
#7623=CARTESIAN_POINT('',(289.528918921022,995.,-408.242571184057));
#7624=CARTESIAN_POINT('',(290.77463608833,995.,-325.451135815302));
#7625=CARTESIAN_POINT('',(290.77463608833,995.,-325.451135815302));
#7626=CARTESIAN_POINT('',(290.77463608833,995.,-325.451135815302));
#7627=CARTESIAN_POINT('',(290.77463608833,995.,-347.391394868963));
#7628=CARTESIAN_POINT('',(290.77463608833,995.,-369.331653922624));
#7629=CARTESIAN_POINT('',(290.77463608833,995.,-399.466467562593));
#7630=CARTESIAN_POINT('',(290.647947399275,995.,-404.382752226821));
#7631=CARTESIAN_POINT('',(290.292060969463,995.,-406.973736925532));
#7632=CARTESIAN_POINT('',(290.000271362706,995.,-407.687456195953));
#7633=CARTESIAN_POINT('',(289.528918921022,995.,-408.242571184057));
#7634=CARTESIAN_POINT('',(289.528918921022,995.,-408.242571184057));
#7635=CARTESIAN_POINT('',(290.000271362706,995.,-407.687456195953));
#7636=CARTESIAN_POINT('',(290.292060969463,995.,-406.973736925532));
#7637=CARTESIAN_POINT('',(290.647947399275,995.,-404.382752226821));
#7638=CARTESIAN_POINT('',(290.77463608833,995.,-399.466467562593));
#7639=CARTESIAN_POINT('',(290.77463608833,995.,-369.331653922624));
#7640=CARTESIAN_POINT('',(290.77463608833,995.,-347.391394868963));
#7641=CARTESIAN_POINT('',(290.77463608833,995.,-325.451135815302));
#7642=CARTESIAN_POINT('',(282.537191036041,995.,-326.270591273933));
#7643=CARTESIAN_POINT('',(282.537191036041,995.,-326.270591273933));
#7644=CARTESIAN_POINT('',(282.537191036041,995.,-326.270591273933));
#7645=CARTESIAN_POINT('',(283.098324895189,995.,-325.715476285828));
#7646=CARTESIAN_POINT('',(284.871507890096,995.,-325.451135815302));
#7647=CARTESIAN_POINT('',(288.836853828073,995.,-325.451135815302));
#7648=CARTESIAN_POINT('',(289.805744958202,995.,-325.451135815302));
#7649=CARTESIAN_POINT('',(290.77463608833,995.,-325.451135815302));
#7650=CARTESIAN_POINT('',(290.77463608833,995.,-325.451135815302));
#7651=CARTESIAN_POINT('',(289.805744958202,995.,-325.451135815302));
#7652=CARTESIAN_POINT('',(288.836853828073,995.,-325.451135815302));
#7653=CARTESIAN_POINT('',(284.871507890096,995.,-325.451135815302));
#7654=CARTESIAN_POINT('',(283.098324895189,995.,-325.715476285828));
#7655=CARTESIAN_POINT('',(282.537191036041,995.,-326.270591273933));
#7656=CARTESIAN_POINT('',(278.710258116654,995.,-345.884654186965));
#7657=CARTESIAN_POINT('',(280.090647410157,995.,-335.971886542239));
#7658=CARTESIAN_POINT('',(280.92171577857,995.,-330.365385890122));
#7659=CARTESIAN_POINT('',(281.549595443941,995.,-327.724463861826));
#7660=CARTESIAN_POINT('',(281.987279854077,995.,-326.799272214985));
#7661=CARTESIAN_POINT('',(282.537191036041,995.,-326.270591273933));
#7662=CARTESIAN_POINT('',(282.537191036041,995.,-326.270591273933));
#7663=CARTESIAN_POINT('',(281.987279854077,995.,-326.799272214985));
#7664=CARTESIAN_POINT('',(281.549595443941,995.,-327.724463861826));
#7665=CARTESIAN_POINT('',(280.92171577857,995.,-330.365385890122));
#7666=CARTESIAN_POINT('',(280.090647410157,995.,-335.971886542239));
#7667=CARTESIAN_POINT('',(278.710258116654,995.,-345.884654186965));
#7668=CARTESIAN_POINT('',(276.58636645978,995.,-330.440562196481));
#7669=CARTESIAN_POINT('',(276.914629767381,995.,-65.7454493136684));
#7670=CARTESIAN_POINT('',(276.914629767381,995.,-65.7454493136684));
#7671=CARTESIAN_POINT('',(295.319820347425,995.,-138.14830419075));
#7672=CARTESIAN_POINT('',(293.40074254914,995.,-138.888457508223));
#7673=CARTESIAN_POINT('',(291.369437979026,995.,-139.258534166959));
#7674=CARTESIAN_POINT('',(283.188106312652,995.,-139.258534166959));
#7675=CARTESIAN_POINT('',(278.822484888483,995.,-136.086448520647));
#7676=CARTESIAN_POINT('',(273.414865387696,995.,-123.349267721801));
#7677=CARTESIAN_POINT('',(272.066433224344,995.,-115.943704666563));
#7678=CARTESIAN_POINT('',(272.066433224344,995.,-100.47978714079));
#7679=CARTESIAN_POINT('',(272.852020627151,995.,-94.6114286951117));
#7680=CARTESIAN_POINT('',(275.999867879323,995.,-85.1461320228567));
#7681=CARTESIAN_POINT('',(278.777594179751,995.,-80.7071199454421));
#7682=CARTESIAN_POINT('',(286.723249625283,995.,-72.2482248886089));
#7683=CARTESIAN_POINT('',(289.237129314264,995.,-68.6796285365074));
#7684=CARTESIAN_POINT('',(291.338403071669,995.,-62.9931195927322));
#7685=CARTESIAN_POINT('',(291.874458452259,995.,-59.8506568209377));
#7686=CARTESIAN_POINT('',(291.874458452259,995.,-52.4755576932613));
#7687=CARTESIAN_POINT('',(291.302101915928,995.,-49.2770379998962));
#7688=CARTESIAN_POINT('',(289.012675770605,995.,-44.2545690599015));
#7689=CARTESIAN_POINT('',(287.407832933443,995.,-42.9857348013766));
#7690=CARTESIAN_POINT('',(283.064656863639,995.,-42.9857348013766));
#7691=CARTESIAN_POINT('',(281.246583160001,995.,-44.5189095304276));
#7692=CARTESIAN_POINT('',(278.585200125983,995.,-50.6822118673721));
#7693=CARTESIAN_POINT('',(277.576767721175,995.,-56.7314392687305));
#7694=CARTESIAN_POINT('',(276.914629767381,995.,-65.7454493136684));
#7695=CARTESIAN_POINT('',(295.319820347425,995.,-138.14830419075));
#7696=CARTESIAN_POINT('',(295.319820347425,995.,-138.14830419075));
#7697=CARTESIAN_POINT('',(276.914629767381,995.,-65.7454493136684));
#7698=CARTESIAN_POINT('',(277.576767721175,995.,-56.7314392687305));
#7699=CARTESIAN_POINT('',(278.585200125983,995.,-50.6822118673721));
#7700=CARTESIAN_POINT('',(281.246583160001,995.,-44.5189095304276));
#7701=CARTESIAN_POINT('',(283.064656863639,995.,-42.9857348013766));
#7702=CARTESIAN_POINT('',(287.407832933443,995.,-42.9857348013766));
#7703=CARTESIAN_POINT('',(289.012675770605,995.,-44.2545690599015));
#7704=CARTESIAN_POINT('',(291.302101915928,995.,-49.2770379998962));
#7705=CARTESIAN_POINT('',(291.874458452259,995.,-52.4755576932613));
#7706=CARTESIAN_POINT('',(291.874458452259,995.,-59.8506568209377));
#7707=CARTESIAN_POINT('',(291.338403071669,995.,-62.9931195927322));
#7708=CARTESIAN_POINT('',(289.237129314264,995.,-68.6796285365074));
#7709=CARTESIAN_POINT('',(286.723249625283,995.,-72.2482248886089));
#7710=CARTESIAN_POINT('',(278.777594179751,995.,-80.7071199454421));
#7711=CARTESIAN_POINT('',(275.999867879323,995.,-85.1461320228567));
#7712=CARTESIAN_POINT('',(272.852020627151,995.,-94.6114286951117));
#7713=CARTESIAN_POINT('',(272.066433224344,995.,-100.47978714079));
#7714=CARTESIAN_POINT('',(272.066433224344,995.,-115.943704666563));
#7715=CARTESIAN_POINT('',(273.414865387696,995.,-123.349267721801));
#7716=CARTESIAN_POINT('',(278.822484888483,995.,-136.086448520647));
#7717=CARTESIAN_POINT('',(283.188106312652,995.,-139.258534166959));
#7718=CARTESIAN_POINT('',(291.369437979026,995.,-139.258534166959));
#7719=CARTESIAN_POINT('',(293.40074254914,995.,-138.888457508223));
#7720=CARTESIAN_POINT('',(295.319820347425,995.,-138.14830419075));
#7721=CARTESIAN_POINT('',(300.740373426792,995.,-134.89691640328));
#7722=CARTESIAN_POINT('',(298.585619407665,995.,-136.535827320541));
#7723=CARTESIAN_POINT('',(296.77876838121,995.,-137.619623249698));
#7724=CARTESIAN_POINT('',(295.319820347425,995.,-138.14830419075));
#7725=CARTESIAN_POINT('',(300.740373426792,995.,-134.89691640328));
#7726=CARTESIAN_POINT('',(300.740373426792,995.,-134.89691640328));
#7727=CARTESIAN_POINT('',(295.319820347425,995.,-138.14830419075));
#7728=CARTESIAN_POINT('',(296.77876838121,995.,-137.619623249698));
#7729=CARTESIAN_POINT('',(298.585619407665,995.,-136.535827320541));
#7730=CARTESIAN_POINT('',(300.740373426792,995.,-134.89691640328));
#7731=CARTESIAN_POINT('',(300.224130276377,995.,-105.713728457205));
#7732=CARTESIAN_POINT('',(300.224130276377,995.,-107.290959931344));
#7733=CARTESIAN_POINT('',(300.224130276377,995.,-108.868191405483));
#7734=CARTESIAN_POINT('',(300.224130276377,995.,-118.481373183613));
#7735=CARTESIAN_POINT('',(300.392470434121,995.,-126.623059675815));
#7736=CARTESIAN_POINT('',(300.740373426792,995.,-134.89691640328));
#7737=CARTESIAN_POINT('',(300.224130276377,995.,-105.713728457205));
#7738=CARTESIAN_POINT('',(300.224130276377,995.,-105.713728457205));
#7739=CARTESIAN_POINT('',(300.740373426792,995.,-134.89691640328));
#7740=CARTESIAN_POINT('',(300.392470434121,995.,-126.623059675815));
#7741=CARTESIAN_POINT('',(300.224130276377,995.,-118.481373183613));
#7742=CARTESIAN_POINT('',(300.224130276377,995.,-108.868191405483));
#7743=CARTESIAN_POINT('',(300.224130276377,995.,-107.290959931344));
#7744=CARTESIAN_POINT('',(300.224130276377,995.,-105.713728457205));
#7745=CARTESIAN_POINT('',(297.295011531625,995.,-105.713728457205));
#7746=CARTESIAN_POINT('',(298.271384446542,995.,-105.713728457205));
#7747=CARTESIAN_POINT('',(299.247757361459,995.,-105.713728457205));
#7748=CARTESIAN_POINT('',(300.224130276377,995.,-105.713728457205));
#7749=CARTESIAN_POINT('',(297.295011531625,995.,-105.713728457205));
#7750=CARTESIAN_POINT('',(297.295011531625,995.,-105.713728457205));
#7751=CARTESIAN_POINT('',(300.224130276377,995.,-105.713728457205));
#7752=CARTESIAN_POINT('',(273.918174959532,995.,-39.6021767786433));
#7753=CARTESIAN_POINT('',(277.891002682298,995.,-36.5358273205412));
#7754=CARTESIAN_POINT('',(281.572040798306,995.,-35.0290866385428));
#7755=CARTESIAN_POINT('',(290.067607425803,995.,-35.0290866385428));
#7756=CARTESIAN_POINT('',(293.984321762654,995.,-37.8575296731714));
#7757=CARTESIAN_POINT('',(299.414014665884,995.,-49.2198112861791));
#7758=CARTESIAN_POINT('',(300.762818781158,995.,-56.4142307040993));
#7759=CARTESIAN_POINT('',(300.762818781158,995.,-70.9265225359787));
#7760=CARTESIAN_POINT('',(300.044567441449,995.,-76.0282936171312));
#7761=CARTESIAN_POINT('',(297.147746544408,995.,-84.7172269980269));
#7762=CARTESIAN_POINT('',(294.343447432508,995.,-89.2453171434331));
#7763=CARTESIAN_POINT('',(287.384902704254,995.,-96.9839503612143));
#7764=CARTESIAN_POINT('',(285.455087103609,995.,-99.3695571645804));
#7765=CARTESIAN_POINT('',(283.378960815809,995.,-103.050304843713));
#7766=CARTESIAN_POINT('',(282.582081744772,995.,-105.079311327943));
#7767=CARTESIAN_POINT('',(281.511231029474,995.,-109.598425701311));
#7768=CARTESIAN_POINT('',(281.257805837184,995.,-112.190069985093));
#7769=CARTESIAN_POINT('',(281.257805837184,995.,-119.697339348033));
#7770=CARTESIAN_POINT('',(281.897498436612,995.,-123.477408076555));
#7771=CARTESIAN_POINT('',(284.435569868415,995.,-129.402711681184));
#7772=CARTESIAN_POINT('',(286.139670411769,995.,-130.878941251284));
#7773=CARTESIAN_POINT('',(290.909308214525,995.,-130.878941251284));
#7774=CARTESIAN_POINT('',(292.985503493371,995.,-128.737783440023));
#7775=CARTESIAN_POINT('',(295.577375945556,995.,-121.301701147086));
#7776=CARTESIAN_POINT('',(296.531869483185,995.,-115.071381113827));
#7777=CARTESIAN_POINT('',(297.295011531625,995.,-105.713728457205));
#7778=CARTESIAN_POINT('',(273.918174959532,995.,-39.6021767786433));
#7779=CARTESIAN_POINT('',(273.918174959532,995.,-39.6021767786433));
#7780=CARTESIAN_POINT('',(297.295011531625,995.,-105.713728457205));
#7781=CARTESIAN_POINT('',(296.531869483185,995.,-115.071381113827));
#7782=CARTESIAN_POINT('',(295.577375945556,995.,-121.301701147086));
#7783=CARTESIAN_POINT('',(292.985503493371,995.,-128.737783440023));
#7784=CARTESIAN_POINT('',(290.909308214525,995.,-130.878941251284));
#7785=CARTESIAN_POINT('',(286.139670411769,995.,-130.878941251284));
#7786=CARTESIAN_POINT('',(284.435569868415,995.,-129.402711681184));
#7787=CARTESIAN_POINT('',(281.897498436612,995.,-123.477408076555));
#7788=CARTESIAN_POINT('',(281.257805837184,995.,-119.697339348033));
#7789=CARTESIAN_POINT('',(281.257805837184,995.,-112.190069985093));
#7790=CARTESIAN_POINT('',(281.511231029474,995.,-109.598425701311));
#7791=CARTESIAN_POINT('',(282.582081744772,995.,-105.079311327943));
#7792=CARTESIAN_POINT('',(283.378960815809,995.,-103.050304843713));
#7793=CARTESIAN_POINT('',(285.455087103609,995.,-99.3695571645804));
#7794=CARTESIAN_POINT('',(287.384902704254,995.,-96.9839503612143));
#7795=CARTESIAN_POINT('',(294.343447432508,995.,-89.2453171434331));
#7796=CARTESIAN_POINT('',(297.147746544408,995.,-84.7172269980269));
#7797=CARTESIAN_POINT('',(300.044567441449,995.,-76.0282936171312));
#7798=CARTESIAN_POINT('',(300.762818781158,995.,-70.9265225359787));
#7799=CARTESIAN_POINT('',(300.762818781158,995.,-56.4142307040993));
#7800=CARTESIAN_POINT('',(299.414014665884,995.,-49.2198112861791));
#7801=CARTESIAN_POINT('',(293.984321762654,995.,-37.8575296731714));
#7802=CARTESIAN_POINT('',(290.067607425803,995.,-35.0290866385428));
#7803=CARTESIAN_POINT('',(281.572040798306,995.,-35.0290866385428));
#7804=CARTESIAN_POINT('',(277.891002682298,995.,-36.5358273205412));
#7805=CARTESIAN_POINT('',(273.918174959532,995.,-39.6021767786433));
#7806=CARTESIAN_POINT('',(273.918174959532,995.,-65.7454493136684));
#7807=CARTESIAN_POINT('',(274.041624408544,995.,-61.9125124910408));
#7808=CARTESIAN_POINT('',(274.097737794459,995.,-58.3174820918867));
#7809=CARTESIAN_POINT('',(274.097737794459,995.,-52.1054810345248));
#7810=CARTESIAN_POINT('',(274.041624408544,995.,-46.9772759063197));
#7811=CARTESIAN_POINT('',(273.918174959532,995.,-39.6021767786433));
#7812=CARTESIAN_POINT('',(273.918174959532,995.,-65.7454493136684));
#7813=CARTESIAN_POINT('',(273.918174959532,995.,-65.7454493136684));
#7814=CARTESIAN_POINT('',(273.918174959532,995.,-39.6021767786433));
#7815=CARTESIAN_POINT('',(274.041624408544,995.,-46.9772759063197));
#7816=CARTESIAN_POINT('',(274.097737794459,995.,-52.1054810345248));
#7817=CARTESIAN_POINT('',(274.097737794459,995.,-58.3174820918867));
#7818=CARTESIAN_POINT('',(274.041624408544,995.,-61.9125124910408));
#7819=CARTESIAN_POINT('',(273.918174959532,995.,-65.7454493136684));
#7820=CARTESIAN_POINT('',(276.914629767381,995.,-65.7454493136684));
#7821=CARTESIAN_POINT('',(275.915811498098,995.,-65.7454493136684));
#7822=CARTESIAN_POINT('',(274.916993228815,995.,-65.7454493136684));
#7823=CARTESIAN_POINT('',(273.918174959532,995.,-65.7454493136684));
#7824=CARTESIAN_POINT('',(273.918174959532,995.,-65.7454493136684));
#7825=CARTESIAN_POINT('',(289.996886091493,995.,-66.5557075057184));
#7826=CARTESIAN_POINT('',(237.264911280003,1000.,-107.273337233309));
#7827=CARTESIAN_POINT('',(236.411987814099,1000.,-104.973575139732));
#7828=CARTESIAN_POINT('',(234.335792535252,1000.,-102.012961869841));
#7829=CARTESIAN_POINT('',(231.036325443464,1000.,-98.391497423634));
#7830=CARTESIAN_POINT('',(237.264911280003,1000.,-107.273337233309));
#7831=CARTESIAN_POINT('',(231.036325443464,1000.,-98.391497423634));
#7832=CARTESIAN_POINT('',(231.036325443464,995.,-98.391497423634));
#7833=CARTESIAN_POINT('',(231.036325443464,995.,-98.391497423634));
#7834=CARTESIAN_POINT('',(231.036325443464,995.,-98.391497423634));
#7835=CARTESIAN_POINT('',(234.335792535252,995.,-102.012961869841));
#7836=CARTESIAN_POINT('',(236.411987814099,995.,-104.973575139732));
#7837=CARTESIAN_POINT('',(237.264911280003,995.,-107.273337233309));
#7838=CARTESIAN_POINT('',(237.264911280003,995.,-107.273337233309));
#7839=CARTESIAN_POINT('',(237.264911280003,995.,-107.273337233309));
#7840=CARTESIAN_POINT('',(237.264911280003,995.,-107.273337233309));
#7841=CARTESIAN_POINT('',(236.411987814099,995.,-104.973575139732));
#7842=CARTESIAN_POINT('',(234.335792535252,995.,-102.012961869841));
#7843=CARTESIAN_POINT('',(231.036325443464,995.,-98.391497423634));
#7844=CARTESIAN_POINT('',(231.036325443464,1000.,-98.391497423634));
#7845=CARTESIAN_POINT('',(231.025102766281,1000.,-102.012961869841));
#7846=CARTESIAN_POINT('',(231.013880089098,1000.,-104.629932528048));
#7847=CARTESIAN_POINT('',(231.013880089098,1000.,-113.432470196566));
#7848=CARTESIAN_POINT('',(231.13732953811,1000.,-118.111296524876));
#7849=CARTESIAN_POINT('',(231.63403091857,1000.,-122.578329518724));
#7850=CARTESIAN_POINT('',(232.12492513021,1000.,-124.296863535186));
#7851=CARTESIAN_POINT('',(232.854399147102,1000.,-125.512829699605));
#7852=CARTESIAN_POINT('',(232.854399147102,999.999999999999,-125.512829699605));
#7853=CARTESIAN_POINT('',(232.854399147102,995.,-125.512829699605));
#7854=CARTESIAN_POINT('',(232.854399147102,995.,-125.512829699605));
#7855=CARTESIAN_POINT('',(232.854399147102,995.,-125.512829699605));
#7856=CARTESIAN_POINT('',(232.12492513021,995.,-124.296863535186));
#7857=CARTESIAN_POINT('',(231.63403091857,995.,-122.578329518724));
#7858=CARTESIAN_POINT('',(231.13732953811,995.,-118.111296524876));
#7859=CARTESIAN_POINT('',(231.013880089098,995.,-113.432470196566));
#7860=CARTESIAN_POINT('',(231.013880089098,995.,-104.629932528048));
#7861=CARTESIAN_POINT('',(231.025102766281,995.,-102.012961869841));
#7862=CARTESIAN_POINT('',(231.036325443464,995.,-98.391497423634));
#7863=CARTESIAN_POINT('',(231.036325443464,995.,-98.391497423634));
#7864=CARTESIAN_POINT('',(231.025102766281,995.,-102.012961869841));
#7865=CARTESIAN_POINT('',(231.013880089098,995.,-104.629932528048));
#7866=CARTESIAN_POINT('',(231.013880089098,995.,-113.432470196566));
#7867=CARTESIAN_POINT('',(231.13732953811,995.,-118.111296524876));
#7868=CARTESIAN_POINT('',(231.63403091857,995.,-122.578329518724));
#7869=CARTESIAN_POINT('',(232.12492513021,995.,-124.296863535186));
#7870=CARTESIAN_POINT('',(232.854399147102,995.,-125.512829699605));
#7871=CARTESIAN_POINT('',(242.292670657967,995.,-92.6024411191138));
#7872=CARTESIAN_POINT('',(242.292670657967,995.,-92.6024411191138));
#7873=CARTESIAN_POINT('',(242.292670657967,995.,-92.6024411191138));
#7874=CARTESIAN_POINT('',(243.17926215542,995.,-92.390968742693));
#7875=CARTESIAN_POINT('',(244.065853652873,995.,-92.1794963662721));
#7876=CARTESIAN_POINT('',(244.952445150327,995.,-91.9680239898513));
#7877=CARTESIAN_POINT('',(244.952445150327,995.,-91.9680239898513));
#7878=CARTESIAN_POINT('',(244.952445150327,995.,-91.9680239898513));
#7879=CARTESIAN_POINT('',(244.952445150327,995.,-91.9680239898513));
#7880=CARTESIAN_POINT('',(231.036325443464,995.,-90.7784918724841));
#7881=CARTESIAN_POINT('',(231.036325443464,995.,-90.7784918724841));
#7882=CARTESIAN_POINT('',(231.036325443464,995.,-90.7784918724841));
#7883=CARTESIAN_POINT('',(231.081216152195,995.,-85.1744738973321));
#7884=CARTESIAN_POINT('',(231.441698046065,995.,-81.4171955251602));
#7885=CARTESIAN_POINT('',(232.876844501468,995.,-77.5614683461823));
#7886=CARTESIAN_POINT('',(233.920553479483,995.,-76.6098426522885));
#7887=CARTESIAN_POINT('',(236.737445452404,995.,-76.6098426522885));
#7888=CARTESIAN_POINT('',(237.971939942529,995.,-77.6936385814453));
#7889=CARTESIAN_POINT('',(240.059357898559,995.,-82.0816903921775));
#7890=CARTESIAN_POINT('',(241.159180262488,995.,-86.3111379205941));
#7891=CARTESIAN_POINT('',(242.292670657967,995.,-92.6024411191138));
#7892=CARTESIAN_POINT('',(242.292670657967,995.,-92.6024411191138));
#7893=CARTESIAN_POINT('',(241.159180262488,995.,-86.3111379205941));
#7894=CARTESIAN_POINT('',(240.059357898559,995.,-82.0816903921775));
#7895=CARTESIAN_POINT('',(237.971939942529,995.,-77.6936385814453));
#7896=CARTESIAN_POINT('',(236.737445452404,995.,-76.6098426522885));
#7897=CARTESIAN_POINT('',(233.920553479483,995.,-76.6098426522885));
#7898=CARTESIAN_POINT('',(232.876844501468,995.,-77.5614683461823));
#7899=CARTESIAN_POINT('',(231.441698046065,995.,-81.4171955251602));
#7900=CARTESIAN_POINT('',(231.081216152195,995.,-85.1744738973321));
#7901=CARTESIAN_POINT('',(231.036325443464,995.,-90.7784918724841));
#7902=CARTESIAN_POINT('',(241.899876956563,995.,-102.885285422577));
#7903=CARTESIAN_POINT('',(241.899876956563,995.,-102.885285422577));
#7904=CARTESIAN_POINT('',(241.899876956563,995.,-102.885285422577));
#7905=CARTESIAN_POINT('',(238.278693118863,995.,-98.8496875725458));
#7906=CARTESIAN_POINT('',(234.657509281163,995.,-94.814089722515));
#7907=CARTESIAN_POINT('',(231.036325443464,995.,-90.7784918724841));
#7908=CARTESIAN_POINT('',(231.036325443464,995.,-90.7784918724841));
#7909=CARTESIAN_POINT('',(245.221789402718,995.,-109.52023123278));
#7910=CARTESIAN_POINT('',(245.221789402718,995.,-109.52023123278));
#7911=CARTESIAN_POINT('',(245.221789402718,995.,-109.52023123278));
#7912=CARTESIAN_POINT('',(244.626987512021,995.,-107.220469139204));
#7913=CARTESIAN_POINT('',(243.515942470909,995.,-105.026443233838));
#7914=CARTESIAN_POINT('',(241.899876956563,995.,-102.885285422577));
#7915=CARTESIAN_POINT('',(241.899876956563,995.,-102.885285422577));
#7916=CARTESIAN_POINT('',(243.515942470909,995.,-105.026443233838));
#7917=CARTESIAN_POINT('',(244.626987512021,995.,-107.220469139204));
#7918=CARTESIAN_POINT('',(245.221789402718,995.,-109.52023123278));
#7919=CARTESIAN_POINT('',(236.064084821427,995.,-136.773733744015));
#7920=CARTESIAN_POINT('',(236.064084821427,995.,-136.773733744015));
#7921=CARTESIAN_POINT('',(236.064084821427,995.,-136.773733744015));
#7922=CARTESIAN_POINT('',(237.029235059161,995.,-137.725359437908));
#7923=CARTESIAN_POINT('',(238.185170809005,995.,-138.201172284855));
#7924=CARTESIAN_POINT('',(241.596864672623,995.,-138.201172284855));
#7925=CARTESIAN_POINT('',(243.271139503745,995.,-136.585055879103));
#7926=CARTESIAN_POINT('',(245.883927356512,995.,-130.059485792653));
#7927=CARTESIAN_POINT('',(246.546065310306,995.,-125.697868028974));
#7928=CARTESIAN_POINT('',(246.546065310306,995.,-116.393083466457));
#7929=CARTESIAN_POINT('',(246.108380900171,995.,-112.824487114356));
#7930=CARTESIAN_POINT('',(245.221789402718,995.,-109.52023123278));
#7931=CARTESIAN_POINT('',(245.221789402718,995.,-109.52023123278));
#7932=CARTESIAN_POINT('',(246.108380900171,995.,-112.824487114356));
#7933=CARTESIAN_POINT('',(246.546065310306,995.,-116.393083466457));
#7934=CARTESIAN_POINT('',(246.546065310306,995.,-125.697868028974));
#7935=CARTESIAN_POINT('',(245.883927356512,995.,-130.059485792653));
#7936=CARTESIAN_POINT('',(243.271139503745,995.,-136.585055879103));
#7937=CARTESIAN_POINT('',(241.596864672623,995.,-138.201172284855));
#7938=CARTESIAN_POINT('',(238.185170809005,995.,-138.201172284855));
#7939=CARTESIAN_POINT('',(237.029235059161,995.,-137.725359437908));
#7940=CARTESIAN_POINT('',(236.064084821427,995.,-136.773733744015));
#7941=CARTESIAN_POINT('',(231.036325443464,995.,-129.477936757496));
#7942=CARTESIAN_POINT('',(231.036325443464,995.,-129.477936757496));
#7943=CARTESIAN_POINT('',(231.036325443464,995.,-129.477936757496));
#7944=CARTESIAN_POINT('',(233.437978360616,995.,-133.363741674229));
#7945=CARTESIAN_POINT('',(235.110157260876,995.,-135.795674003068));
#7946=CARTESIAN_POINT('',(236.064084821427,995.,-136.773733744015));
#7947=CARTESIAN_POINT('',(236.064084821427,995.,-136.773733744015));
#7948=CARTESIAN_POINT('',(235.110157260876,995.,-135.795674003068));
#7949=CARTESIAN_POINT('',(233.437978360616,995.,-133.363741674229));
#7950=CARTESIAN_POINT('',(231.036325443464,995.,-129.477936757496));
#7951=CARTESIAN_POINT('',(223.741585274543,995.,-136.667997555804));
#7952=CARTESIAN_POINT('',(223.741585274543,995.,-136.667997555804));
#7953=CARTESIAN_POINT('',(223.741585274543,995.,-136.667997555804));
#7954=CARTESIAN_POINT('',(224.673067480728,995.,-137.646057296751));
#7955=CARTESIAN_POINT('',(225.570881655365,995.,-138.14830419075));
#7956=CARTESIAN_POINT('',(227.568518193931,995.,-138.14830419075));
#7957=CARTESIAN_POINT('',(228.544891108848,995.,-137.408150873277));
#7958=CARTESIAN_POINT('',(230.183401977559,995.,-134.500405697491));
#7959=CARTESIAN_POINT('',(230.744535836707,995.,-132.332813839177));
#7960=CARTESIAN_POINT('',(231.036325443464,995.,-129.477936757496));
#7961=CARTESIAN_POINT('',(231.036325443464,995.,-129.477936757496));
#7962=CARTESIAN_POINT('',(230.744535836707,995.,-132.332813839177));
#7963=CARTESIAN_POINT('',(230.183401977559,995.,-134.500405697491));
#7964=CARTESIAN_POINT('',(228.544891108848,995.,-137.408150873277));
#7965=CARTESIAN_POINT('',(227.568518193931,995.,-138.14830419075));
#7966=CARTESIAN_POINT('',(225.570881655365,995.,-138.14830419075));
#7967=CARTESIAN_POINT('',(224.673067480728,995.,-137.646057296751));
#7968=CARTESIAN_POINT('',(223.741585274543,995.,-136.667997555804));
#7969=CARTESIAN_POINT('',(217.72623030448,995.,-127.786157746129));
#7970=CARTESIAN_POINT('',(217.72623030448,995.,-127.786157746129));
#7971=CARTESIAN_POINT('',(217.72623030448,995.,-127.786157746129));
#7972=CARTESIAN_POINT('',(220.442118182755,995.,-132.279945745072));
#7973=CARTESIAN_POINT('',(222.439754721321,995.,-135.240559014964));
#7974=CARTESIAN_POINT('',(223.741585274543,995.,-136.667997555804));
#7975=CARTESIAN_POINT('',(223.741585274543,995.,-136.667997555804));
#7976=CARTESIAN_POINT('',(222.439754721321,995.,-135.240559014964));
#7977=CARTESIAN_POINT('',(220.442118182755,995.,-132.279945745072));
#7978=CARTESIAN_POINT('',(217.72623030448,995.,-127.786157746129));
#7979=CARTESIAN_POINT('',(218.859720699958,995.,-123.688880452976));
#7980=CARTESIAN_POINT('',(218.859720699958,995.,-123.688880452976));
#7981=CARTESIAN_POINT('',(218.859720699958,995.,-123.688880452976));
#7982=CARTESIAN_POINT('',(218.481890568132,995.,-125.054639550694));
#7983=CARTESIAN_POINT('',(218.104060436306,995.,-126.420398648412));
#7984=CARTESIAN_POINT('',(217.72623030448,995.,-127.786157746129));
#7985=CARTESIAN_POINT('',(217.72623030448,995.,-127.786157746129));
#7986=CARTESIAN_POINT('',(223.000888580468,995.,-124.349731629291));
#7987=CARTESIAN_POINT('',(223.000888580468,995.,-124.349731629291));
#7988=CARTESIAN_POINT('',(223.000888580468,995.,-124.349731629291));
#7989=CARTESIAN_POINT('',(222.675430942163,995.,-125.565697793711));
#7990=CARTESIAN_POINT('',(222.237746532027,995.,-126.147246828868));
#7991=CARTESIAN_POINT('',(221.070588105,995.,-126.147246828868));
#7992=CARTESIAN_POINT('',(220.116660544449,995.,-125.327791370237));
#7993=CARTESIAN_POINT('',(218.859720699958,995.,-123.688880452976));
#7994=CARTESIAN_POINT('',(218.859720699958,995.,-123.688880452976));
#7995=CARTESIAN_POINT('',(220.116660544449,995.,-125.327791370237));
#7996=CARTESIAN_POINT('',(221.070588105,995.,-126.147246828868));
#7997=CARTESIAN_POINT('',(222.237746532027,995.,-126.147246828868));
#7998=CARTESIAN_POINT('',(222.675430942163,995.,-125.565697793711));
#7999=CARTESIAN_POINT('',(223.000888580468,995.,-124.349731629291));
#8000=CARTESIAN_POINT('',(243.852622786397,995.,-74.2043443705016));
#8001=CARTESIAN_POINT('',(243.852622786397,995.,-74.2043443705016));
#8002=CARTESIAN_POINT('',(243.852622786397,995.,-74.2043443705016));
#8003=CARTESIAN_POINT('',(240.21647537912,995.,-70.0806330302954));
#8004=CARTESIAN_POINT('',(236.423210491282,995.,-68.0187773601923));
#8005=CARTESIAN_POINT('',(230.183401977559,995.,-68.0187773601923));
#8006=CARTESIAN_POINT('',(228.354105596737,995.,-68.8646668658756));
#8007=CARTESIAN_POINT('',(225.615772364097,995.,-72.3539610768193));
#8008=CARTESIAN_POINT('',(224.677504067917,995.,-74.7337887112605));
#8009=CARTESIAN_POINT('',(223.640581179897,995.,-80.7335539924947));
#8010=CARTESIAN_POINT('',(223.35276376106,995.,-85.4124498214479));
#8011=CARTESIAN_POINT('',(223.419868528632,995.,-99.7484451723343));
#8012=CARTESIAN_POINT('',(223.494686376518,995.,-107.740251178776));
#8013=CARTESIAN_POINT('',(223.494686376518,995.,-120.27888838319));
#8014=CARTESIAN_POINT('',(223.337568895957,995.,-123.160199511924));
#8015=CARTESIAN_POINT('',(223.000888580468,995.,-124.349731629291));
#8016=CARTESIAN_POINT('',(223.000888580468,995.,-124.349731629291));
#8017=CARTESIAN_POINT('',(223.337568895957,995.,-123.160199511924));
#8018=CARTESIAN_POINT('',(223.494686376518,995.,-120.27888838319));
#8019=CARTESIAN_POINT('',(223.494686376518,995.,-107.740251178776));
#8020=CARTESIAN_POINT('',(223.419868528632,995.,-99.7484451723343));
#8021=CARTESIAN_POINT('',(223.35276376106,995.,-85.4124498214479));
#8022=CARTESIAN_POINT('',(223.640581179897,995.,-80.7335539924947));
#8023=CARTESIAN_POINT('',(224.677504067917,995.,-74.7337887112605));
#8024=CARTESIAN_POINT('',(225.615772364097,995.,-72.3539610768193));
#8025=CARTESIAN_POINT('',(228.354105596737,995.,-68.8646668658756));
#8026=CARTESIAN_POINT('',(230.183401977559,995.,-68.0187773601923));
#8027=CARTESIAN_POINT('',(236.423210491282,995.,-68.0187773601923));
#8028=CARTESIAN_POINT('',(240.21647537912,995.,-70.0806330302954));
#8029=CARTESIAN_POINT('',(243.852622786397,995.,-74.2043443705016));
#8030=CARTESIAN_POINT('',(244.952445150327,995.,-91.9680239898513));
#8031=CARTESIAN_POINT('',(244.380088613996,995.,-85.3066441325952));
#8032=CARTESIAN_POINT('',(244.009740266959,995.,-79.3854175928119));
#8033=CARTESIAN_POINT('',(243.852622786397,995.,-74.2043443705016));
#8034=CARTESIAN_POINT('',(243.852622786397,995.,-74.2043443705016));
#8035=CARTESIAN_POINT('',(244.009740266959,995.,-79.3854175928119));
#8036=CARTESIAN_POINT('',(244.380088613996,995.,-85.3066441325952));
#8037=CARTESIAN_POINT('',(244.952445150327,995.,-91.9680239898513));
#8038=CARTESIAN_POINT('',(232.854399147102,1000.,-125.512829699605));
#8039=CARTESIAN_POINT('',(233.583873163994,1000.,-126.755229911078));
#8040=CARTESIAN_POINT('',(234.335792535252,1000.,-127.363212993288));
#8041=CARTESIAN_POINT('',(236.131420884525,1000.,-127.363212993288));
#8042=CARTESIAN_POINT('',(236.95067631888,1000.,-126.464455393499));
#8043=CARTESIAN_POINT('',(238.22171874542,1000.,-122.892867910615));
#8044=CARTESIAN_POINT('',(238.555519156043,1000.,-120.093850053822));
#8045=CARTESIAN_POINT('',(238.555519156043,1000.,-112.586580690882));
#8046=CARTESIAN_POINT('',(238.117834745908,1000.,-109.573099326885));
#8047=CARTESIAN_POINT('',(237.264911280003,1000.,-107.273337233309));
#8048=CARTESIAN_POINT('',(237.264911280003,995.,-107.273337233309));
#8049=CARTESIAN_POINT('',(238.117834745908,995.,-109.573099326885));
#8050=CARTESIAN_POINT('',(238.555519156043,995.,-112.586580690882));
#8051=CARTESIAN_POINT('',(238.555519156043,995.,-120.093850053822));
#8052=CARTESIAN_POINT('',(238.22171874542,995.,-122.892867910615));
#8053=CARTESIAN_POINT('',(236.95067631888,995.,-126.464455393499));
#8054=CARTESIAN_POINT('',(236.131420884525,995.,-127.363212993288));
#8055=CARTESIAN_POINT('',(234.335792535252,995.,-127.363212993288));
#8056=CARTESIAN_POINT('',(233.583873163994,995.,-126.755229911078));
#8057=CARTESIAN_POINT('',(232.854399147102,995.,-125.512829699605));
#8058=CARTESIAN_POINT('',(232.854399147102,995.,-125.512829699605));
#8059=CARTESIAN_POINT('',(233.583873163994,995.,-126.755229911078));
#8060=CARTESIAN_POINT('',(234.335792535252,995.,-127.363212993288));
#8061=CARTESIAN_POINT('',(236.131420884525,995.,-127.363212993288));
#8062=CARTESIAN_POINT('',(236.95067631888,995.,-126.464455393499));
#8063=CARTESIAN_POINT('',(238.22171874542,995.,-122.892867910615));
#8064=CARTESIAN_POINT('',(238.555519156043,995.,-120.093850053822));
#8065=CARTESIAN_POINT('',(238.555519156043,995.,-112.586580690882));
#8066=CARTESIAN_POINT('',(238.117834745908,995.,-109.573099326885));
#8067=CARTESIAN_POINT('',(237.264911280003,995.,-107.273337233309));
#8068=CARTESIAN_POINT('',(235.360987051345,995.,-76.6100986604455));
#8069=CARTESIAN_POINT('',(241.630532704173,1000.,-386.355180224501));
#8070=CARTESIAN_POINT('',(240.777609238268,1000.,-384.055418130925));
#8071=CARTESIAN_POINT('',(238.701413959422,1000.,-381.094804861033));
#8072=CARTESIAN_POINT('',(235.401946867633,1000.,-377.473340414826));
#8073=CARTESIAN_POINT('',(241.630532704173,1000.,-386.355180224501));
#8074=CARTESIAN_POINT('',(235.401946867633,1000.,-377.473340414826));
#8075=CARTESIAN_POINT('',(235.401946867633,995.,-377.473340414826));
#8076=CARTESIAN_POINT('',(235.401946867633,995.,-377.473340414826));
#8077=CARTESIAN_POINT('',(235.401946867633,995.,-377.473340414826));
#8078=CARTESIAN_POINT('',(238.701413959422,995.,-381.094804861033));
#8079=CARTESIAN_POINT('',(240.777609238268,995.,-384.055418130925));
#8080=CARTESIAN_POINT('',(241.630532704173,995.,-386.355180224501));
#8081=CARTESIAN_POINT('',(241.630532704173,995.,-386.355180224501));
#8082=CARTESIAN_POINT('',(241.630532704173,995.,-386.355180224501));
#8083=CARTESIAN_POINT('',(241.630532704173,995.,-386.355180224501));
#8084=CARTESIAN_POINT('',(240.777609238268,995.,-384.055418130925));
#8085=CARTESIAN_POINT('',(238.701413959422,995.,-381.094804861033));
#8086=CARTESIAN_POINT('',(235.401946867633,995.,-377.473340414826));
#8087=CARTESIAN_POINT('',(235.401946867633,1000.,-377.473340414826));
#8088=CARTESIAN_POINT('',(235.39072419045,1000.,-381.094804861033));
#8089=CARTESIAN_POINT('',(235.379501513267,1000.,-383.711775519241));
#8090=CARTESIAN_POINT('',(235.379501513267,1000.,-392.514313187758));
#8091=CARTESIAN_POINT('',(235.50295096228,1000.,-397.193139516069));
#8092=CARTESIAN_POINT('',(235.99965234274,1000.,-401.660172509916));
#8093=CARTESIAN_POINT('',(236.49054655438,1000.,-403.378706526378));
#8094=CARTESIAN_POINT('',(237.220020571272,1000.,-404.594672690798));
#8095=CARTESIAN_POINT('',(237.220020571272,999.999999999999,-404.594672690798));
#8096=CARTESIAN_POINT('',(237.220020571272,995.,-404.594672690798));
#8097=CARTESIAN_POINT('',(237.220020571272,995.,-404.594672690798));
#8098=CARTESIAN_POINT('',(237.220020571272,995.,-404.594672690798));
#8099=CARTESIAN_POINT('',(236.49054655438,995.,-403.378706526378));
#8100=CARTESIAN_POINT('',(235.99965234274,995.,-401.660172509916));
#8101=CARTESIAN_POINT('',(235.50295096228,995.,-397.193139516069));
#8102=CARTESIAN_POINT('',(235.379501513267,995.,-392.514313187758));
#8103=CARTESIAN_POINT('',(235.379501513267,995.,-383.711775519241));
#8104=CARTESIAN_POINT('',(235.39072419045,995.,-381.094804861033));
#8105=CARTESIAN_POINT('',(235.401946867633,995.,-377.473340414826));
#8106=CARTESIAN_POINT('',(235.401946867633,995.,-377.473340414826));
#8107=CARTESIAN_POINT('',(235.39072419045,995.,-381.094804861033));
#8108=CARTESIAN_POINT('',(235.379501513267,995.,-383.711775519241));
#8109=CARTESIAN_POINT('',(235.379501513267,995.,-392.514313187758));
#8110=CARTESIAN_POINT('',(235.50295096228,995.,-397.193139516069));
#8111=CARTESIAN_POINT('',(235.99965234274,995.,-401.660172509916));
#8112=CARTESIAN_POINT('',(236.49054655438,995.,-403.378706526378));
#8113=CARTESIAN_POINT('',(237.220020571272,995.,-404.594672690798));
#8114=CARTESIAN_POINT('',(246.658292082136,995.,-371.684284110306));
#8115=CARTESIAN_POINT('',(246.658292082136,995.,-371.684284110306));
#8116=CARTESIAN_POINT('',(246.658292082136,995.,-371.684284110306));
#8117=CARTESIAN_POINT('',(247.54488357959,995.,-371.472811733885));
#8118=CARTESIAN_POINT('',(248.431475077043,995.,-371.261339357465));
#8119=CARTESIAN_POINT('',(249.318066574497,995.,-371.049866981044));
#8120=CARTESIAN_POINT('',(249.318066574497,995.,-371.049866981044));
#8121=CARTESIAN_POINT('',(249.318066574497,995.,-371.049866981044));
#8122=CARTESIAN_POINT('',(249.318066574497,995.,-371.049866981044));
#8123=CARTESIAN_POINT('',(235.401946867633,995.,-369.860334863677));
#8124=CARTESIAN_POINT('',(235.401946867633,995.,-369.860334863677));
#8125=CARTESIAN_POINT('',(235.401946867633,995.,-369.860334863677));
#8126=CARTESIAN_POINT('',(235.446837576365,995.,-364.256316888525));
#8127=CARTESIAN_POINT('',(235.807319470235,995.,-360.499038516353));
#8128=CARTESIAN_POINT('',(237.242465925638,995.,-356.643311337375));
#8129=CARTESIAN_POINT('',(238.286174903652,995.,-355.691685643481));
#8130=CARTESIAN_POINT('',(241.103066876574,995.,-355.691685643481));
#8131=CARTESIAN_POINT('',(242.337561366699,995.,-356.775481572638));
#8132=CARTESIAN_POINT('',(244.424979322728,995.,-361.16353338337));
#8133=CARTESIAN_POINT('',(245.524801686658,995.,-365.392980911787));
#8134=CARTESIAN_POINT('',(246.658292082136,995.,-371.684284110306));
#8135=CARTESIAN_POINT('',(246.658292082136,995.,-371.684284110306));
#8136=CARTESIAN_POINT('',(245.524801686658,995.,-365.392980911787));
#8137=CARTESIAN_POINT('',(244.424979322728,995.,-361.16353338337));
#8138=CARTESIAN_POINT('',(242.337561366699,995.,-356.775481572638));
#8139=CARTESIAN_POINT('',(241.103066876574,995.,-355.691685643481));
#8140=CARTESIAN_POINT('',(238.286174903652,995.,-355.691685643481));
#8141=CARTESIAN_POINT('',(237.242465925638,995.,-356.643311337375));
#8142=CARTESIAN_POINT('',(235.807319470235,995.,-360.499038516353));
#8143=CARTESIAN_POINT('',(235.446837576365,995.,-364.256316888525));
#8144=CARTESIAN_POINT('',(235.401946867633,995.,-369.860334863677));
#8145=CARTESIAN_POINT('',(246.265498380733,995.,-381.967128413769));
#8146=CARTESIAN_POINT('',(246.265498380733,995.,-381.967128413769));
#8147=CARTESIAN_POINT('',(246.265498380733,995.,-381.967128413769));
#8148=CARTESIAN_POINT('',(242.644314543033,995.,-377.931530563738));
#8149=CARTESIAN_POINT('',(239.023130705333,995.,-373.895932713707));
#8150=CARTESIAN_POINT('',(235.401946867633,995.,-369.860334863677));
#8151=CARTESIAN_POINT('',(235.401946867633,995.,-369.860334863677));
#8152=CARTESIAN_POINT('',(249.587410826887,995.,-388.602074223973));
#8153=CARTESIAN_POINT('',(249.587410826887,995.,-388.602074223973));
#8154=CARTESIAN_POINT('',(249.587410826887,995.,-388.602074223973));
#8155=CARTESIAN_POINT('',(248.992608936191,995.,-386.302312130396));
#8156=CARTESIAN_POINT('',(247.881563895078,995.,-384.10828622503));
#8157=CARTESIAN_POINT('',(246.265498380733,995.,-381.967128413769));
#8158=CARTESIAN_POINT('',(246.265498380733,995.,-381.967128413769));
#8159=CARTESIAN_POINT('',(247.881563895078,995.,-384.10828622503));
#8160=CARTESIAN_POINT('',(248.992608936191,995.,-386.302312130396));
#8161=CARTESIAN_POINT('',(249.587410826887,995.,-388.602074223973));
#8162=CARTESIAN_POINT('',(240.429706245597,995.,-415.855576735207));
#8163=CARTESIAN_POINT('',(240.429706245597,995.,-415.855576735207));
#8164=CARTESIAN_POINT('',(240.429706245597,995.,-415.855576735207));
#8165=CARTESIAN_POINT('',(241.394856483331,995.,-416.807202429101));
#8166=CARTESIAN_POINT('',(242.550792233175,995.,-417.283015276048));
#8167=CARTESIAN_POINT('',(245.962486096793,995.,-417.283015276048));
#8168=CARTESIAN_POINT('',(247.636760927915,995.,-415.666898870296));
#8169=CARTESIAN_POINT('',(250.249548780682,995.,-409.141328783846));
#8170=CARTESIAN_POINT('',(250.911686734476,995.,-404.779711020166));
#8171=CARTESIAN_POINT('',(250.911686734476,995.,-395.47492645765));
#8172=CARTESIAN_POINT('',(250.474002324341,995.,-391.906330105548));
#8173=CARTESIAN_POINT('',(249.587410826887,995.,-388.602074223973));
#8174=CARTESIAN_POINT('',(249.587410826887,995.,-388.602074223973));
#8175=CARTESIAN_POINT('',(250.474002324341,995.,-391.906330105548));
#8176=CARTESIAN_POINT('',(250.911686734476,995.,-395.47492645765));
#8177=CARTESIAN_POINT('',(250.911686734476,995.,-404.779711020166));
#8178=CARTESIAN_POINT('',(250.249548780682,995.,-409.141328783846));
#8179=CARTESIAN_POINT('',(247.636760927915,995.,-415.666898870296));
#8180=CARTESIAN_POINT('',(245.962486096793,995.,-417.283015276048));
#8181=CARTESIAN_POINT('',(242.550792233175,995.,-417.283015276048));
#8182=CARTESIAN_POINT('',(241.394856483331,995.,-416.807202429101));
#8183=CARTESIAN_POINT('',(240.429706245597,995.,-415.855576735207));
#8184=CARTESIAN_POINT('',(235.401946867633,995.,-408.559779748688));
#8185=CARTESIAN_POINT('',(235.401946867633,995.,-408.559779748688));
#8186=CARTESIAN_POINT('',(235.401946867633,995.,-408.559779748688));
#8187=CARTESIAN_POINT('',(237.803599784785,995.,-412.445584665421));
#8188=CARTESIAN_POINT('',(239.475778685046,995.,-414.877516994261));
#8189=CARTESIAN_POINT('',(240.429706245597,995.,-415.855576735207));
#8190=CARTESIAN_POINT('',(240.429706245597,995.,-415.855576735207));
#8191=CARTESIAN_POINT('',(239.475778685046,995.,-414.877516994261));
#8192=CARTESIAN_POINT('',(237.803599784785,995.,-412.445584665421));
#8193=CARTESIAN_POINT('',(235.401946867633,995.,-408.559779748688));
#8194=CARTESIAN_POINT('',(228.107206698713,995.,-415.749840546997));
#8195=CARTESIAN_POINT('',(228.107206698713,995.,-415.749840546997));
#8196=CARTESIAN_POINT('',(228.107206698713,995.,-415.749840546997));
#8197=CARTESIAN_POINT('',(229.038688904898,995.,-416.727900287943));
#8198=CARTESIAN_POINT('',(229.936503079534,995.,-417.230147181942));
#8199=CARTESIAN_POINT('',(231.9341396181,995.,-417.230147181942));
#8200=CARTESIAN_POINT('',(232.910512533017,995.,-416.48999386447));
#8201=CARTESIAN_POINT('',(234.549023401729,995.,-413.582248688683));
#8202=CARTESIAN_POINT('',(235.110157260876,995.,-411.41465683037));
#8203=CARTESIAN_POINT('',(235.401946867633,995.,-408.559779748688));
#8204=CARTESIAN_POINT('',(235.401946867633,995.,-408.559779748688));
#8205=CARTESIAN_POINT('',(235.110157260876,995.,-411.41465683037));
#8206=CARTESIAN_POINT('',(234.549023401729,995.,-413.582248688683));
#8207=CARTESIAN_POINT('',(232.910512533017,995.,-416.48999386447));
#8208=CARTESIAN_POINT('',(231.9341396181,995.,-417.230147181942));
#8209=CARTESIAN_POINT('',(229.936503079534,995.,-417.230147181942));
#8210=CARTESIAN_POINT('',(229.038688904898,995.,-416.727900287943));
#8211=CARTESIAN_POINT('',(228.107206698713,995.,-415.749840546997));
#8212=CARTESIAN_POINT('',(222.091851728649,995.,-406.868000737322));
#8213=CARTESIAN_POINT('',(222.091851728649,995.,-406.868000737322));
#8214=CARTESIAN_POINT('',(222.091851728649,995.,-406.868000737322));
#8215=CARTESIAN_POINT('',(224.807739606924,995.,-411.361788736264));
#8216=CARTESIAN_POINT('',(226.80537614549,995.,-414.322402006156));
#8217=CARTESIAN_POINT('',(228.107206698713,995.,-415.749840546997));
#8218=CARTESIAN_POINT('',(228.107206698713,995.,-415.749840546997));
#8219=CARTESIAN_POINT('',(226.80537614549,995.,-414.322402006156));
#8220=CARTESIAN_POINT('',(224.807739606924,995.,-411.361788736264));
#8221=CARTESIAN_POINT('',(222.091851728649,995.,-406.868000737322));
#8222=CARTESIAN_POINT('',(223.225342124128,995.,-402.770723444168));
#8223=CARTESIAN_POINT('',(223.225342124128,995.,-402.770723444168));
#8224=CARTESIAN_POINT('',(223.225342124128,995.,-402.770723444168));
#8225=CARTESIAN_POINT('',(222.847511992302,995.,-404.136482541886));
#8226=CARTESIAN_POINT('',(222.469681860476,995.,-405.502241639604));
#8227=CARTESIAN_POINT('',(222.091851728649,995.,-406.868000737322));
#8228=CARTESIAN_POINT('',(222.091851728649,995.,-406.868000737322));
#8229=CARTESIAN_POINT('',(227.366510004638,995.,-403.431574620483));
#8230=CARTESIAN_POINT('',(227.366510004638,995.,-403.431574620483));
#8231=CARTESIAN_POINT('',(227.366510004638,995.,-403.431574620483));
#8232=CARTESIAN_POINT('',(227.041052366332,995.,-404.647540784903));
#8233=CARTESIAN_POINT('',(226.603367956197,995.,-405.22908982006));
#8234=CARTESIAN_POINT('',(225.43620952917,995.,-405.22908982006));
#8235=CARTESIAN_POINT('',(224.482281968619,995.,-404.40963436143));
#8236=CARTESIAN_POINT('',(223.225342124128,995.,-402.770723444168));
#8237=CARTESIAN_POINT('',(223.225342124128,995.,-402.770723444168));
#8238=CARTESIAN_POINT('',(224.482281968619,995.,-404.40963436143));
#8239=CARTESIAN_POINT('',(225.43620952917,995.,-405.22908982006));
#8240=CARTESIAN_POINT('',(226.603367956197,995.,-405.22908982006));
#8241=CARTESIAN_POINT('',(227.041052366332,995.,-404.647540784903));
#8242=CARTESIAN_POINT('',(227.366510004638,995.,-403.431574620483));
#8243=CARTESIAN_POINT('',(248.218244210567,995.,-353.286187361694));
#8244=CARTESIAN_POINT('',(248.218244210567,995.,-353.286187361694));
#8245=CARTESIAN_POINT('',(248.218244210567,995.,-353.286187361694));
#8246=CARTESIAN_POINT('',(244.58209680329,995.,-349.162476021488));
#8247=CARTESIAN_POINT('',(240.788831915451,995.,-347.100620351385));
#8248=CARTESIAN_POINT('',(234.549023401729,995.,-347.100620351385));
#8249=CARTESIAN_POINT('',(232.719727020907,995.,-347.946509857068));
#8250=CARTESIAN_POINT('',(229.981393788266,995.,-351.435804068012));
#8251=CARTESIAN_POINT('',(229.043125492087,995.,-353.815631702453));
#8252=CARTESIAN_POINT('',(228.006202604066,995.,-359.815396983687));
#8253=CARTESIAN_POINT('',(227.718385185229,995.,-364.49429281264));
#8254=CARTESIAN_POINT('',(227.785489952802,995.,-378.830288163527));
#8255=CARTESIAN_POINT('',(227.860307800688,995.,-386.822094169968));
#8256=CARTESIAN_POINT('',(227.860307800688,995.,-399.360731374382));
#8257=CARTESIAN_POINT('',(227.703190320127,995.,-402.242042503116));
#8258=CARTESIAN_POINT('',(227.366510004638,995.,-403.431574620483));
#8259=CARTESIAN_POINT('',(227.366510004638,995.,-403.431574620483));
#8260=CARTESIAN_POINT('',(227.703190320127,995.,-402.242042503116));
#8261=CARTESIAN_POINT('',(227.860307800688,995.,-399.360731374382));
#8262=CARTESIAN_POINT('',(227.860307800688,995.,-386.822094169968));
#8263=CARTESIAN_POINT('',(227.785489952802,995.,-378.830288163527));
#8264=CARTESIAN_POINT('',(227.718385185229,995.,-364.49429281264));
#8265=CARTESIAN_POINT('',(228.006202604066,995.,-359.815396983687));
#8266=CARTESIAN_POINT('',(229.043125492087,995.,-353.815631702453));
#8267=CARTESIAN_POINT('',(229.981393788266,995.,-351.435804068012));
#8268=CARTESIAN_POINT('',(232.719727020907,995.,-347.946509857068));
#8269=CARTESIAN_POINT('',(234.549023401729,995.,-347.100620351385));
#8270=CARTESIAN_POINT('',(240.788831915451,995.,-347.100620351385));
#8271=CARTESIAN_POINT('',(244.58209680329,995.,-349.162476021488));
#8272=CARTESIAN_POINT('',(248.218244210567,995.,-353.286187361694));
#8273=CARTESIAN_POINT('',(249.318066574497,995.,-371.049866981044));
#8274=CARTESIAN_POINT('',(248.745710038166,995.,-364.388487123788));
#8275=CARTESIAN_POINT('',(248.375361691128,995.,-358.467260584004));
#8276=CARTESIAN_POINT('',(248.218244210567,995.,-353.286187361694));
#8277=CARTESIAN_POINT('',(248.218244210567,995.,-353.286187361694));
#8278=CARTESIAN_POINT('',(248.375361691128,995.,-358.467260584004));
#8279=CARTESIAN_POINT('',(248.745710038166,995.,-364.388487123788));
#8280=CARTESIAN_POINT('',(249.318066574497,995.,-371.049866981044));
#8281=CARTESIAN_POINT('',(237.220020571272,1000.,-404.594672690798));
#8282=CARTESIAN_POINT('',(237.949494588164,1000.,-405.83707290227));
#8283=CARTESIAN_POINT('',(238.701413959422,1000.,-406.44505598448));
#8284=CARTESIAN_POINT('',(240.497042308694,1000.,-406.44505598448));
#8285=CARTESIAN_POINT('',(241.31629774305,1000.,-405.546298384692));
#8286=CARTESIAN_POINT('',(242.58734016959,1000.,-401.974710901808));
#8287=CARTESIAN_POINT('',(242.921140580213,1000.,-399.175693045014));
#8288=CARTESIAN_POINT('',(242.921140580213,1000.,-391.668423682075));
#8289=CARTESIAN_POINT('',(242.483456170077,1000.,-388.654942318078));
#8290=CARTESIAN_POINT('',(241.630532704173,1000.,-386.355180224501));
#8291=CARTESIAN_POINT('',(241.630532704173,995.,-386.355180224501));
#8292=CARTESIAN_POINT('',(242.483456170077,995.,-388.654942318078));
#8293=CARTESIAN_POINT('',(242.921140580213,995.,-391.668423682075));
#8294=CARTESIAN_POINT('',(242.921140580213,995.,-399.175693045014));
#8295=CARTESIAN_POINT('',(242.58734016959,995.,-401.974710901808));
#8296=CARTESIAN_POINT('',(241.31629774305,995.,-405.546298384692));
#8297=CARTESIAN_POINT('',(240.497042308694,995.,-406.44505598448));
#8298=CARTESIAN_POINT('',(238.701413959422,995.,-406.44505598448));
#8299=CARTESIAN_POINT('',(237.949494588164,995.,-405.83707290227));
#8300=CARTESIAN_POINT('',(237.220020571272,995.,-404.594672690798));
#8301=CARTESIAN_POINT('',(237.220020571272,995.,-404.594672690798));
#8302=CARTESIAN_POINT('',(237.949494588164,995.,-405.83707290227));
#8303=CARTESIAN_POINT('',(238.701413959422,995.,-406.44505598448));
#8304=CARTESIAN_POINT('',(240.497042308694,995.,-406.44505598448));
#8305=CARTESIAN_POINT('',(241.31629774305,995.,-405.546298384692));
#8306=CARTESIAN_POINT('',(242.58734016959,995.,-401.974710901808));
#8307=CARTESIAN_POINT('',(242.921140580213,995.,-399.175693045014));
#8308=CARTESIAN_POINT('',(242.921140580213,995.,-391.668423682075));
#8309=CARTESIAN_POINT('',(242.483456170077,995.,-388.654942318078));
#8310=CARTESIAN_POINT('',(241.630532704173,995.,-386.355180224501));
#8311=CARTESIAN_POINT('',(239.726608475515,995.,-355.691941651638));
#8312=CARTESIAN_POINT('',(249.29562122013,995.,-70.3978415949266));
#8313=CARTESIAN_POINT('',(249.29562122013,995.,-70.3978415949266));
#8314=CARTESIAN_POINT('',(249.29562122013,995.,-70.3978415949266));
#8315=CARTESIAN_POINT('',(249.164689986329,995.,-70.732672857593));
#8316=CARTESIAN_POINT('',(249.033758752528,995.,-71.0675041202593));
#8317=CARTESIAN_POINT('',(248.902827518727,995.,-71.4023353829256));
#8318=CARTESIAN_POINT('',(248.902827518727,995.,-71.4023353829256));
#8319=CARTESIAN_POINT('',(248.902827518727,995.,-71.4023353829256));
#8320=CARTESIAN_POINT('',(248.902827518727,995.,-71.4023353829256));
#8321=CARTESIAN_POINT('',(257.521843595236,995.,-70.3978415949266));
#8322=CARTESIAN_POINT('',(257.521843595236,995.,-70.3978415949266));
#8323=CARTESIAN_POINT('',(257.521843595236,995.,-70.3978415949266));
#8324=CARTESIAN_POINT('',(255.793551309061,995.,-70.503577783137));
#8325=CARTESIAN_POINT('',(254.72739697668,995.,-70.5564458772423));
#8326=CARTESIAN_POINT('',(253.616351935567,995.,-70.5564458772423));
#8327=CARTESIAN_POINT('',(251.932950358124,995.,-70.503577783137));
#8328=CARTESIAN_POINT('',(249.29562122013,995.,-70.3978415949266));
#8329=CARTESIAN_POINT('',(249.29562122013,995.,-70.3978415949266));
#8330=CARTESIAN_POINT('',(251.932950358124,995.,-70.503577783137));
#8331=CARTESIAN_POINT('',(253.616351935567,995.,-70.5564458772423));
#8332=CARTESIAN_POINT('',(254.72739697668,995.,-70.5564458772423));
#8333=CARTESIAN_POINT('',(255.793551309061,995.,-70.503577783137));
#8334=CARTESIAN_POINT('',(257.521843595236,995.,-70.3978415949266));
#8335=CARTESIAN_POINT('',(256.624029420599,995.,-49.3299060940014));
#8336=CARTESIAN_POINT('',(256.624029420599,995.,-49.3299060940014));
#8337=CARTESIAN_POINT('',(256.624029420599,995.,-49.3299060940014));
#8338=CARTESIAN_POINT('',(257.151495248198,995.,-57.1279499745196));
#8339=CARTESIAN_POINT('',(257.443284854955,995.,-64.1594064905122));
#8340=CARTESIAN_POINT('',(257.521843595236,995.,-70.3978415949266));
#8341=CARTESIAN_POINT('',(257.521843595236,995.,-70.3978415949266));
#8342=CARTESIAN_POINT('',(257.443284854955,995.,-64.1594064905122));
#8343=CARTESIAN_POINT('',(257.151495248198,995.,-57.1279499745196));
#8344=CARTESIAN_POINT('',(256.624029420599,995.,-49.3299060940014));
#8345=CARTESIAN_POINT('',(259.261358558593,995.,-49.3299060940014));
#8346=CARTESIAN_POINT('',(259.261358558593,995.,-49.3299060940014));
#8347=CARTESIAN_POINT('',(259.261358558593,995.,-49.3299060940014));
#8348=CARTESIAN_POINT('',(258.382248845929,995.,-49.3299060940014));
#8349=CARTESIAN_POINT('',(257.503139133264,995.,-49.3299060940014));
#8350=CARTESIAN_POINT('',(256.624029420599,995.,-49.3299060940014));
#8351=CARTESIAN_POINT('',(256.624029420599,995.,-49.3299060940014));
#8352=CARTESIAN_POINT('',(269.406658731984,995.,-73.2262846295552));
#8353=CARTESIAN_POINT('',(269.406658731984,995.,-73.2262846295552));
#8354=CARTESIAN_POINT('',(269.406658731984,995.,-73.2262846295552));
#8355=CARTESIAN_POINT('',(267.487580933699,995.,-71.6138077593464));
#8356=CARTESIAN_POINT('',(265.725620615975,995.,-69.0232711481912));
#8357=CARTESIAN_POINT('',(262.51593494165,995.,-61.7803422557778));
#8358=CARTESIAN_POINT('',(260.899869427305,995.,-56.4142307040993));
#8359=CARTESIAN_POINT('',(259.261358558593,995.,-49.3299060940014));
#8360=CARTESIAN_POINT('',(259.261358558593,995.,-49.3299060940014));
#8361=CARTESIAN_POINT('',(260.899869427305,995.,-56.4142307040993));
#8362=CARTESIAN_POINT('',(262.51593494165,995.,-61.7803422557778));
#8363=CARTESIAN_POINT('',(265.725620615975,995.,-69.0232711481912));
#8364=CARTESIAN_POINT('',(267.487580933699,995.,-71.6138077593464));
#8365=CARTESIAN_POINT('',(269.406658731984,995.,-73.2262846295552));
#8366=CARTESIAN_POINT('',(269.406658731984,995.,-78.4337918989182));
#8367=CARTESIAN_POINT('',(269.406658731984,995.,-78.4337918989182));
#8368=CARTESIAN_POINT('',(269.406658731984,995.,-78.4337918989182));
#8369=CARTESIAN_POINT('',(269.406658731984,995.,-76.6979561424639));
#8370=CARTESIAN_POINT('',(269.406658731984,995.,-74.9621203860095));
#8371=CARTESIAN_POINT('',(269.406658731984,995.,-73.2262846295552));
#8372=CARTESIAN_POINT('',(269.406658731984,995.,-73.2262846295552));
#8373=CARTESIAN_POINT('',(267.554916996797,995.,-78.3016216636552));
#8374=CARTESIAN_POINT('',(267.554916996797,995.,-78.3016216636552));
#8375=CARTESIAN_POINT('',(267.554916996797,995.,-78.3016216636552));
#8376=CARTESIAN_POINT('',(267.768147863273,995.,-78.3016216636552));
#8377=CARTESIAN_POINT('',(268.385395108335,995.,-78.3544897577604));
#8378=CARTESIAN_POINT('',(269.406658731984,995.,-78.4337918989182));
#8379=CARTESIAN_POINT('',(269.406658731984,995.,-78.4337918989182));
#8380=CARTESIAN_POINT('',(268.385395108335,995.,-78.3544897577604));
#8381=CARTESIAN_POINT('',(267.768147863273,995.,-78.3016216636552));
#8382=CARTESIAN_POINT('',(267.554916996797,995.,-78.3016216636552));
#8383=CARTESIAN_POINT('',(265.130818725279,995.,-78.4337918989182));
#8384=CARTESIAN_POINT('',(265.130818725279,995.,-78.4337918989182));
#8385=CARTESIAN_POINT('',(265.130818725279,995.,-78.4337918989182));
#8386=CARTESIAN_POINT('',(265.938851482451,995.,-78.3897351538305));
#8387=CARTESIAN_POINT('',(266.746884239624,995.,-78.3456784087428));
#8388=CARTESIAN_POINT('',(267.554916996797,995.,-78.3016216636552));
#8389=CARTESIAN_POINT('',(267.554916996797,995.,-78.3016216636552));
#8390=CARTESIAN_POINT('',(255.546652411036,995.,-136.456525179383));
#8391=CARTESIAN_POINT('',(255.546652411036,995.,-136.456525179383));
#8392=CARTESIAN_POINT('',(255.546652411036,995.,-136.456525179383));
#8393=CARTESIAN_POINT('',(256.882150995807,995.,-137.566755155593));
#8394=CARTESIAN_POINT('',(258.161536194664,995.,-138.14830419075));
#8395=CARTESIAN_POINT('',(261.236549742793,995.,-138.14830419075));
#8396=CARTESIAN_POINT('',(262.718501242272,995.,-136.747523040288));
#8397=CARTESIAN_POINT('',(264.928810535985,995.,-131.222583862968));
#8398=CARTESIAN_POINT('',(265.53102622922,995.,-127.125150844802));
#8399=CARTESIAN_POINT('',(265.448794578796,995.,-116.278535929229));
#8400=CARTESIAN_POINT('',(265.413891351354,995.,-110.850693982352));
#8401=CARTESIAN_POINT('',(265.28793620584,995.,-96.4265665927238));
#8402=CARTESIAN_POINT('',(265.209377465559,995.,-87.430179245821));
#8403=CARTESIAN_POINT('',(265.130818725279,995.,-78.4337918989182));
#8404=CARTESIAN_POINT('',(265.130818725279,995.,-78.4337918989182));
#8405=CARTESIAN_POINT('',(265.209377465559,995.,-87.430179245821));
#8406=CARTESIAN_POINT('',(265.28793620584,995.,-96.4265665927238));
#8407=CARTESIAN_POINT('',(265.413891351354,995.,-110.850693982352));
#8408=CARTESIAN_POINT('',(265.448794578796,995.,-116.278535929229));
#8409=CARTESIAN_POINT('',(265.53102622922,995.,-127.125150844802));
#8410=CARTESIAN_POINT('',(264.928810535985,995.,-131.222583862968));
#8411=CARTESIAN_POINT('',(262.718501242272,995.,-136.747523040288));
#8412=CARTESIAN_POINT('',(261.236549742793,995.,-138.14830419075));
#8413=CARTESIAN_POINT('',(258.161536194664,995.,-138.14830419075));
#8414=CARTESIAN_POINT('',(256.882150995807,995.,-137.566755155593));
#8415=CARTESIAN_POINT('',(255.546652411036,995.,-136.456525179383));
#8416=CARTESIAN_POINT('',(249.531297440972,995.,-128.764217487076));
#8417=CARTESIAN_POINT('',(249.531297440972,995.,-128.764217487076));
#8418=CARTESIAN_POINT('',(249.531297440972,995.,-128.764217487076));
#8419=CARTESIAN_POINT('',(252.550197603187,995.,-133.046533109598));
#8420=CARTESIAN_POINT('',(254.559056818936,995.,-135.6106356737));
#8421=CARTESIAN_POINT('',(255.546652411036,995.,-136.456525179383));
#8422=CARTESIAN_POINT('',(255.546652411036,995.,-136.456525179383));
#8423=CARTESIAN_POINT('',(254.559056818936,995.,-135.6106356737));
#8424=CARTESIAN_POINT('',(252.550197603187,995.,-133.046533109598));
#8425=CARTESIAN_POINT('',(249.531297440972,995.,-128.764217487076));
#8426=CARTESIAN_POINT('',(250.608674450536,995.,-123.688880452976));
#8427=CARTESIAN_POINT('',(250.608674450536,995.,-123.688880452976));
#8428=CARTESIAN_POINT('',(250.608674450536,995.,-123.688880452976));
#8429=CARTESIAN_POINT('',(250.249548780681,995.,-125.380659464342));
#8430=CARTESIAN_POINT('',(249.890423110827,995.,-127.072438475709));
#8431=CARTESIAN_POINT('',(249.531297440972,995.,-128.764217487076));
#8432=CARTESIAN_POINT('',(249.531297440972,995.,-128.764217487076));
#8433=CARTESIAN_POINT('',(257.791187847626,995.,-106.057371068889));
#8434=CARTESIAN_POINT('',(257.791187847626,995.,-106.057371068889));
#8435=CARTESIAN_POINT('',(257.791187847626,995.,-106.057371068889));
#8436=CARTESIAN_POINT('',(257.791187847626,995.,-115.044947066774));
#8437=CARTESIAN_POINT('',(257.476952886504,995.,-120.675399088979));
#8438=CARTESIAN_POINT('',(256.220013042013,995.,-125.222055182027));
#8439=CARTESIAN_POINT('',(255.400757607657,995.,-126.358719205289));
#8440=CARTESIAN_POINT('',(253.605129258385,995.,-126.358719205289));
#8441=CARTESIAN_POINT('',(252.348189413894,995.,-125.486395652553));
#8442=CARTESIAN_POINT('',(250.608674450536,995.,-123.688880452976));
#8443=CARTESIAN_POINT('',(250.608674450536,995.,-123.688880452976));
#8444=CARTESIAN_POINT('',(252.348189413894,995.,-125.486395652553));
#8445=CARTESIAN_POINT('',(253.605129258385,995.,-126.358719205289));
#8446=CARTESIAN_POINT('',(255.400757607657,995.,-126.358719205289));
#8447=CARTESIAN_POINT('',(256.220013042013,995.,-125.222055182027));
#8448=CARTESIAN_POINT('',(257.476952886504,995.,-120.675399088979));
#8449=CARTESIAN_POINT('',(257.791187847626,995.,-115.044947066774));
#8450=CARTESIAN_POINT('',(257.791187847626,995.,-106.057371068889));
#8451=CARTESIAN_POINT('',(257.521843595236,995.,-78.4337918989182));
#8452=CARTESIAN_POINT('',(257.521843595236,995.,-78.4337918989182));
#8453=CARTESIAN_POINT('',(257.521843595236,995.,-78.4337918989182));
#8454=CARTESIAN_POINT('',(257.55177073439,995.,-81.2358008864942));
#8455=CARTESIAN_POINT('',(257.585551146857,995.,-84.0377713685378));
#8456=CARTESIAN_POINT('',(257.641552151854,995.,-90.0559612530463));
#8457=CARTESIAN_POINT('',(257.671231297784,995.,-93.2721059616575));
#8458=CARTESIAN_POINT('',(257.731333569317,995.,-99.6779543801941));
#8459=CARTESIAN_POINT('',(257.761260708472,995.,-102.867662724542));
#8460=CARTESIAN_POINT('',(257.791187847626,995.,-106.057371068889));
#8461=CARTESIAN_POINT('',(257.791187847626,995.,-106.057371068889));
#8462=CARTESIAN_POINT('',(257.761260708472,995.,-102.867662724542));
#8463=CARTESIAN_POINT('',(257.731333569317,995.,-99.6779543801941));
#8464=CARTESIAN_POINT('',(257.671231297784,995.,-93.2721059616575));
#8465=CARTESIAN_POINT('',(257.641552151854,995.,-90.0559612530463));
#8466=CARTESIAN_POINT('',(257.585551146857,995.,-84.0377713685378));
#8467=CARTESIAN_POINT('',(257.55177073439,995.,-81.2358008864942));
#8468=CARTESIAN_POINT('',(257.521843595236,995.,-78.4337918989182));
#8469=CARTESIAN_POINT('',(250.608674450536,995.,-79.5704559221801));
#8470=CARTESIAN_POINT('',(250.608674450536,995.,-79.5704559221801));
#8471=CARTESIAN_POINT('',(250.608674450536,995.,-79.5704559221801));
#8472=CARTESIAN_POINT('',(252.75220579248,995.,-79.0417749811281));
#8473=CARTESIAN_POINT('',(255.052854614986,995.,-78.6716983223916));
#8474=CARTESIAN_POINT('',(257.521843595236,995.,-78.4337918989182));
#8475=CARTESIAN_POINT('',(257.521843595236,995.,-78.4337918989182));
#8476=CARTESIAN_POINT('',(255.052854614986,995.,-78.6716983223916));
#8477=CARTESIAN_POINT('',(252.75220579248,995.,-79.0417749811281));
#8478=CARTESIAN_POINT('',(250.608674450536,995.,-79.5704559221801));
#8479=CARTESIAN_POINT('',(248.902827518727,995.,-71.4023353829256));
#8480=CARTESIAN_POINT('',(249.542520118155,995.,-74.0193060411333));
#8481=CARTESIAN_POINT('',(250.114876654486,995.,-76.7420128875515));
#8482=CARTESIAN_POINT('',(250.608674450536,995.,-79.5704559221801));
#8483=CARTESIAN_POINT('',(250.608674450536,995.,-79.5704559221801));
#8484=CARTESIAN_POINT('',(250.114876654486,995.,-76.7420128875515));
#8485=CARTESIAN_POINT('',(249.542520118155,995.,-74.0193060411333));
#8486=CARTESIAN_POINT('',(248.902827518727,995.,-71.4023353829256));
#8487=CARTESIAN_POINT('',(253.624593589124,995.,-70.5465331095975));
#8488=CARTESIAN_POINT('',(276.218823782038,995.,-361.480741948001));
#8489=CARTESIAN_POINT('',(276.218823782038,995.,-361.480741948001));
#8490=CARTESIAN_POINT('',(276.218823782038,995.,-361.480741948001));
#8491=CARTESIAN_POINT('',(276.218823782038,995.,-359.833019681722));
#8492=CARTESIAN_POINT('',(276.218823782038,995.,-358.185297415443));
#8493=CARTESIAN_POINT('',(276.218823782038,995.,-356.537575149164));
#8494=CARTESIAN_POINT('',(276.218823782038,995.,-356.537575149164));
#8495=CARTESIAN_POINT('',(276.218823782038,995.,-356.537575149164));
#8496=CARTESIAN_POINT('',(276.218823782038,995.,-356.537575149164));
#8497=CARTESIAN_POINT('',(272.156214641809,995.,-407.343813584269));
#8498=CARTESIAN_POINT('',(272.156214641809,995.,-407.343813584269));
#8499=CARTESIAN_POINT('',(272.156214641809,995.,-407.343813584269));
#8500=CARTESIAN_POINT('',(271.696084877307,995.,-405.334826008271));
#8501=CARTESIAN_POINT('',(271.460408656465,995.,-395.68639883407));
#8502=CARTESIAN_POINT('',(271.460408656465,995.,-369.225917734414));
#8503=CARTESIAN_POINT('',(271.606922509695,995.,-364.015872258826));
#8504=CARTESIAN_POINT('',(272.212328027723,995.,-361.533610042106));
#8505=CARTESIAN_POINT('',(272.751016532505,995.,-360.899192912844));
#8506=CARTESIAN_POINT('',(274.131405826009,995.,-360.899192912844));
#8507=CARTESIAN_POINT('',(275.029220000645,995.,-361.084231242212));
#8508=CARTESIAN_POINT('',(276.218823782038,995.,-361.480741948001));
#8509=CARTESIAN_POINT('',(276.218823782038,995.,-361.480741948001));
#8510=CARTESIAN_POINT('',(275.029220000645,995.,-361.084231242212));
#8511=CARTESIAN_POINT('',(274.131405826009,995.,-360.899192912844));
#8512=CARTESIAN_POINT('',(272.751016532505,995.,-360.899192912844));
#8513=CARTESIAN_POINT('',(272.212328027723,995.,-361.533610042106));
#8514=CARTESIAN_POINT('',(271.606922509695,995.,-364.015872258826));
#8515=CARTESIAN_POINT('',(271.460408656465,995.,-369.225917734414));
#8516=CARTESIAN_POINT('',(271.460408656465,995.,-395.68639883407));
#8517=CARTESIAN_POINT('',(271.696084877307,995.,-405.334826008271));
#8518=CARTESIAN_POINT('',(272.156214641809,995.,-407.343813584269));
#8519=CARTESIAN_POINT('',(276.218823782038,995.,-411.308920642159));
#8520=CARTESIAN_POINT('',(276.218823782038,995.,-411.308920642159));
#8521=CARTESIAN_POINT('',(276.218823782038,995.,-411.308920642159));
#8522=CARTESIAN_POINT('',(273.828393542069,995.,-410.119388524792));
#8523=CARTESIAN_POINT('',(272.470449602931,995.,-408.824120219214));
#8524=CARTESIAN_POINT('',(272.156214641809,995.,-407.343813584269));
#8525=CARTESIAN_POINT('',(272.156214641809,995.,-407.343813584269));
#8526=CARTESIAN_POINT('',(272.470449602931,995.,-408.824120219214));
#8527=CARTESIAN_POINT('',(273.828393542069,995.,-410.119388524792));
#8528=CARTESIAN_POINT('',(276.218823782038,995.,-411.308920642159));
#8529=CARTESIAN_POINT('',(276.218823782038,995.,-416.225653393944));
#8530=CARTESIAN_POINT('',(276.218823782038,995.,-416.225653393944));
#8531=CARTESIAN_POINT('',(276.218823782038,995.,-416.225653393944));
#8532=CARTESIAN_POINT('',(276.218823782038,995.,-414.586742476682));
#8533=CARTESIAN_POINT('',(276.218823782038,995.,-412.947831559421));
#8534=CARTESIAN_POINT('',(276.218823782038,995.,-411.308920642159));
#8535=CARTESIAN_POINT('',(276.218823782038,995.,-411.308920642159));
#8536=CARTESIAN_POINT('',(258.419657769873,995.,-416.225653393944));
#8537=CARTESIAN_POINT('',(258.419657769873,995.,-416.225653393944));
#8538=CARTESIAN_POINT('',(258.419657769873,995.,-416.225653393944));
#8539=CARTESIAN_POINT('',(262.212922657711,995.,-415.723406499944));
#8540=CARTESIAN_POINT('',(265.265490851475,995.,-415.459066029418));
#8541=CARTESIAN_POINT('',(270.113687394511,995.,-415.459066029418));
#8542=CARTESIAN_POINT('',(272.986692753347,995.,-415.723406499944));
#8543=CARTESIAN_POINT('',(276.218823782038,995.,-416.225653393944));
#8544=CARTESIAN_POINT('',(276.218823782038,995.,-416.225653393944));
#8545=CARTESIAN_POINT('',(272.986692753347,995.,-415.723406499944));
#8546=CARTESIAN_POINT('',(270.113687394511,995.,-415.459066029418));
#8547=CARTESIAN_POINT('',(265.265490851475,995.,-415.459066029418));
#8548=CARTESIAN_POINT('',(262.212922657711,995.,-415.723406499944));
#8549=CARTESIAN_POINT('',(258.419657769873,995.,-416.225653393944));
#8550=CARTESIAN_POINT('',(258.419657769873,995.,-411.308920642159));
#8551=CARTESIAN_POINT('',(258.419657769873,995.,-411.308920642159));
#8552=CARTESIAN_POINT('',(258.419657769873,995.,-411.308920642159));
#8553=CARTESIAN_POINT('',(258.419657769873,995.,-412.947831559421));
#8554=CARTESIAN_POINT('',(258.419657769873,995.,-414.586742476682));
#8555=CARTESIAN_POINT('',(258.419657769873,995.,-416.225653393944));
#8556=CARTESIAN_POINT('',(258.419657769873,995.,-416.225653393944));
#8557=CARTESIAN_POINT('',(259.5868161969,995.,-410.595201371739));
#8558=CARTESIAN_POINT('',(259.5868161969,995.,-410.595201371739));
#8559=CARTESIAN_POINT('',(259.5868161969,995.,-410.595201371739));
#8560=CARTESIAN_POINT('',(259.328694621692,995.,-410.727371607002));
#8561=CARTESIAN_POINT('',(258.935900920288,995.,-410.965278030475));
#8562=CARTESIAN_POINT('',(258.419657769873,995.,-411.308920642159));
#8563=CARTESIAN_POINT('',(258.419657769873,995.,-411.308920642159));
#8564=CARTESIAN_POINT('',(258.935900920288,995.,-410.965278030475));
#8565=CARTESIAN_POINT('',(259.328694621692,995.,-410.727371607002));
#8566=CARTESIAN_POINT('',(259.5868161969,995.,-410.595201371739));
#8567=CARTESIAN_POINT('',(262.908728643054,995.,-408.057532854689));
#8568=CARTESIAN_POINT('',(262.908728643054,995.,-408.057532854689));
#8569=CARTESIAN_POINT('',(262.908728643054,995.,-408.057532854689));
#8570=CARTESIAN_POINT('',(262.5496029732,995.,-408.771252125109));
#8571=CARTESIAN_POINT('',(261.438557932087,995.,-409.617141630793));
#8572=CARTESIAN_POINT('',(259.5868161969,995.,-410.595201371739));
#8573=CARTESIAN_POINT('',(259.5868161969,995.,-410.595201371739));
#8574=CARTESIAN_POINT('',(261.438557932087,995.,-409.617141630793));
#8575=CARTESIAN_POINT('',(262.5496029732,995.,-408.771252125109));
#8576=CARTESIAN_POINT('',(262.908728643054,995.,-408.057532854689));
#8577=CARTESIAN_POINT('',(256.893373672991,995.,-364.441355217893));
#8578=CARTESIAN_POINT('',(256.893373672991,995.,-364.441355217893));
#8579=CARTESIAN_POINT('',(256.893373672991,995.,-364.441355217893));
#8580=CARTESIAN_POINT('',(257.30861272876,995.,-363.542597618104));
#8581=CARTESIAN_POINT('',(257.813633201993,995.,-363.09321881821));
#8582=CARTESIAN_POINT('',(259.261358558594,995.,-363.09321881821));
#8583=CARTESIAN_POINT('',(260.097283067588,995.,-364.04266783739));
#8584=CARTESIAN_POINT('',(262.044582499967,995.,-368.935143216835));
#8585=CARTESIAN_POINT('',(262.866612254,995.,-372.582746344823));
#8586=CARTESIAN_POINT('',(263.559643919666,995.,-379.112251332088));
#8587=CARTESIAN_POINT('',(263.683093368678,995.,-382.918754107663));
#8588=CARTESIAN_POINT('',(263.683093368678,995.,-397.853990692384));
#8589=CARTESIAN_POINT('',(263.636838174789,995.,-403.351549848017));
#8590=CARTESIAN_POINT('',(263.481085179385,995.,-406.286451702164));
#8591=CARTESIAN_POINT('',(263.267854312909,995.,-407.370247631321));
#8592=CARTESIAN_POINT('',(262.908728643054,995.,-408.057532854689));
#8593=CARTESIAN_POINT('',(262.908728643054,995.,-408.057532854689));
#8594=CARTESIAN_POINT('',(263.267854312909,995.,-407.370247631321));
#8595=CARTESIAN_POINT('',(263.481085179385,995.,-406.286451702164));
#8596=CARTESIAN_POINT('',(263.636838174789,995.,-403.351549848017));
#8597=CARTESIAN_POINT('',(263.683093368678,995.,-397.853990692384));
#8598=CARTESIAN_POINT('',(263.683093368678,995.,-382.918754107663));
#8599=CARTESIAN_POINT('',(263.559643919666,995.,-379.112251332088));
#8600=CARTESIAN_POINT('',(262.866612254,995.,-372.582746344823));
#8601=CARTESIAN_POINT('',(262.044582499967,995.,-368.935143216835));
#8602=CARTESIAN_POINT('',(260.097283067588,995.,-364.04266783739));
#8603=CARTESIAN_POINT('',(259.261358558594,995.,-363.09321881821));
#8604=CARTESIAN_POINT('',(257.813633201993,995.,-363.09321881821));
#8605=CARTESIAN_POINT('',(257.30861272876,995.,-363.542597618104));
#8606=CARTESIAN_POINT('',(256.893373672991,995.,-364.441355217893));
#8607=CARTESIAN_POINT('',(256.107786270184,995.,-368.591500605152));
#8608=CARTESIAN_POINT('',(256.107786270184,995.,-368.591500605152));
#8609=CARTESIAN_POINT('',(256.107786270184,995.,-368.591500605152));
#8610=CARTESIAN_POINT('',(256.208790364831,995.,-366.714683264417));
#8611=CARTESIAN_POINT('',(256.466911940038,995.,-365.313678770629));
#8612=CARTESIAN_POINT('',(256.893373672991,995.,-364.441355217893));
#8613=CARTESIAN_POINT('',(256.893373672991,995.,-364.441355217893));
#8614=CARTESIAN_POINT('',(256.466911940038,995.,-365.313678770629));
#8615=CARTESIAN_POINT('',(256.208790364831,995.,-366.714683264417));
#8616=CARTESIAN_POINT('',(256.107786270184,995.,-368.591500605152));
#8617=CARTESIAN_POINT('',(254.076481700069,995.,-368.591500605152));
#8618=CARTESIAN_POINT('',(254.076481700069,995.,-368.591500605152));
#8619=CARTESIAN_POINT('',(254.076481700069,995.,-368.591500605152));
#8620=CARTESIAN_POINT('',(254.753583223441,995.,-368.591500605152));
#8621=CARTESIAN_POINT('',(255.430684746812,995.,-368.591500605152));
#8622=CARTESIAN_POINT('',(256.107786270184,995.,-368.591500605152));
#8623=CARTESIAN_POINT('',(256.107786270184,995.,-368.591500605152));
#8624=CARTESIAN_POINT('',(252.639979020651,995.,-350.325574091802));
#8625=CARTESIAN_POINT('',(252.639979020651,995.,-350.325574091802));
#8626=CARTESIAN_POINT('',(252.639979020651,995.,-350.325574091802));
#8627=CARTESIAN_POINT('',(253.257226265714,995.,-356.19393253748));
#8628=CARTESIAN_POINT('',(253.739801384581,995.,-362.300197406632));
#8629=CARTESIAN_POINT('',(254.076481700069,995.,-368.591500605152));
#8630=CARTESIAN_POINT('',(254.076481700069,995.,-368.591500605152));
#8631=CARTESIAN_POINT('',(253.739801384581,995.,-362.300197406632));
#8632=CARTESIAN_POINT('',(253.257226265714,995.,-356.19393253748));
#8633=CARTESIAN_POINT('',(252.639979020651,995.,-350.325574091802));
#8634=CARTESIAN_POINT('',(263.5371985653,995.,-365.12864044126));
#8635=CARTESIAN_POINT('',(263.5371985653,995.,-365.12864044126));
#8636=CARTESIAN_POINT('',(263.5371985653,995.,-365.12864044126));
#8637=CARTESIAN_POINT('',(261.494671318002,995.,-357.621371078321));
#8638=CARTESIAN_POINT('',(259.993474006357,995.,-353.000187608232));
#8639=CARTESIAN_POINT('',(258.060532100018,995.,-349.506118633172));
#8640=CARTESIAN_POINT('',(256.915819027357,995.,-348.633795080436));
#8641=CARTESIAN_POINT('',(254.704951622315,995.,-348.633795080436));
#8642=CARTESIAN_POINT('',(253.717356030215,995.,-349.215344115593));
#8643=CARTESIAN_POINT('',(252.639979020651,995.,-350.325574091802));
#8644=CARTESIAN_POINT('',(252.639979020651,995.,-350.325574091802));
#8645=CARTESIAN_POINT('',(253.717356030215,995.,-349.215344115593));
#8646=CARTESIAN_POINT('',(254.704951622315,995.,-348.633795080436));
#8647=CARTESIAN_POINT('',(256.915819027357,995.,-348.633795080436));
#8648=CARTESIAN_POINT('',(258.060532100018,995.,-349.506118633172));
#8649=CARTESIAN_POINT('',(259.993474006357,995.,-353.000187608232));
#8650=CARTESIAN_POINT('',(261.494671318002,995.,-357.621371078321));
#8651=CARTESIAN_POINT('',(263.5371985653,995.,-365.12864044126));
#8652=CARTESIAN_POINT('',(262.93117399742,995.,-348.845267456857));
#8653=CARTESIAN_POINT('',(262.93117399742,995.,-348.845267456857));
#8654=CARTESIAN_POINT('',(262.93117399742,995.,-348.845267456857));
#8655=CARTESIAN_POINT('',(263.279076990092,995.,-353.788434255693));
#8656=CARTESIAN_POINT('',(263.469862502202,995.,-359.207413901477));
#8657=CARTESIAN_POINT('',(263.5371985653,995.,-365.12864044126));
#8658=CARTESIAN_POINT('',(263.5371985653,995.,-365.12864044126));
#8659=CARTESIAN_POINT('',(263.469862502202,995.,-359.207413901477));
#8660=CARTESIAN_POINT('',(263.279076990092,995.,-353.788434255693));
#8661=CARTESIAN_POINT('',(262.93117399742,995.,-348.845267456857));
#8662=CARTESIAN_POINT('',(264.367676676838,995.,-346.942016069069));
#8663=CARTESIAN_POINT('',(264.367676676838,995.,-346.942016069069));
#8664=CARTESIAN_POINT('',(264.367676676838,995.,-346.942016069069));
#8665=CARTESIAN_POINT('',(263.888842450366,995.,-347.576433198332));
#8666=CARTESIAN_POINT('',(263.410008223893,995.,-348.210850327594));
#8667=CARTESIAN_POINT('',(262.93117399742,995.,-348.845267456857));
#8668=CARTESIAN_POINT('',(262.93117399742,995.,-348.845267456857));
#8669=CARTESIAN_POINT('',(276.218823782038,995.,-356.537575149164));
#8670=CARTESIAN_POINT('',(271.269623144355,995.,-353.999906632114));
#8671=CARTESIAN_POINT('',(267.319240775955,995.,-350.801386938749));
#8672=CARTESIAN_POINT('',(264.367676676838,995.,-346.942016069069));
#8673=CARTESIAN_POINT('',(264.367676676838,995.,-346.942016069069));
#8674=CARTESIAN_POINT('',(267.319240775955,995.,-350.801386938749));
#8675=CARTESIAN_POINT('',(271.269623144355,995.,-353.999906632114));
#8676=CARTESIAN_POINT('',(276.218823782038,995.,-356.537575149164));
#8677=CARTESIAN_POINT('',(271.548909028634,995.,-368.47633038209));
#8678=CARTESIAN_POINT('',(190.331675300889,995.,-392.910823893547));
#8679=CARTESIAN_POINT('',(190.331675300889,995.,-392.910823893547));
#8680=CARTESIAN_POINT('',(190.331675300889,995.,-392.910823893547));
#8681=CARTESIAN_POINT('',(189.433861126252,995.,-392.910823893547));
#8682=CARTESIAN_POINT('',(188.536046951616,995.,-392.910823893547));
#8683=CARTESIAN_POINT('',(187.63823277698,995.,-392.910823893547));
#8684=CARTESIAN_POINT('',(187.63823277698,995.,-392.910823893547));
#8685=CARTESIAN_POINT('',(187.63823277698,995.,-392.910823893547));
#8686=CARTESIAN_POINT('',(187.63823277698,995.,-392.910823893547));
#8687=CARTESIAN_POINT('',(190.746914356658,995.,-414.692478664892));
#8688=CARTESIAN_POINT('',(190.746914356658,995.,-414.692478664892));
#8689=CARTESIAN_POINT('',(190.746914356658,995.,-414.692478664892));
#8690=CARTESIAN_POINT('',(190.48879278145,995.,-406.418621937428));
#8691=CARTESIAN_POINT('',(190.354120655255,995.,-399.149258997961));
#8692=CARTESIAN_POINT('',(190.331675300889,995.,-392.910823893547));
#8693=CARTESIAN_POINT('',(190.331675300889,995.,-392.910823893547));
#8694=CARTESIAN_POINT('',(190.354120655255,995.,-399.149258997961));
#8695=CARTESIAN_POINT('',(190.48879278145,995.,-406.418621937428));
#8696=CARTESIAN_POINT('',(190.746914356658,995.,-414.692478664892));
#8697=CARTESIAN_POINT('',(182.531914658735,995.,-354.819362090745));
#8698=CARTESIAN_POINT('',(182.531914658735,995.,-354.819362090745));
#8699=CARTESIAN_POINT('',(182.531914658735,995.,-354.819362090745));
#8700=CARTESIAN_POINT('',(183.149161903798,995.,-356.141064443375));
#8701=CARTESIAN_POINT('',(183.452174187738,995.,-357.885711548847));
#8702=CARTESIAN_POINT('',(183.452174187738,995.,-361.824384559685));
#8703=CARTESIAN_POINT('',(183.185124388979,995.,-363.490551806256));
#8704=CARTESIAN_POINT('',(181.90344473649,995.,-367.058325876101));
#8705=CARTESIAN_POINT('',(180.25203017945,995.,-369.779767710051));
#8706=CARTESIAN_POINT('',(174.485255118557,995.,-377.446906367774));
#8707=CARTESIAN_POINT('',(172.397837162528,995.,-381.147672955138));
#8708=CARTESIAN_POINT('',(170.445091332693,995.,-387.333239965448));
#8709=CARTESIAN_POINT('',(169.951293536644,995.,-390.981138458707));
#8710=CARTESIAN_POINT('',(169.951293536644,995.,-400.841038009328));
#8711=CARTESIAN_POINT('',(170.870685299678,995.,-406.075314899814));
#8712=CARTESIAN_POINT('',(174.541368504472,995.,-415.564802217628));
#8713=CARTESIAN_POINT('',(177.706163470065,995.,-417.91743240531));
#8714=CARTESIAN_POINT('',(184.787672772509,995.,-417.91743240531));
#8715=CARTESIAN_POINT('',(187.63823277698,995.,-416.860070523206));
#8716=CARTESIAN_POINT('',(190.746914356658,995.,-414.692478664892));
#8717=CARTESIAN_POINT('',(190.746914356658,995.,-414.692478664892));
#8718=CARTESIAN_POINT('',(187.63823277698,995.,-416.860070523206));
#8719=CARTESIAN_POINT('',(184.787672772509,995.,-417.91743240531));
#8720=CARTESIAN_POINT('',(177.706163470065,995.,-417.91743240531));
#8721=CARTESIAN_POINT('',(174.541368504472,995.,-415.564802217628));
#8722=CARTESIAN_POINT('',(170.870685299678,995.,-406.075314899814));
#8723=CARTESIAN_POINT('',(169.951293536644,995.,-400.841038009328));
#8724=CARTESIAN_POINT('',(169.951293536644,995.,-390.981138458707));
#8725=CARTESIAN_POINT('',(170.445091332693,995.,-387.333239965448));
#8726=CARTESIAN_POINT('',(172.397837162528,995.,-381.147672955138));
#8727=CARTESIAN_POINT('',(174.485255118557,995.,-377.446906367774));
#8728=CARTESIAN_POINT('',(180.25203017945,995.,-369.779767710051));
#8729=CARTESIAN_POINT('',(181.90344473649,995.,-367.058325876101));
#8730=CARTESIAN_POINT('',(183.185124388979,995.,-363.490551806256));
#8731=CARTESIAN_POINT('',(183.452174187738,995.,-361.824384559685));
#8732=CARTESIAN_POINT('',(183.452174187738,995.,-357.885711548847));
#8733=CARTESIAN_POINT('',(183.149161903798,995.,-356.141064443375));
#8734=CARTESIAN_POINT('',(182.531914658735,995.,-354.819362090745));
#8735=CARTESIAN_POINT('',(174.316914960813,995.,-368.089253711152));
#8736=CARTESIAN_POINT('',(174.316914960813,995.,-368.089253711152));
#8737=CARTESIAN_POINT('',(174.316914960813,995.,-368.089253711152));
#8738=CARTESIAN_POINT('',(174.743376693765,995.,-362.511669783053));
#8739=CARTESIAN_POINT('',(175.450405356291,995.,-358.546562725162));
#8740=CARTESIAN_POINT('',(177.470487249223,995.,-353.947038538009));
#8741=CARTESIAN_POINT('',(178.63764567625,995.,-352.810374514747));
#8742=CARTESIAN_POINT('',(181.072966624951,995.,-352.810374514747));
#8743=CARTESIAN_POINT('',(181.925890090856,995.,-353.471225691062));
#8744=CARTESIAN_POINT('',(182.531914658735,995.,-354.819362090745));
#8745=CARTESIAN_POINT('',(182.531914658735,995.,-354.819362090745));
#8746=CARTESIAN_POINT('',(181.925890090856,995.,-353.471225691062));
#8747=CARTESIAN_POINT('',(181.072966624951,995.,-352.810374514747));
#8748=CARTESIAN_POINT('',(178.63764567625,995.,-352.810374514747));
#8749=CARTESIAN_POINT('',(177.470487249223,995.,-353.947038538009));
#8750=CARTESIAN_POINT('',(175.450405356291,995.,-358.546562725162));
#8751=CARTESIAN_POINT('',(174.743376693765,995.,-362.511669783053));
#8752=CARTESIAN_POINT('',(174.316914960813,995.,-368.089253711152));
#8753=CARTESIAN_POINT('',(171.713253854367,995.,-368.300726087573));
#8754=CARTESIAN_POINT('',(171.713253854367,995.,-368.300726087573));
#8755=CARTESIAN_POINT('',(171.713253854367,995.,-368.300726087573));
#8756=CARTESIAN_POINT('',(172.581140889849,995.,-368.230235295433));
#8757=CARTESIAN_POINT('',(173.449027925331,995.,-368.159744503292));
#8758=CARTESIAN_POINT('',(174.316914960813,995.,-368.089253711152));
#8759=CARTESIAN_POINT('',(174.316914960813,995.,-368.089253711152));
#8760=CARTESIAN_POINT('',(170.84910771128,995.,-350.616348609381));
#8761=CARTESIAN_POINT('',(170.84910771128,995.,-350.616348609381));
#8762=CARTESIAN_POINT('',(170.84910771128,995.,-350.616348609381));
#8763=CARTESIAN_POINT('',(171.107229286488,995.,-353.206885220536));
#8764=CARTESIAN_POINT('',(171.399018893245,995.,-359.101677713267));
#8765=CARTESIAN_POINT('',(171.713253854367,995.,-368.300726087573));
#8766=CARTESIAN_POINT('',(171.713253854367,995.,-368.300726087573));
#8767=CARTESIAN_POINT('',(171.399018893245,995.,-359.101677713267));
#8768=CARTESIAN_POINT('',(171.107229286488,995.,-353.206885220536));
#8769=CARTESIAN_POINT('',(170.84910771128,995.,-350.616348609381));
#8770=CARTESIAN_POINT('',(187.63823277698,995.,-392.910823893547));
#8771=CARTESIAN_POINT('',(187.121989626564,995.,-399.387165421435));
#8772=CARTESIAN_POINT('',(186.248426002533,995.,-404.008990886273));
#8773=CARTESIAN_POINT('',(183.844967889141,995.,-409.511405442582));
#8774=CARTESIAN_POINT('',(182.442133241272,995.,-410.885975889318));
#8775=CARTESIAN_POINT('',(179.62524126835,995.,-410.885975889318));
#8776=CARTESIAN_POINT('',(178.66207197595,995.,-410.123684157327));
#8777=CARTESIAN_POINT('',(177.246033705564,995.,-407.05303906669));
#8778=CARTESIAN_POINT('',(176.898130712892,995.,-405.202655773008));
#8779=CARTESIAN_POINT('',(176.898130712892,995.,-400.973208244591));
#8780=CARTESIAN_POINT('',(177.246033705564,995.,-399.017088762699));
#8781=CARTESIAN_POINT('',(178.63764567625,995.,-395.263454081229));
#8782=CARTESIAN_POINT('',(180.434632737491,995.,-392.364943393224));
#8783=CARTESIAN_POINT('',(186.145616711647,995.,-384.557665024924));
#8784=CARTESIAN_POINT('',(188.043200736674,995.,-381.012385416162));
#8785=CARTESIAN_POINT('',(189.9949949854,995.,-374.618463333145));
#8786=CARTESIAN_POINT('',(190.477570104267,995.,-371.049866981044));
#8787=CARTESIAN_POINT('',(190.477570104267,995.,-361.322137665685));
#8788=CARTESIAN_POINT('',(189.489974512167,995.,-356.431838960954));
#8789=CARTESIAN_POINT('',(185.539592143767,995.,-348.395888656962));
#8790=CARTESIAN_POINT('',(182.711477493663,995.,-346.386901080964));
#8791=CARTESIAN_POINT('',(176.370664885293,995.,-346.386901080964));
#8792=CARTESIAN_POINT('',(173.643554329835,995.,-347.787905574752));
#8793=CARTESIAN_POINT('',(170.84910771128,995.,-350.616348609381));
#8794=CARTESIAN_POINT('',(170.84910771128,995.,-350.616348609381));
#8795=CARTESIAN_POINT('',(173.643554329835,995.,-347.787905574752));
#8796=CARTESIAN_POINT('',(176.370664885293,995.,-346.386901080964));
#8797=CARTESIAN_POINT('',(182.711477493663,995.,-346.386901080964));
#8798=CARTESIAN_POINT('',(185.539592143767,995.,-348.395888656962));
#8799=CARTESIAN_POINT('',(189.489974512167,995.,-356.431838960954));
#8800=CARTESIAN_POINT('',(190.477570104267,995.,-361.322137665685));
#8801=CARTESIAN_POINT('',(190.477570104267,995.,-371.049866981044));
#8802=CARTESIAN_POINT('',(189.9949949854,995.,-374.618463333145));
#8803=CARTESIAN_POINT('',(188.043200736674,995.,-381.012385416162));
#8804=CARTESIAN_POINT('',(186.145616711647,995.,-384.557665024924));
#8805=CARTESIAN_POINT('',(180.434632737491,995.,-392.364943393224));
#8806=CARTESIAN_POINT('',(178.63764567625,995.,-395.263454081229));
#8807=CARTESIAN_POINT('',(177.246033705564,995.,-399.017088762699));
#8808=CARTESIAN_POINT('',(176.898130712892,995.,-400.973208244591));
#8809=CARTESIAN_POINT('',(176.898130712892,995.,-405.202655773008));
#8810=CARTESIAN_POINT('',(177.246033705564,995.,-407.05303906669));
#8811=CARTESIAN_POINT('',(178.66207197595,995.,-410.123684157327));
#8812=CARTESIAN_POINT('',(179.62524126835,995.,-410.885975889318));
#8813=CARTESIAN_POINT('',(182.442133241272,995.,-410.885975889318));
#8814=CARTESIAN_POINT('',(183.844967889141,995.,-409.511405442582));
#8815=CARTESIAN_POINT('',(186.248426002533,995.,-404.008990886273));
#8816=CARTESIAN_POINT('',(187.121989626564,995.,-399.387165421435));
#8817=CARTESIAN_POINT('',(187.63823277698,995.,-392.910823893547));
#8818=CARTESIAN_POINT('',(190.450916245957,995.,-403.038368170576));
#8819=CARTESIAN_POINT('',(184.226538913361,1000.,-90.3555471196425));
#8820=CARTESIAN_POINT('',(184.94479025307,1000.,-90.3555471196425));
#8821=CARTESIAN_POINT('',(185.865049782073,1000.,-90.3026790255373));
#8822=CARTESIAN_POINT('',(186.987317500368,1000.,-90.1969428373268));
#8823=CARTESIAN_POINT('',(184.226538913361,1000.,-90.3555471196425));
#8824=CARTESIAN_POINT('',(186.987317500368,1000.,-90.1969428373268));
#8825=CARTESIAN_POINT('',(186.987317500368,995.,-90.1969428373268));
#8826=CARTESIAN_POINT('',(186.987317500368,995.,-90.1969428373268));
#8827=CARTESIAN_POINT('',(186.987317500368,995.,-90.1969428373268));
#8828=CARTESIAN_POINT('',(185.865049782073,995.,-90.3026790255373));
#8829=CARTESIAN_POINT('',(184.94479025307,995.,-90.3555471196425));
#8830=CARTESIAN_POINT('',(184.226538913361,995.,-90.3555471196425));
#8831=CARTESIAN_POINT('',(184.226538913361,995.,-90.3555471196425));
#8832=CARTESIAN_POINT('',(184.226538913361,995.,-90.3555471196425));
#8833=CARTESIAN_POINT('',(184.226538913361,995.,-90.3555471196425));
#8834=CARTESIAN_POINT('',(184.94479025307,995.,-90.3555471196425));
#8835=CARTESIAN_POINT('',(185.865049782073,995.,-90.3026790255373));
#8836=CARTESIAN_POINT('',(186.987317500368,995.,-90.1969428373268));
#8837=CARTESIAN_POINT('',(186.987317500368,1000.,-90.1969428373268));
#8838=CARTESIAN_POINT('',(186.807754665441,1000.,-84.7250950974379));
#8839=CARTESIAN_POINT('',(186.280288837842,1000.,-80.7864220865999));
#8840=CARTESIAN_POINT('',(184.508493705244,1000.,-76.0848444972466));
#8841=CARTESIAN_POINT('',(183.46339686492,1000.,-74.9180636409219));
#8842=CARTESIAN_POINT('',(180.949517175939,1000.,-74.9180636409219));
#8843=CARTESIAN_POINT('',(179.950698906656,1000.,-75.8961233818682));
#8844=CARTESIAN_POINT('',(178.491750872872,1000.,-79.8612304397588));
#8845=CARTESIAN_POINT('',(178.065289139919,1000.,-83.8263374976493));
#8846=CARTESIAN_POINT('',(177.941839690907,1000.,-89.7739980844852));
#8847=CARTESIAN_POINT('',(177.941839690907,999.999999999999,-89.7739980844852));
#8848=CARTESIAN_POINT('',(177.941839690907,995.,-89.7739980844852));
#8849=CARTESIAN_POINT('',(177.941839690907,995.,-89.7739980844852));
#8850=CARTESIAN_POINT('',(177.941839690907,995.,-89.7739980844852));
#8851=CARTESIAN_POINT('',(178.065289139919,995.,-83.8263374976493));
#8852=CARTESIAN_POINT('',(178.491750872872,995.,-79.8612304397588));
#8853=CARTESIAN_POINT('',(179.950698906656,995.,-75.8961233818682));
#8854=CARTESIAN_POINT('',(180.949517175939,995.,-74.9180636409219));
#8855=CARTESIAN_POINT('',(183.46339686492,995.,-74.9180636409219));
#8856=CARTESIAN_POINT('',(184.508493705244,995.,-76.0848444972466));
#8857=CARTESIAN_POINT('',(186.280288837842,995.,-80.7864220865999));
#8858=CARTESIAN_POINT('',(186.807754665441,995.,-84.7250950974379));
#8859=CARTESIAN_POINT('',(186.987317500368,995.,-90.1969428373268));
#8860=CARTESIAN_POINT('',(186.987317500368,995.,-90.1969428373268));
#8861=CARTESIAN_POINT('',(186.807754665441,995.,-84.7250950974379));
#8862=CARTESIAN_POINT('',(186.280288837842,995.,-80.7864220865999));
#8863=CARTESIAN_POINT('',(184.508493705244,995.,-76.0848444972466));
#8864=CARTESIAN_POINT('',(183.46339686492,995.,-74.9180636409219));
#8865=CARTESIAN_POINT('',(180.949517175939,995.,-74.9180636409219));
#8866=CARTESIAN_POINT('',(179.950698906656,995.,-75.8961233818682));
#8867=CARTESIAN_POINT('',(178.491750872872,995.,-79.8612304397588));
#8868=CARTESIAN_POINT('',(178.065289139919,995.,-83.8263374976493));
#8869=CARTESIAN_POINT('',(177.941839690907,995.,-89.7739980844852));
#8870=CARTESIAN_POINT('',(171.511245665074,995.,-118.058428430771));
#8871=CARTESIAN_POINT('',(171.511245665074,995.,-118.058428430771));
#8872=CARTESIAN_POINT('',(171.511245665074,995.,-118.058428430771));
#8873=CARTESIAN_POINT('',(170.991261622264,995.,-119.838320932313));
#8874=CARTESIAN_POINT('',(170.471277579454,995.,-121.618213433855));
#8875=CARTESIAN_POINT('',(169.951293536643,995.,-123.398105935397));
#8876=CARTESIAN_POINT('',(169.951293536643,995.,-123.398105935397));
#8877=CARTESIAN_POINT('',(169.951293536643,995.,-123.398105935397));
#8878=CARTESIAN_POINT('',(169.951293536643,995.,-123.398105935397));
#8879=CARTESIAN_POINT('',(187.043430886283,995.,-97.4663057767929));
#8880=CARTESIAN_POINT('',(187.043430886283,995.,-97.4663057767929));
#8881=CARTESIAN_POINT('',(187.043430886283,995.,-97.4663057767929));
#8882=CARTESIAN_POINT('',(187.065876240649,995.,-98.4972336118444));
#8883=CARTESIAN_POINT('',(187.077098917832,995.,-99.3695571645804));
#8884=CARTESIAN_POINT('',(187.077098917832,995.,-106.718222245204));
#8885=CARTESIAN_POINT('',(186.436714002195,995.,-112.536406781987));
#8886=CARTESIAN_POINT('',(183.856190566324,995.,-122.578650476766));
#8887=CARTESIAN_POINT('',(181.925890090856,995.,-125.089884946764));
#8888=CARTESIAN_POINT('',(178.098957171468,995.,-125.089884946764));
#8889=CARTESIAN_POINT('',(176.906490853738,995.,-124.604369901457));
#8890=CARTESIAN_POINT('',(174.597481890386,995.,-122.631518570872));
#8891=CARTESIAN_POINT('',(173.183424565334,995.,-120.781135277189));
#8892=CARTESIAN_POINT('',(171.511245665074,995.,-118.058428430771));
#8893=CARTESIAN_POINT('',(171.511245665074,995.,-118.058428430771));
#8894=CARTESIAN_POINT('',(173.183424565334,995.,-120.781135277189));
#8895=CARTESIAN_POINT('',(174.597481890386,995.,-122.631518570872));
#8896=CARTESIAN_POINT('',(176.906490853738,995.,-124.604369901457));
#8897=CARTESIAN_POINT('',(178.098957171468,995.,-125.089884946764));
#8898=CARTESIAN_POINT('',(181.925890090856,995.,-125.089884946764));
#8899=CARTESIAN_POINT('',(183.856190566324,995.,-122.578650476766));
#8900=CARTESIAN_POINT('',(186.436714002195,995.,-112.536406781987));
#8901=CARTESIAN_POINT('',(187.077098917832,995.,-106.718222245204));
#8902=CARTESIAN_POINT('',(187.077098917832,995.,-99.3695571645804));
#8903=CARTESIAN_POINT('',(187.065876240649,995.,-98.4972336118444));
#8904=CARTESIAN_POINT('',(187.043430886283,995.,-97.4663057767929));
#8905=CARTESIAN_POINT('',(179.142666149483,995.,-97.1755312592142));
#8906=CARTESIAN_POINT('',(179.142666149483,995.,-97.1755312592142));
#8907=CARTESIAN_POINT('',(179.142666149483,995.,-97.1755312592142));
#8908=CARTESIAN_POINT('',(181.970780799587,995.,-97.2019653062668));
#8909=CARTESIAN_POINT('',(184.608109937582,995.,-97.2812674474247));
#8910=CARTESIAN_POINT('',(187.043430886283,995.,-97.4663057767929));
#8911=CARTESIAN_POINT('',(187.043430886283,995.,-97.4663057767929));
#8912=CARTESIAN_POINT('',(184.608109937582,995.,-97.2812674474247));
#8913=CARTESIAN_POINT('',(181.970780799587,995.,-97.2019653062668));
#8914=CARTESIAN_POINT('',(179.142666149483,995.,-97.1755312592142));
#8915=CARTESIAN_POINT('',(172.734517478016,995.,-97.4663057767929));
#8916=CARTESIAN_POINT('',(172.734517478016,995.,-97.4663057767929));
#8917=CARTESIAN_POINT('',(172.734517478016,995.,-97.4663057767929));
#8918=CARTESIAN_POINT('',(174.833158111229,995.,-97.2812674474247));
#8919=CARTESIAN_POINT('',(176.96546677599,995.,-97.2019653062668));
#8920=CARTESIAN_POINT('',(179.142666149483,995.,-97.1755312592142));
#8921=CARTESIAN_POINT('',(179.142666149483,995.,-97.1755312592142));
#8922=CARTESIAN_POINT('',(176.96546677599,995.,-97.2019653062668));
#8923=CARTESIAN_POINT('',(174.833158111229,995.,-97.2812674474247));
#8924=CARTESIAN_POINT('',(172.734517478016,995.,-97.4663057767929));
#8925=CARTESIAN_POINT('',(169.951293536643,995.,-92.1794963662721));
#8926=CARTESIAN_POINT('',(169.951293536643,995.,-92.1794963662721));
#8927=CARTESIAN_POINT('',(169.951293536643,995.,-92.1794963662721));
#8928=CARTESIAN_POINT('',(170.950111805926,995.,-93.7391051423757));
#8929=CARTESIAN_POINT('',(171.881594012112,995.,-95.5101862949002));
#8930=CARTESIAN_POINT('',(172.734517478016,995.,-97.4663057767929));
#8931=CARTESIAN_POINT('',(172.734517478016,995.,-97.4663057767929));
#8932=CARTESIAN_POINT('',(171.881594012112,995.,-95.5101862949002));
#8933=CARTESIAN_POINT('',(170.950111805926,995.,-93.7391051423757));
#8934=CARTESIAN_POINT('',(169.951293536643,995.,-92.1794963662721));
#8935=CARTESIAN_POINT('',(169.951293536643,995.,-123.398105935397));
#8936=CARTESIAN_POINT('',(173.093643147871,995.,-129.662975086864));
#8937=CARTESIAN_POINT('',(175.967040099918,995.,-134.182832049717));
#8938=CARTESIAN_POINT('',(179.73746804018,995.,-138.227606331908));
#8939=CARTESIAN_POINT('',(181.196416073964,995.,-138.835589414118));
#8940=CARTESIAN_POINT('',(186.684305216428,995.,-138.835589414118));
#8941=CARTESIAN_POINT('',(189.502617758301,995.,-136.267760592114));
#8942=CARTESIAN_POINT('',(193.9453773538,995.,-124.614072099817));
#8943=CARTESIAN_POINT('',(195.179871843925,995.,-115.970138713616));
#8944=CARTESIAN_POINT('',(195.179871843925,995.,-93.924143471744));
#8945=CARTESIAN_POINT('',(193.775456270311,995.,-84.8004968847163));
#8946=CARTESIAN_POINT('',(188.09836254148,995.,-70.7943523007157));
#8947=CARTESIAN_POINT('',(184.585664583216,995.,-67.305058089772));
#8948=CARTESIAN_POINT('',(176.572673074586,995.,-67.305058089772));
#8949=CARTESIAN_POINT('',(173.789506449116,995.,-70.0351439462167));
#8950=CARTESIAN_POINT('',(170.815439679731,995.,-79.0417749811281));
#8951=CARTESIAN_POINT('',(170.130856371571,995.,-84.6193589092275));
#8952=CARTESIAN_POINT('',(169.951293536643,995.,-92.1794963662721));
#8953=CARTESIAN_POINT('',(169.951293536643,995.,-92.1794963662721));
#8954=CARTESIAN_POINT('',(170.130856371571,995.,-84.6193589092275));
#8955=CARTESIAN_POINT('',(170.815439679731,995.,-79.0417749811281));
#8956=CARTESIAN_POINT('',(173.789506449116,995.,-70.0351439462167));
#8957=CARTESIAN_POINT('',(176.572673074586,995.,-67.305058089772));
#8958=CARTESIAN_POINT('',(184.585664583216,995.,-67.305058089772));
#8959=CARTESIAN_POINT('',(188.09836254148,995.,-70.7943523007157));
#8960=CARTESIAN_POINT('',(193.775456270311,995.,-84.8004968847163));
#8961=CARTESIAN_POINT('',(195.179871843925,995.,-93.924143471744));
#8962=CARTESIAN_POINT('',(195.179871843925,995.,-115.970138713616));
#8963=CARTESIAN_POINT('',(193.9453773538,995.,-124.614072099817));
#8964=CARTESIAN_POINT('',(189.502617758301,995.,-136.267760592114));
#8965=CARTESIAN_POINT('',(186.684305216428,995.,-138.835589414118));
#8966=CARTESIAN_POINT('',(181.196416073964,995.,-138.835589414118));
#8967=CARTESIAN_POINT('',(179.73746804018,995.,-138.227606331908));
#8968=CARTESIAN_POINT('',(175.967040099918,995.,-134.182832049717));
#8969=CARTESIAN_POINT('',(173.093643147871,995.,-129.662975086864));
#8970=CARTESIAN_POINT('',(169.951293536643,995.,-123.398105935397));
#8971=CARTESIAN_POINT('',(177.941839690907,1000.,-89.7739980844852));
#8972=CARTESIAN_POINT('',(180.42205134834,1000.,-90.1705087902743));
#8973=CARTESIAN_POINT('',(182.520691981552,1000.,-90.3555471196425));
#8974=CARTESIAN_POINT('',(184.226538913361,1000.,-90.3555471196425));
#8975=CARTESIAN_POINT('',(184.226538913361,995.,-90.3555471196425));
#8976=CARTESIAN_POINT('',(182.520691981552,995.,-90.3555471196425));
#8977=CARTESIAN_POINT('',(180.42205134834,995.,-90.1705087902743));
#8978=CARTESIAN_POINT('',(177.941839690907,995.,-89.7739980844852));
#8979=CARTESIAN_POINT('',(177.941839690907,995.,-89.7739980844852));
#8980=CARTESIAN_POINT('',(180.42205134834,995.,-90.1705087902743));
#8981=CARTESIAN_POINT('',(182.520691981552,995.,-90.3555471196425));
#8982=CARTESIAN_POINT('',(184.226538913361,995.,-90.3555471196425));
#8983=CARTESIAN_POINT('',(183.118887972721,995.,-122.654897232702));
#8984=CARTESIAN_POINT('',(223.550799762433,995.,-353.709132114536));
#8985=CARTESIAN_POINT('',(223.550799762433,995.,-353.709132114536));
#8986=CARTESIAN_POINT('',(223.550799762433,995.,-353.709132114536));
#8987=CARTESIAN_POINT('',(223.550799762433,995.,-352.070221197274));
#8988=CARTESIAN_POINT('',(223.550799762433,995.,-350.431310280013));
#8989=CARTESIAN_POINT('',(223.550799762433,995.,-348.792399362751));
#8990=CARTESIAN_POINT('',(223.550799762433,995.,-348.792399362751));
#8991=CARTESIAN_POINT('',(223.550799762433,995.,-348.792399362751));
#8992=CARTESIAN_POINT('',(223.550799762433,995.,-348.792399362751));
#8993=CARTESIAN_POINT('',(220.082992512901,995.,-357.621371078321));
#8994=CARTESIAN_POINT('',(220.082992512901,995.,-357.621371078321));
#8995=CARTESIAN_POINT('',(220.082992512901,995.,-357.621371078321));
#8996=CARTESIAN_POINT('',(220.621681017682,995.,-356.484707055059));
#8997=CARTESIAN_POINT('',(221.777616767527,995.,-355.163004702429));
#8998=CARTESIAN_POINT('',(223.550799762433,995.,-353.709132114536));
#8999=CARTESIAN_POINT('',(223.550799762433,995.,-353.709132114536));
#9000=CARTESIAN_POINT('',(221.777616767527,995.,-355.163004702429));
#9001=CARTESIAN_POINT('',(220.621681017682,995.,-356.484707055059));
#9002=CARTESIAN_POINT('',(220.082992512901,995.,-357.621371078321));
#9003=CARTESIAN_POINT('',(209.163327613886,995.,-413.423644406367));
#9004=CARTESIAN_POINT('',(209.163327613886,995.,-413.423644406367));
#9005=CARTESIAN_POINT('',(209.163327613886,995.,-413.423644406367));
#9006=CARTESIAN_POINT('',(212.006405833568,995.,-398.268124096208));
#9007=CARTESIAN_POINT('',(214.903493825382,995.,-383.122636114345));
#9008=CARTESIAN_POINT('',(218.747493928129,995.,-362.220895265474));
#9009=CARTESIAN_POINT('',(219.544304008119,995.,-358.784469148636));
#9010=CARTESIAN_POINT('',(220.082992512901,995.,-357.621371078321));
#9011=CARTESIAN_POINT('',(220.082992512901,995.,-357.621371078321));
#9012=CARTESIAN_POINT('',(219.544304008119,995.,-358.784469148636));
#9013=CARTESIAN_POINT('',(218.747493928129,995.,-362.220895265474));
#9014=CARTESIAN_POINT('',(214.903493825382,995.,-383.122636114345));
#9015=CARTESIAN_POINT('',(212.006405833568,995.,-398.268124096208));
#9016=CARTESIAN_POINT('',(209.163327613886,995.,-413.423644406367));
#9017=CARTESIAN_POINT('',(220.924693301622,995.,-426.878574356143));
#9018=CARTESIAN_POINT('',(220.924693301622,995.,-426.878574356143));
#9019=CARTESIAN_POINT('',(220.924693301622,995.,-426.878574356143));
#9020=CARTESIAN_POINT('',(219.903429677973,995.,-429.099034308562));
#9021=CARTESIAN_POINT('',(219.044570979675,995.,-430.573716502379));
#9022=CARTESIAN_POINT('',(217.647671564199,995.,-432.059647578453));
#9023=CARTESIAN_POINT('',(216.92942022449,995.,-432.456158284242));
#9024=CARTESIAN_POINT('',(214.87567030001,995.,-432.456158284242));
#9025=CARTESIAN_POINT('',(213.675915229669,995.,-431.324283027259));
#9026=CARTESIAN_POINT('',(211.553757853855,995.,-426.799272214985));
#9027=CARTESIAN_POINT('',(210.397822104011,995.,-421.591764945622));
#9028=CARTESIAN_POINT('',(209.163327613886,995.,-413.423644406367));
#9029=CARTESIAN_POINT('',(209.163327613886,995.,-413.423644406367));
#9030=CARTESIAN_POINT('',(210.397822104011,995.,-421.591764945622));
#9031=CARTESIAN_POINT('',(211.553757853855,995.,-426.799272214985));
#9032=CARTESIAN_POINT('',(213.675915229669,995.,-431.324283027259));
#9033=CARTESIAN_POINT('',(214.87567030001,995.,-432.456158284242));
#9034=CARTESIAN_POINT('',(216.92942022449,995.,-432.456158284242));
#9035=CARTESIAN_POINT('',(217.647671564199,995.,-432.059647578453));
#9036=CARTESIAN_POINT('',(219.044570979675,995.,-430.573716502379));
#9037=CARTESIAN_POINT('',(219.903429677973,995.,-429.099034308562));
#9038=CARTESIAN_POINT('',(220.924693301622,995.,-426.878574356143));
#9039=CARTESIAN_POINT('',(222.596872201882,995.,-429.416242873193));
#9040=CARTESIAN_POINT('',(222.596872201882,995.,-429.416242873193));
#9041=CARTESIAN_POINT('',(222.596872201882,995.,-429.416242873193));
#9042=CARTESIAN_POINT('',(222.039479235129,995.,-428.570353367509));
#9043=CARTESIAN_POINT('',(221.482086268375,995.,-427.724463861826));
#9044=CARTESIAN_POINT('',(220.924693301622,995.,-426.878574356143));
#9045=CARTESIAN_POINT('',(220.924693301622,995.,-426.878574356143));
#9046=CARTESIAN_POINT('',(220.116660544449,995.,-444.985896587176));
#9047=CARTESIAN_POINT('',(220.116660544449,995.,-444.985896587176));
#9048=CARTESIAN_POINT('',(220.116660544449,995.,-444.985896587176));
#9049=CARTESIAN_POINT('',(220.531899600219,995.,-441.285129999812));
#9050=CARTESIAN_POINT('',(220.87980259289,995.,-438.562423153394));
#9051=CARTESIAN_POINT('',(221.440936452038,995.,-435.125997036555));
#9052=CARTESIAN_POINT('',(221.923511570905,995.,-432.667630660663));
#9053=CARTESIAN_POINT('',(222.596872201882,995.,-429.416242873193));
#9054=CARTESIAN_POINT('',(222.596872201882,995.,-429.416242873193));
#9055=CARTESIAN_POINT('',(221.923511570905,995.,-432.667630660663));
#9056=CARTESIAN_POINT('',(221.440936452038,995.,-435.125997036555));
#9057=CARTESIAN_POINT('',(220.87980259289,995.,-438.562423153394));
#9058=CARTESIAN_POINT('',(220.531899600219,995.,-441.285129999812));
#9059=CARTESIAN_POINT('',(220.116660544449,995.,-444.985896587176));
#9060=CARTESIAN_POINT('',(193.058785856347,995.,-353.709132114536));
#9061=CARTESIAN_POINT('',(193.058785856347,995.,-353.709132114536));
#9062=CARTESIAN_POINT('',(193.058785856347,995.,-353.709132114536));
#9063=CARTESIAN_POINT('',(194.551401921679,995.,-354.845796137798));
#9064=CARTESIAN_POINT('',(195.527774836597,995.,-355.823855878744));
#9065=CARTESIAN_POINT('',(196.403143656867,995.,-357.515634890111));
#9066=CARTESIAN_POINT('',(196.869251710471,995.,-359.232703867325));
#9067=CARTESIAN_POINT('',(197.839646336285,995.,-364.335619029682));
#9068=CARTESIAN_POINT('',(199.363145582649,995.,-373.825875045235));
#9069=CARTESIAN_POINT('',(205.134386505205,995.,-410.91240993637));
#9070=CARTESIAN_POINT('',(207.210452090887,995.,-423.600779276654));
#9071=CARTESIAN_POINT('',(209.533675960923,995.,-434.861656566029));
#9072=CARTESIAN_POINT('',(211.000728746571,995.,-439.429710817765));
#9073=CARTESIAN_POINT('',(214.146196283118,995.,-444.51008374023));
#9074=CARTESIAN_POINT('',(215.75103912028,995.,-445.778917998754));
#9075=CARTESIAN_POINT('',(218.051687942786,995.,-445.778917998754));
#9076=CARTESIAN_POINT('',(218.960724794605,995.,-445.514577528228));
#9077=CARTESIAN_POINT('',(220.116660544449,995.,-444.985896587176));
#9078=CARTESIAN_POINT('',(220.116660544449,995.,-444.985896587176));
#9079=CARTESIAN_POINT('',(218.960724794605,995.,-445.514577528228));
#9080=CARTESIAN_POINT('',(218.051687942786,995.,-445.778917998754));
#9081=CARTESIAN_POINT('',(215.75103912028,995.,-445.778917998754));
#9082=CARTESIAN_POINT('',(214.146196283118,995.,-444.51008374023));
#9083=CARTESIAN_POINT('',(211.000728746571,995.,-439.429710817765));
#9084=CARTESIAN_POINT('',(209.533675960923,995.,-434.861656566029));
#9085=CARTESIAN_POINT('',(207.210452090887,995.,-423.600779276654));
#9086=CARTESIAN_POINT('',(205.134386505205,995.,-410.91240993637));
#9087=CARTESIAN_POINT('',(199.363145582649,995.,-373.825875045235));
#9088=CARTESIAN_POINT('',(197.839646336285,995.,-364.335619029682));
#9089=CARTESIAN_POINT('',(196.869251710471,995.,-359.232703867325));
#9090=CARTESIAN_POINT('',(196.403143656867,995.,-357.515634890111));
#9091=CARTESIAN_POINT('',(195.527774836597,995.,-355.823855878744));
#9092=CARTESIAN_POINT('',(194.551401921679,995.,-354.845796137798));
#9093=CARTESIAN_POINT('',(193.058785856347,995.,-353.709132114536));
#9094=CARTESIAN_POINT('',(193.058785856347,995.,-348.792399362751));
#9095=CARTESIAN_POINT('',(193.058785856347,995.,-348.792399362751));
#9096=CARTESIAN_POINT('',(193.058785856347,995.,-348.792399362751));
#9097=CARTESIAN_POINT('',(193.058785856347,995.,-350.431310280013));
#9098=CARTESIAN_POINT('',(193.058785856347,995.,-352.070221197274));
#9099=CARTESIAN_POINT('',(193.058785856347,995.,-353.709132114536));
#9100=CARTESIAN_POINT('',(193.058785856347,995.,-353.709132114536));
#9101=CARTESIAN_POINT('',(203.563211699592,995.,-348.792399362751));
#9102=CARTESIAN_POINT('',(203.563211699592,995.,-348.792399362751));
#9103=CARTESIAN_POINT('',(203.563211699592,995.,-348.792399362751));
#9104=CARTESIAN_POINT('',(201.285008231452,995.,-349.294646256751));
#9105=CARTESIAN_POINT('',(199.422043819082,995.,-349.558986727277));
#9106=CARTESIAN_POINT('',(196.391920979684,995.,-349.558986727277));
#9107=CARTESIAN_POINT('',(194.753410110973,995.,-349.294646256751));
#9108=CARTESIAN_POINT('',(193.058785856347,995.,-348.792399362751));
#9109=CARTESIAN_POINT('',(193.058785856347,995.,-348.792399362751));
#9110=CARTESIAN_POINT('',(194.753410110973,995.,-349.294646256751));
#9111=CARTESIAN_POINT('',(196.391920979684,995.,-349.558986727277));
#9112=CARTESIAN_POINT('',(199.422043819082,995.,-349.558986727277));
#9113=CARTESIAN_POINT('',(201.285008231452,995.,-349.294646256751));
#9114=CARTESIAN_POINT('',(203.563211699592,995.,-348.792399362751));
#9115=CARTESIAN_POINT('',(203.563211699592,995.,-353.709132114536));
#9116=CARTESIAN_POINT('',(203.563211699592,995.,-353.709132114536));
#9117=CARTESIAN_POINT('',(203.563211699592,995.,-353.709132114536));
#9118=CARTESIAN_POINT('',(203.563211699592,995.,-352.070221197274));
#9119=CARTESIAN_POINT('',(203.563211699592,995.,-350.431310280013));
#9120=CARTESIAN_POINT('',(203.563211699592,995.,-348.792399362751));
#9121=CARTESIAN_POINT('',(203.563211699592,995.,-348.792399362751));
#9122=CARTESIAN_POINT('',(205.269058631401,995.,-388.602074223973));
#9123=CARTESIAN_POINT('',(205.269058631401,995.,-388.602074223973));
#9124=CARTESIAN_POINT('',(205.269058631401,995.,-388.602074223973));
#9125=CARTESIAN_POINT('',(204.083195742402,995.,-380.337028845525));
#9126=CARTESIAN_POINT('',(202.881442760826,995.,-372.074247781326));
#9127=CARTESIAN_POINT('',(201.329898940184,995.,-361.110665289265));
#9128=CARTESIAN_POINT('',(201.139113428074,995.,-359.128111760319));
#9129=CARTESIAN_POINT('',(201.139113428074,995.,-357.013387996111));
#9130=CARTESIAN_POINT('',(201.273785554269,995.,-356.299668725691));
#9131=CARTESIAN_POINT('',(201.790028704685,995.,-355.136570655376));
#9132=CARTESIAN_POINT('',(202.463389335662,995.,-354.475719479061));
#9133=CARTESIAN_POINT('',(203.563211699592,995.,-353.709132114536));
#9134=CARTESIAN_POINT('',(203.563211699592,995.,-353.709132114536));
#9135=CARTESIAN_POINT('',(202.463389335662,995.,-354.475719479061));
#9136=CARTESIAN_POINT('',(201.790028704685,995.,-355.136570655376));
#9137=CARTESIAN_POINT('',(201.273785554269,995.,-356.299668725691));
#9138=CARTESIAN_POINT('',(201.139113428074,995.,-357.013387996111));
#9139=CARTESIAN_POINT('',(201.139113428074,995.,-359.128111760319));
#9140=CARTESIAN_POINT('',(201.329898940184,995.,-361.110665289265));
#9141=CARTESIAN_POINT('',(202.881442760826,995.,-372.074247781326));
#9142=CARTESIAN_POINT('',(204.083195742402,995.,-380.337028845525));
#9143=CARTESIAN_POINT('',(205.269058631401,995.,-388.602074223973));
#9144=CARTESIAN_POINT('',(209.971360371059,995.,-355.506647314113));
#9145=CARTESIAN_POINT('',(209.971360371059,995.,-355.506647314113));
#9146=CARTESIAN_POINT('',(209.971360371059,995.,-355.506647314113));
#9147=CARTESIAN_POINT('',(210.251927300633,995.,-356.061762302217));
#9148=CARTESIAN_POINT('',(210.386599426828,995.,-356.749047525585));
#9149=CARTESIAN_POINT('',(210.386599426828,995.,-358.308656301689));
#9150=CARTESIAN_POINT('',(210.168020368121,995.,-359.840913941668));
#9151=CARTESIAN_POINT('',(208.261772546855,995.,-371.032244283009));
#9152=CARTESIAN_POINT('',(206.765415589128,995.,-379.817159253491));
#9153=CARTESIAN_POINT('',(205.269058631401,995.,-388.602074223973));
#9154=CARTESIAN_POINT('',(205.269058631401,995.,-388.602074223973));
#9155=CARTESIAN_POINT('',(206.765415589128,995.,-379.817159253491));
#9156=CARTESIAN_POINT('',(208.261772546855,995.,-371.032244283009));
#9157=CARTESIAN_POINT('',(210.168020368121,995.,-359.840913941668));
#9158=CARTESIAN_POINT('',(210.386599426828,995.,-358.308656301689));
#9159=CARTESIAN_POINT('',(210.386599426828,995.,-356.749047525585));
#9160=CARTESIAN_POINT('',(210.251927300633,995.,-356.061762302217));
#9161=CARTESIAN_POINT('',(209.971360371059,995.,-355.506647314113));
#9162=CARTESIAN_POINT('',(207.726824934468,995.,-353.999906632114));
#9163=CARTESIAN_POINT('',(207.726824934468,995.,-353.999906632114));
#9164=CARTESIAN_POINT('',(207.726824934468,995.,-353.999906632114));
#9165=CARTESIAN_POINT('',(208.938874070227,995.,-354.475719479061));
#9166=CARTESIAN_POINT('',(209.690793441485,995.,-354.977966373061));
#9167=CARTESIAN_POINT('',(209.971360371059,995.,-355.506647314113));
#9168=CARTESIAN_POINT('',(209.971360371059,995.,-355.506647314113));
#9169=CARTESIAN_POINT('',(209.690793441485,995.,-354.977966373061));
#9170=CARTESIAN_POINT('',(208.938874070227,995.,-354.475719479061));
#9171=CARTESIAN_POINT('',(207.726824934468,995.,-353.999906632114));
#9172=CARTESIAN_POINT('',(207.008573594759,995.,-353.709132114536));
#9173=CARTESIAN_POINT('',(207.008573594759,995.,-353.709132114536));
#9174=CARTESIAN_POINT('',(207.008573594759,995.,-353.709132114536));
#9175=CARTESIAN_POINT('',(207.322808555881,995.,-353.867736396851));
#9176=CARTESIAN_POINT('',(207.558484776724,995.,-353.947038538009));
#9177=CARTESIAN_POINT('',(207.726824934468,995.,-353.999906632114));
#9178=CARTESIAN_POINT('',(207.726824934468,995.,-353.999906632114));
#9179=CARTESIAN_POINT('',(207.558484776724,995.,-353.947038538009));
#9180=CARTESIAN_POINT('',(207.322808555881,995.,-353.867736396851));
#9181=CARTESIAN_POINT('',(207.008573594759,995.,-353.709132114536));
#9182=CARTESIAN_POINT('',(207.008573594759,995.,-348.792399362751));
#9183=CARTESIAN_POINT('',(207.008573594759,995.,-348.792399362751));
#9184=CARTESIAN_POINT('',(207.008573594759,995.,-348.792399362751));
#9185=CARTESIAN_POINT('',(207.008573594759,995.,-350.431310280013));
#9186=CARTESIAN_POINT('',(207.008573594759,995.,-352.070221197274));
#9187=CARTESIAN_POINT('',(207.008573594759,995.,-353.709132114536));
#9188=CARTESIAN_POINT('',(207.008573594759,995.,-353.709132114536));
#9189=CARTESIAN_POINT('',(223.550799762433,995.,-348.792399362751));
#9190=CARTESIAN_POINT('',(219.925875032339,995.,-349.294646256751));
#9191=CARTESIAN_POINT('',(217.120205736601,995.,-349.558986727277));
#9192=CARTESIAN_POINT('',(213.09126462792,995.,-349.558986727277));
#9193=CARTESIAN_POINT('',(210.375376749645,995.,-349.294646256751));
#9194=CARTESIAN_POINT('',(207.008573594759,995.,-348.792399362751));
#9195=CARTESIAN_POINT('',(207.008573594759,995.,-348.792399362751));
#9196=CARTESIAN_POINT('',(210.375376749645,995.,-349.294646256751));
#9197=CARTESIAN_POINT('',(213.09126462792,995.,-349.558986727277));
#9198=CARTESIAN_POINT('',(217.120205736601,995.,-349.558986727277));
#9199=CARTESIAN_POINT('',(219.925875032339,995.,-349.294646256751));
#9200=CARTESIAN_POINT('',(223.550799762433,995.,-348.792399362751));
#9201=CARTESIAN_POINT('',(221.35396070387,995.,-355.784204808165));
#9202=CARTESIAN_POINT('',(197.547856729528,995.,-70.3978415949266));
#9203=CARTESIAN_POINT('',(197.547856729528,995.,-70.3978415949266));
#9204=CARTESIAN_POINT('',(197.547856729528,995.,-70.3978415949266));
#9205=CARTESIAN_POINT('',(197.416925495727,995.,-70.732672857593));
#9206=CARTESIAN_POINT('',(197.285994261926,995.,-71.0675041202593));
#9207=CARTESIAN_POINT('',(197.155063028124,995.,-71.4023353829256));
#9208=CARTESIAN_POINT('',(197.155063028124,995.,-71.4023353829256));
#9209=CARTESIAN_POINT('',(197.155063028124,995.,-71.4023353829256));
#9210=CARTESIAN_POINT('',(197.155063028124,995.,-71.4023353829256));
#9211=CARTESIAN_POINT('',(205.774079104633,995.,-70.3978415949266));
#9212=CARTESIAN_POINT('',(205.774079104633,995.,-70.3978415949266));
#9213=CARTESIAN_POINT('',(205.774079104633,995.,-70.3978415949266));
#9214=CARTESIAN_POINT('',(204.045786818458,995.,-70.503577783137));
#9215=CARTESIAN_POINT('',(202.979632486078,995.,-70.5564458772423));
#9216=CARTESIAN_POINT('',(201.868587444965,995.,-70.5564458772423));
#9217=CARTESIAN_POINT('',(200.185185867522,995.,-70.503577783137));
#9218=CARTESIAN_POINT('',(197.547856729528,995.,-70.3978415949266));
#9219=CARTESIAN_POINT('',(197.547856729528,995.,-70.3978415949266));
#9220=CARTESIAN_POINT('',(200.185185867522,995.,-70.503577783137));
#9221=CARTESIAN_POINT('',(201.868587444965,995.,-70.5564458772423));
#9222=CARTESIAN_POINT('',(202.979632486078,995.,-70.5564458772423));
#9223=CARTESIAN_POINT('',(204.045786818458,995.,-70.503577783137));
#9224=CARTESIAN_POINT('',(205.774079104633,995.,-70.3978415949266));
#9225=CARTESIAN_POINT('',(204.876264929997,995.,-49.3299060940014));
#9226=CARTESIAN_POINT('',(204.876264929997,995.,-49.3299060940014));
#9227=CARTESIAN_POINT('',(204.876264929997,995.,-49.3299060940014));
#9228=CARTESIAN_POINT('',(205.403730757596,995.,-57.1279499745196));
#9229=CARTESIAN_POINT('',(205.695520364353,995.,-64.1594064905122));
#9230=CARTESIAN_POINT('',(205.774079104633,995.,-70.3978415949266));
#9231=CARTESIAN_POINT('',(205.774079104633,995.,-70.3978415949266));
#9232=CARTESIAN_POINT('',(205.695520364353,995.,-64.1594064905122));
#9233=CARTESIAN_POINT('',(205.403730757596,995.,-57.1279499745196));
#9234=CARTESIAN_POINT('',(204.876264929997,995.,-49.3299060940014));
#9235=CARTESIAN_POINT('',(207.513594067991,995.,-49.3299060940014));
#9236=CARTESIAN_POINT('',(207.513594067991,995.,-49.3299060940014));
#9237=CARTESIAN_POINT('',(207.513594067991,995.,-49.3299060940014));
#9238=CARTESIAN_POINT('',(206.634484355327,995.,-49.3299060940014));
#9239=CARTESIAN_POINT('',(205.755374642662,995.,-49.3299060940014));
#9240=CARTESIAN_POINT('',(204.876264929997,995.,-49.3299060940014));
#9241=CARTESIAN_POINT('',(204.876264929997,995.,-49.3299060940014));
#9242=CARTESIAN_POINT('',(217.658894241382,995.,-73.2262846295552));
#9243=CARTESIAN_POINT('',(217.658894241382,995.,-73.2262846295552));
#9244=CARTESIAN_POINT('',(217.658894241382,995.,-73.2262846295552));
#9245=CARTESIAN_POINT('',(215.739816443097,995.,-71.6138077593464));
#9246=CARTESIAN_POINT('',(213.977856125373,995.,-69.0232711481912));
#9247=CARTESIAN_POINT('',(210.768170451048,995.,-61.7803422557778));
#9248=CARTESIAN_POINT('',(209.152104936703,995.,-56.4142307040993));
#9249=CARTESIAN_POINT('',(207.513594067991,995.,-49.3299060940014));
#9250=CARTESIAN_POINT('',(207.513594067991,995.,-49.3299060940014));
#9251=CARTESIAN_POINT('',(209.152104936703,995.,-56.4142307040993));
#9252=CARTESIAN_POINT('',(210.768170451048,995.,-61.7803422557778));
#9253=CARTESIAN_POINT('',(213.977856125373,995.,-69.0232711481912));
#9254=CARTESIAN_POINT('',(215.739816443097,995.,-71.6138077593464));
#9255=CARTESIAN_POINT('',(217.658894241382,995.,-73.2262846295552));
#9256=CARTESIAN_POINT('',(217.658894241382,995.,-78.4337918989182));
#9257=CARTESIAN_POINT('',(217.658894241382,995.,-78.4337918989182));
#9258=CARTESIAN_POINT('',(217.658894241382,995.,-78.4337918989182));
#9259=CARTESIAN_POINT('',(217.658894241382,995.,-76.6979561424639));
#9260=CARTESIAN_POINT('',(217.658894241382,995.,-74.9621203860095));
#9261=CARTESIAN_POINT('',(217.658894241382,995.,-73.2262846295552));
#9262=CARTESIAN_POINT('',(217.658894241382,995.,-73.2262846295552));
#9263=CARTESIAN_POINT('',(215.807152506194,995.,-78.3016216636552));
#9264=CARTESIAN_POINT('',(215.807152506194,995.,-78.3016216636552));
#9265=CARTESIAN_POINT('',(215.807152506194,995.,-78.3016216636552));
#9266=CARTESIAN_POINT('',(216.020383372671,995.,-78.3016216636552));
#9267=CARTESIAN_POINT('',(216.637630617733,995.,-78.3544897577604));
#9268=CARTESIAN_POINT('',(217.658894241382,995.,-78.4337918989182));
#9269=CARTESIAN_POINT('',(217.658894241382,995.,-78.4337918989182));
#9270=CARTESIAN_POINT('',(216.637630617733,995.,-78.3544897577604));
#9271=CARTESIAN_POINT('',(216.020383372671,995.,-78.3016216636552));
#9272=CARTESIAN_POINT('',(215.807152506194,995.,-78.3016216636552));
#9273=CARTESIAN_POINT('',(213.383054234676,995.,-78.4337918989182));
#9274=CARTESIAN_POINT('',(213.383054234676,995.,-78.4337918989182));
#9275=CARTESIAN_POINT('',(213.383054234676,995.,-78.4337918989182));
#9276=CARTESIAN_POINT('',(214.191086991849,995.,-78.3897351538305));
#9277=CARTESIAN_POINT('',(214.999119749022,995.,-78.3456784087428));
#9278=CARTESIAN_POINT('',(215.807152506194,995.,-78.3016216636552));
#9279=CARTESIAN_POINT('',(215.807152506194,995.,-78.3016216636552));
#9280=CARTESIAN_POINT('',(203.798887920433,995.,-136.456525179383));
#9281=CARTESIAN_POINT('',(203.798887920433,995.,-136.456525179383));
#9282=CARTESIAN_POINT('',(203.798887920433,995.,-136.456525179383));
#9283=CARTESIAN_POINT('',(205.134386505205,995.,-137.566755155593));
#9284=CARTESIAN_POINT('',(206.413771704062,995.,-138.14830419075));
#9285=CARTESIAN_POINT('',(209.488785252191,995.,-138.14830419075));
#9286=CARTESIAN_POINT('',(210.970736751669,995.,-136.747523040288));
#9287=CARTESIAN_POINT('',(213.181046045383,995.,-131.222583862968));
#9288=CARTESIAN_POINT('',(213.783261738617,995.,-127.125150844802));
#9289=CARTESIAN_POINT('',(213.701030088193,995.,-116.278535929229));
#9290=CARTESIAN_POINT('',(213.666126860751,995.,-110.850693982352));
#9291=CARTESIAN_POINT('',(213.540171715238,995.,-96.4265665927238));
#9292=CARTESIAN_POINT('',(213.461612974957,995.,-87.430179245821));
#9293=CARTESIAN_POINT('',(213.383054234676,995.,-78.4337918989182));
#9294=CARTESIAN_POINT('',(213.383054234676,995.,-78.4337918989182));
#9295=CARTESIAN_POINT('',(213.461612974957,995.,-87.430179245821));
#9296=CARTESIAN_POINT('',(213.540171715238,995.,-96.4265665927238));
#9297=CARTESIAN_POINT('',(213.666126860751,995.,-110.850693982352));
#9298=CARTESIAN_POINT('',(213.701030088193,995.,-116.278535929229));
#9299=CARTESIAN_POINT('',(213.783261738617,995.,-127.125150844802));
#9300=CARTESIAN_POINT('',(213.181046045383,995.,-131.222583862968));
#9301=CARTESIAN_POINT('',(210.970736751669,995.,-136.747523040288));
#9302=CARTESIAN_POINT('',(209.488785252191,995.,-138.14830419075));
#9303=CARTESIAN_POINT('',(206.413771704062,995.,-138.14830419075));
#9304=CARTESIAN_POINT('',(205.134386505205,995.,-137.566755155593));
#9305=CARTESIAN_POINT('',(203.798887920433,995.,-136.456525179383));
#9306=CARTESIAN_POINT('',(197.78353295037,995.,-128.764217487076));
#9307=CARTESIAN_POINT('',(197.78353295037,995.,-128.764217487076));
#9308=CARTESIAN_POINT('',(197.78353295037,995.,-128.764217487076));
#9309=CARTESIAN_POINT('',(200.802433112585,995.,-133.046533109598));
#9310=CARTESIAN_POINT('',(202.811292328333,995.,-135.6106356737));
#9311=CARTESIAN_POINT('',(203.798887920433,995.,-136.456525179383));
#9312=CARTESIAN_POINT('',(203.798887920433,995.,-136.456525179383));
#9313=CARTESIAN_POINT('',(202.811292328333,995.,-135.6106356737));
#9314=CARTESIAN_POINT('',(200.802433112585,995.,-133.046533109598));
#9315=CARTESIAN_POINT('',(197.78353295037,995.,-128.764217487076));
#9316=CARTESIAN_POINT('',(198.860909959934,995.,-123.688880452976));
#9317=CARTESIAN_POINT('',(198.860909959934,995.,-123.688880452976));
#9318=CARTESIAN_POINT('',(198.860909959934,995.,-123.688880452976));
#9319=CARTESIAN_POINT('',(198.501784290079,995.,-125.380659464342));
#9320=CARTESIAN_POINT('',(198.142658620224,995.,-127.072438475709));
#9321=CARTESIAN_POINT('',(197.78353295037,995.,-128.764217487076));
#9322=CARTESIAN_POINT('',(197.78353295037,995.,-128.764217487076));
#9323=CARTESIAN_POINT('',(206.043423357024,995.,-106.057371068889));
#9324=CARTESIAN_POINT('',(206.043423357024,995.,-106.057371068889));
#9325=CARTESIAN_POINT('',(206.043423357024,995.,-106.057371068889));
#9326=CARTESIAN_POINT('',(206.043423357024,995.,-115.044947066774));
#9327=CARTESIAN_POINT('',(205.729188395902,995.,-120.675399088979));
#9328=CARTESIAN_POINT('',(204.472248551411,995.,-125.222055182027));
#9329=CARTESIAN_POINT('',(203.652993117055,995.,-126.358719205289));
#9330=CARTESIAN_POINT('',(201.857364767782,995.,-126.358719205289));
#9331=CARTESIAN_POINT('',(200.600424923291,995.,-125.486395652553));
#9332=CARTESIAN_POINT('',(198.860909959934,995.,-123.688880452976));
#9333=CARTESIAN_POINT('',(198.860909959934,995.,-123.688880452976));
#9334=CARTESIAN_POINT('',(200.600424923291,995.,-125.486395652553));
#9335=CARTESIAN_POINT('',(201.857364767782,995.,-126.358719205289));
#9336=CARTESIAN_POINT('',(203.652993117055,995.,-126.358719205289));
#9337=CARTESIAN_POINT('',(204.472248551411,995.,-125.222055182027));
#9338=CARTESIAN_POINT('',(205.729188395902,995.,-120.675399088979));
#9339=CARTESIAN_POINT('',(206.043423357024,995.,-115.044947066774));
#9340=CARTESIAN_POINT('',(206.043423357024,995.,-106.057371068889));
#9341=CARTESIAN_POINT('',(205.774079104633,995.,-78.4337918989182));
#9342=CARTESIAN_POINT('',(205.774079104633,995.,-78.4337918989182));
#9343=CARTESIAN_POINT('',(205.774079104633,995.,-78.4337918989182));
#9344=CARTESIAN_POINT('',(205.804006243788,995.,-81.2358008864942));
#9345=CARTESIAN_POINT('',(205.837786656254,995.,-84.0377713685378));
#9346=CARTESIAN_POINT('',(205.893787661252,995.,-90.0559612530463));
#9347=CARTESIAN_POINT('',(205.923466807182,995.,-93.2721059616575));
#9348=CARTESIAN_POINT('',(205.983569078715,995.,-99.6779543801941));
#9349=CARTESIAN_POINT('',(206.01349621787,995.,-102.867662724542));
#9350=CARTESIAN_POINT('',(206.043423357024,995.,-106.057371068889));
#9351=CARTESIAN_POINT('',(206.043423357024,995.,-106.057371068889));
#9352=CARTESIAN_POINT('',(206.01349621787,995.,-102.867662724542));
#9353=CARTESIAN_POINT('',(205.983569078715,995.,-99.6779543801941));
#9354=CARTESIAN_POINT('',(205.923466807182,995.,-93.2721059616575));
#9355=CARTESIAN_POINT('',(205.893787661252,995.,-90.0559612530463));
#9356=CARTESIAN_POINT('',(205.837786656254,995.,-84.0377713685378));
#9357=CARTESIAN_POINT('',(205.804006243788,995.,-81.2358008864942));
#9358=CARTESIAN_POINT('',(205.774079104633,995.,-78.4337918989182));
#9359=CARTESIAN_POINT('',(198.860909959934,995.,-79.5704559221801));
#9360=CARTESIAN_POINT('',(198.860909959934,995.,-79.5704559221801));
#9361=CARTESIAN_POINT('',(198.860909959934,995.,-79.5704559221801));
#9362=CARTESIAN_POINT('',(201.004441301878,995.,-79.0417749811281));
#9363=CARTESIAN_POINT('',(203.305090124383,995.,-78.6716983223916));
#9364=CARTESIAN_POINT('',(205.774079104633,995.,-78.4337918989182));
#9365=CARTESIAN_POINT('',(205.774079104633,995.,-78.4337918989182));
#9366=CARTESIAN_POINT('',(203.305090124383,995.,-78.6716983223916));
#9367=CARTESIAN_POINT('',(201.004441301878,995.,-79.0417749811281));
#9368=CARTESIAN_POINT('',(198.860909959934,995.,-79.5704559221801));
#9369=CARTESIAN_POINT('',(197.155063028124,995.,-71.4023353829256));
#9370=CARTESIAN_POINT('',(197.794755627553,995.,-74.0193060411333));
#9371=CARTESIAN_POINT('',(198.367112163884,995.,-76.7420128875515));
#9372=CARTESIAN_POINT('',(198.860909959934,995.,-79.5704559221801));
#9373=CARTESIAN_POINT('',(198.860909959934,995.,-79.5704559221801));
#9374=CARTESIAN_POINT('',(198.367112163884,995.,-76.7420128875515));
#9375=CARTESIAN_POINT('',(197.794755627553,995.,-74.0193060411333));
#9376=CARTESIAN_POINT('',(197.155063028124,995.,-71.4023353829256));
#9377=CARTESIAN_POINT('',(201.876829098522,995.,-70.5465331095975));
#9378=CARTESIAN_POINT('',(0.,999.999999999999,-730.));
#9379=CARTESIAN_POINT('',(0.,999.999999999999,-730.));
#9380=CARTESIAN_POINT('',(0.,999.999999999999,-730.));
#9381=CARTESIAN_POINT('',(-25.,244.999999999999,30.));
#9382=CARTESIAN_POINT('',(-45.,244.999999999999,30.));
#9383=CARTESIAN_POINT('',(-25.,4.99999999999935,30.));
#9384=CARTESIAN_POINT('',(-45.,4.99999999999935,30.));
#9385=CARTESIAN_POINT('',(-25.,244.999999999999,30.));
#9386=CARTESIAN_POINT('',(-25.,244.999999999999,30.));
#9387=CARTESIAN_POINT('',(-25.,4.99999999999935,30.));
#9388=CARTESIAN_POINT('',(-100.,244.999999999999,30.));
#9389=CARTESIAN_POINT('',(-120.,244.999999999999,30.));
#9390=CARTESIAN_POINT('',(-100.,4.99999999999935,30.));
#9391=CARTESIAN_POINT('',(-120.,4.99999999999935,30.));
#9392=CARTESIAN_POINT('',(-100.,244.999999999999,30.));
#9393=CARTESIAN_POINT('',(-100.,244.999999999999,30.));
#9394=CARTESIAN_POINT('',(-100.,4.99999999999935,30.));
#9395=CARTESIAN_POINT('',(-175.,244.999999999999,30.));
#9396=CARTESIAN_POINT('',(-195.,244.999999999999,30.));
#9397=CARTESIAN_POINT('',(-175.,4.99999999999935,30.));
#9398=CARTESIAN_POINT('',(-195.,4.99999999999935,30.));
#9399=CARTESIAN_POINT('',(-175.,244.999999999999,30.));
#9400=CARTESIAN_POINT('',(-175.,244.999999999999,30.));
#9401=CARTESIAN_POINT('',(-175.,4.99999999999935,30.));
#9402=CARTESIAN_POINT('',(-250.,244.999999999999,30.));
#9403=CARTESIAN_POINT('',(-270.,244.999999999999,30.));
#9404=CARTESIAN_POINT('',(-250.,4.99999999999935,30.));
#9405=CARTESIAN_POINT('',(-270.,4.99999999999935,30.));
#9406=CARTESIAN_POINT('',(-250.,244.999999999999,30.));
#9407=CARTESIAN_POINT('',(-250.,244.999999999999,30.));
#9408=CARTESIAN_POINT('',(-250.,4.99999999999935,30.));
#9409=CARTESIAN_POINT('',(-325.,244.999999999999,30.));
#9410=CARTESIAN_POINT('',(-345.,244.999999999999,30.));
#9411=CARTESIAN_POINT('',(-325.,4.99999999999935,30.));
#9412=CARTESIAN_POINT('',(-345.,4.99999999999935,30.));
#9413=CARTESIAN_POINT('',(-325.,244.999999999999,30.));
#9414=CARTESIAN_POINT('',(-325.,244.999999999999,30.));
#9415=CARTESIAN_POINT('',(-325.,4.99999999999935,30.));
#9416=CARTESIAN_POINT('',(-400.,244.999999999999,30.));
#9417=CARTESIAN_POINT('',(-420.,244.999999999999,30.));
#9418=CARTESIAN_POINT('',(-400.,4.99999999999935,30.));
#9419=CARTESIAN_POINT('',(-420.,4.99999999999935,30.));
#9420=CARTESIAN_POINT('',(-400.,244.999999999999,30.));
#9421=CARTESIAN_POINT('',(-400.,244.999999999999,30.));
#9422=CARTESIAN_POINT('',(-400.,4.99999999999935,30.));
#9423=CARTESIAN_POINT('',(-475.,244.999999999999,30.));
#9424=CARTESIAN_POINT('',(-495.,244.999999999999,30.));
#9425=CARTESIAN_POINT('',(-475.,4.99999999999935,30.));
#9426=CARTESIAN_POINT('',(-495.,4.99999999999935,30.));
#9427=CARTESIAN_POINT('',(-475.,244.999999999999,30.));
#9428=CARTESIAN_POINT('',(-475.,244.999999999999,30.));
#9429=CARTESIAN_POINT('',(-475.,4.99999999999935,30.));
#9430=CARTESIAN_POINT('',(5.,895.,56.));
#9431=CARTESIAN_POINT('',(5.,895.,56.));
#9432=CARTESIAN_POINT('',(5.,1000.,56.));
#9433=CARTESIAN_POINT('',(5.,1000.,56.));
#9434=CARTESIAN_POINT('',(5.,1000.,50.));
#9435=CARTESIAN_POINT('',(4.99999999999998,895.,50.));
#9436=CARTESIAN_POINT('',(4.99999999999998,895.,50.));
#9437=CARTESIAN_POINT('',(5.,895.,56.));
#9438=CARTESIAN_POINT('',(5.,895.,56.));
#9439=CARTESIAN_POINT('',(5.,1000.,50.0000000000004));
#9440=CARTESIAN_POINT('',(445.,1000.,50.));
#9441=CARTESIAN_POINT('',(445.,985.,50.));
#9442=CARTESIAN_POINT('',(445.,895.,50.));
#9443=CARTESIAN_POINT('',(419.75,895.,50.));
#9444=CARTESIAN_POINT('',(419.75,895.,50.));
#9445=CARTESIAN_POINT('',(419.75,895.,50.));
#9446=CARTESIAN_POINT('',(419.75,985.,50.));
#9447=CARTESIAN_POINT('',(5.,985.,50.0000000000004));
#9448=CARTESIAN_POINT('',(30.25,985.,50.0000000000004));
#9449=CARTESIAN_POINT('',(30.25,895.,50.));
#9450=CARTESIAN_POINT('',(30.25,895.,50.));
#9451=CARTESIAN_POINT('',(4.99999999999998,895.,50.));
#9452=CARTESIAN_POINT('',(4.99999999999998,895.,50.));
#9453=CARTESIAN_POINT('',(30.25,985.,50.));
#9454=CARTESIAN_POINT('',(30.25,985.,56.));
#9455=CARTESIAN_POINT('',(30.25,895.,56.));
#9456=CARTESIAN_POINT('',(30.25,895.,56.));
#9457=CARTESIAN_POINT('',(30.25,895.,50.));
#9458=CARTESIAN_POINT('',(30.25,895.,50.));
#9459=CARTESIAN_POINT('',(445.,985.,56.));
#9460=CARTESIAN_POINT('',(419.75,985.,56.));
#9461=CARTESIAN_POINT('',(419.75,895.,56.));
#9462=CARTESIAN_POINT('',(419.75,895.,56.));
#9463=CARTESIAN_POINT('',(445.,895.,56.));
#9464=CARTESIAN_POINT('',(445.,895.,56.));
#9465=CARTESIAN_POINT('',(445.,985.,55.9999999999996));
#9466=CARTESIAN_POINT('',(445.,1000.,55.9999999999996));
#9467=CARTESIAN_POINT('',(445.,1000.,56.));
#9468=CARTESIAN_POINT('',(30.25,895.,56.));
#9469=CARTESIAN_POINT('',(30.25,895.,56.));
#9470=CARTESIAN_POINT('',(0.,895.,0.));
#9471=CARTESIAN_POINT('',(419.75,985.,56.));
#9472=CARTESIAN_POINT('',(0.,985.,0.));
#9473=CARTESIAN_POINT('',(445.,1000.,50.));
#9474=CARTESIAN_POINT('',(445.,895.,50.));
#9475=CARTESIAN_POINT('',(445.,985.,50.));
#9476=CARTESIAN_POINT('',(0.,1000.,0.));
#9477=CARTESIAN_POINT('',(419.75,895.,56.));
#9478=CARTESIAN_POINT('',(419.75,895.,56.));
#9479=CARTESIAN_POINT('',(0.,895.,0.));
#9480=MECHANICAL_DESIGN_GEOMETRIC_PRESENTATION_REPRESENTATION('',(#736,
#737,#477,#478,#479,#738,#480,#481,#482,#739,#483,#484,#485,#740,#486,#487,
#488,#741,#489,#490,#491,#742,#492,#493,#494,#743,#495,#496,#497,#744,#498,
#499,#500,#745,#501,#502,#503,#746,#504,#505,#506,#747,#507,#508,#509,#748,
#510,#511,#512,#749,#513,#514,#515,#750,#516,#517,#518,#519,#520,#521,#522,
#523,#524,#525,#526,#527,#528,#529,#530,#531,#532,#533,#534,#535,#536,#537,
#538,#539,#540,#541,#542,#543,#544,#545,#546,#547,#548,#549,#550,#551,#552,
#553,#554,#555,#556,#557,#558,#559,#560,#561,#562,#563,#564,#565,#566,#567,
#568,#569,#570,#571,#572,#573,#574,#575,#576,#577,#578,#579,#580,#581,#582,
#583,#584,#585,#586,#587,#588,#589,#590,#591,#592,#593,#594,#595,#596,#597,
#598,#599,#600,#601,#602,#603,#604,#605,#606,#607,#608,#609,#610,#611,#612,
#613,#614,#615,#616,#617,#618,#619,#620,#621,#622,#623,#624,#625,#626,#627,
#628,#629,#630,#631,#632,#633,#634,#635,#636,#637,#638,#639,#640,#641,#642,
#643,#644,#645,#646,#647,#648,#649,#650,#651,#652,#653,#654,#655,#656,#751,
#657,#658,#659,#752,#660,#661,#662,#753,#663,#664,#665,#754,#666,#667,#668,
#755,#669,#670,#671,#756,#672,#673,#674,#757,#675,#676,#677,#758),#9481);
#9481=(
GEOMETRIC_REPRESENTATION_CONTEXT(3)
GLOBAL_UNCERTAINTY_ASSIGNED_CONTEXT((#9482))
GLOBAL_UNIT_ASSIGNED_CONTEXT((#9488,#9484,#9483))
REPRESENTATION_CONTEXT('L','TOP_LEVEL_ASSEMBLY_PART')
);
#9482=UNCERTAINTY_MEASURE_WITH_UNIT(LENGTH_MEASURE(2.E-5),#9488,
'DISTANCE_ACCURACY_VALUE','Maximum Tolerance applied to model');
#9483=(
NAMED_UNIT(*)
SI_UNIT($,.STERADIAN.)
SOLID_ANGLE_UNIT()
);
#9484=(
CONVERSION_BASED_UNIT('DEGREE',#9486)
NAMED_UNIT(#9485)
PLANE_ANGLE_UNIT()
);
#9485=DIMENSIONAL_EXPONENTS(0.,0.,0.,0.,0.,0.,0.);
#9486=PLANE_ANGLE_MEASURE_WITH_UNIT(PLANE_ANGLE_MEASURE(0.0174532925),#9487);
#9487=(
NAMED_UNIT(*)
PLANE_ANGLE_UNIT()
SI_UNIT($,.RADIAN.)
);
#9488=(
LENGTH_UNIT()
NAMED_UNIT(*)
SI_UNIT(.MILLI.,.METRE.)
);
ENDSEC;
END-ISO-10303-21;
